feature	Feature1	Feature2	Feature3	Feature4	Feature5	Feature6	Feature7	Feature8	Feature9	Feature10	Feature13	Feature15	Feature16	Feature17	Feature18	Feature19	Feature20	Feature21	Feature22	Feature23	Feature24	Feature25	Feature28	Feature29	Feature30	Feature31	Feature32	Feature33	Feature34	Feature35	Feature36	Feature37	Feature38	Feature40	Feature41	Feature42	Feature43	Feature44	Feature45	Feature46	Feature48	Feature49	Feature50	Feature51	Feature52	Feature53	Feature54	Feature55	Feature56	Feature58	Feature59	Feature60	Feature62	Feature63	Feature64	Feature65	Feature66	Feature67	Feature68	Feature69	Feature70	Feature71	Feature72	Feature73	Feature74	Feature75	Feature76	Feature77	Feature78	Feature79	Feature80	Feature81	Feature82	Feature83	Feature84	Feature85	Feature86	Feature87	Feature88	Feature89	Feature90	Feature91	Feature92	Feature93	Feature94	Feature95	Feature96	Feature97	Feature98	Feature99	Feature100	Feature101
Sample1	9.40153965650497	NA	NA	NA	NA	NA	-2.54451370924146	NA	NA	NA	-1.12947620996261	NA	NA	NA	NA	NA	NA	NA	NA	-0.222585614354095	NA	NA	NA	NA	NA	NA	2.42511264171502	1.19245188492475	NA	-4.12947620996261	NA	NA	NA	NA	NA	7.78041687380743	NA	1.8478037135373	NA	NA	NA	NA	NA	NA	NA	NA	NA	-2.12947620996261	NA	NA	NA	NA	NA	NA	NA	NA	NA	NA	2.70341380420213	NA	NA	NA	NA	NA	NA	5.4498397276174	NA	NA	NA	6.57701980809857	NA	NA	NA	NA	NA	NA	-4.12947620996261	NA	NA	2.5570243172206	NA	NA	NA	3.01007514243618	4.58133022373674	NA	NA	2.78938702731198	NA	NA	NA	7.98035444431618
Sample2	NA	NA	NA	NA	NA	NA	NA	NA	NA	-3.70737048496421	0.897491573194647	NA	0.0114477624917326	NA	-0.970404890798008	NA	NA	NA	NA	-0.90001556290661	NA	NA	NA	NA	NA	NA	-3.70737048496421	3.28509584235038	NA	NA	NA	NA	NA	NA	NA	5.38406490135939	NA	1.93166868851273	NA	NA	NA	NA	NA	NA	NA	NA	NA	NA	NA	NA	-3.97040489079801	7.59945071753294	NA	NA	NA	-2.12240798424306	3.82531011570372	NA	NA	NA	NA	NA	NA	NA	-0.970404890798008	4.45585986390409	NA	NA	-2.29233298568537	3.43558746887783	4.57417322654083	NA	NA	-5.29233298568537	NA	NA	0.462554516478098	-0.361595648122484	NA	NA	NA	NA	NA	NA	10.237143323033	NA	NA	NA	NA	NA	NA	7.54233557200549
Sample3	NA	NA	NA	1.18364658353552	NA	NA	NA	NA	NA	NA	1.18364658353552	NA	NA	NA	NA	NA	NA	NA	NA	NA	NA	NA	NA	NA	NA	NA	NA	NA	NA	NA	NA	NA	NA	NA	NA	7.46904880239776	NA	3.18364658353552	NA	NA	NA	NA	NA	NA	NA	NA	NA	8.91156703809872	NA	NA	1.18364658353552	3.99100150559312	NA	NA	1.18364658353552	NA	NA	NA	NA	NA	NA	NA	NA	NA	NA	NA	NA	NA	NA	NA	NA	NA	NA	NA	NA	NA	NA	NA	NA	NA	NA	NA	NA	1.18364658353552	15.8120351620681	NA	NA	3.18364658353552	NA	NA	NA	12.5411985881536
Sample4	2.80656580767129	NA	NA	NA	NA	NA	NA	NA	NA	NA	NA	NA	NA	NA	NA	NA	NA	NA	NA	1.39152830839245	NA	NA	NA	NA	NA	NA	NA	-0.193434192328709	NA	NA	-0.193434192328709	NA	NA	NA	NA	4.6139207297289	NA	2.12849390255865	NA	5.99639036655131	NA	NA	NA	NA	0.806565807671291	NA	NA	3.12849390255865	NA	NA	NA	7.24950930352002	NA	NA	NA	NA	NA	NA	NA	NA	NA	NA	NA	NA	NA	NA	NA	NA	NA	NA	NA	NA	NA	3.80656580767129	NA	NA	-0.193434192328709	-0.193434192328709	NA	NA	NA	NA	NA	8.48956039135297	15.453630677284	NA	NA	NA	NA	NA	NA	12.2103767394573
Sample5	2.05618240757834	-4.031280433672	NA	NA	NA	3.63405548351318	-4.031280433672	NA	0.553682067049156	NA	0.492281522385013	NA	NA	NA	NA	NA	NA	2.13864456777031	NA	-3.031280433672	NA	NA	NA	NA	-4.031280433672	NA	-1.70935233878464	NA	NA	NA	NA	NA	NA	1.09800258327297	NA	9.1869800651253	NA	6.1044288524324	-0.124389838063481	NA	NA	NA	NA	NA	-0.446317932950844	NA	NA	1.58342941044321	NA	NA	NA	2.61257575610272	NA	NA	NA	NA	NA	NA	NA	NA	NA	NA	NA	NA	NA	NA	NA	NA	NA	NA	NA	NA	NA	NA	NA	NA	NA	3.04553516337883	NA	NA	NA	-4.031280433672	NA	8.32241777537604	3.75662212571943	NA	NA	NA	NA	NA	NA	6.66394785782375
Sample6	NA	NA	NA	NA	NA	NA	NA	-2.27358036318662	NA	NA	1.40449154192602	NA	NA	NA	NA	NA	6.33744443412073	-4.01054595735283	NA	NA	NA	NA	-1.13607683943669	NA	NA	NA	-1.78815353601638	NA	NA	NA	NA	NA	NA	NA	NA	NA	NA	0.0769168838975119	-1.89506873993289	NA	NA	-4.59550845807398	NA	NA	1.91228618212471	NA	NA	5.09971983342177	NA	NA	-1.27358036318662	5.32558863003281	NA	NA	NA	NA	NA	NA	NA	NA	NA	NA	NA	NA	NA	-0.737527462946411	NA	NA	NA	NA	NA	NA	NA	NA	NA	NA	NA	-5.59550845807398	NA	NA	NA	-1.89506873993289	NA	5.5491497847579	10.6385792098408	-0.508045616823644	NA	NA	NA	NA	NA	8.41397028781408
Sample7	4.89468852840094	NA	NA	NA	NA	NA	NA	NA	NA	NA	4.89468852840094	NA	NA	NA	NA	NA	NA	NA	NA	NA	NA	NA	NA	NA	NA	NA	NA	NA	NA	NA	NA	NA	NA	NA	NA	7.2166166232883	NA	7.4796510291221	NA	NA	NA	NA	NA	NA	5.89468852840094	NA	NA	5.89468852840094	NA	NA	NA	5.89468852840094	NA	NA	NA	NA	NA	NA	NA	NA	NA	NA	NA	NA	NA	NA	NA	NA	NA	NA	NA	NA	NA	NA	NA	NA	NA	NA	NA	NA	NA	NA	NA	NA	20.0771604773435	NA	NA	NA	NA	NA	NA	17.4478378039995
Sample8	NA	NA	NA	NA	NA	NA	NA	NA	-0.524764410303487	NA	2.28259051175412	NA	NA	NA	NA	NA	NA	-0.524764410303487	NA	NA	NA	NA	NA	NA	NA	NA	NA	NA	NA	NA	NA	NA	NA	-0.524764410303487	NA	8.75600635982712	NA	0.475235589696513	NA	NA	NA	NA	NA	NA	-0.524764410303487	NA	NA	3.56269843094685	NA	NA	1.79716368458388	6.70405428019239	NA	NA	NA	NA	NA	NA	6.38212618530503	NA	NA	NA	3.64516059113883	NA	NA	-0.524764410303487	NA	NA	-0.524764410303487	NA	NA	NA	NA	NA	NA	NA	NA	0.475235589696513	NA	NA	NA	NA	NA	2.06019809041767	13.2407288977622	NA	NA	NA	NA	NA	NA	10.0046661438427
Sample9	8.97432621756071	NA	NA	NA	1.28176883164051	NA	NA	NA	0.544803237474306	NA	-0.0401592632468498	NA	NA	NA	NA	NA	NA	NA	NA	1.37487823603199	NA	NA	NA	NA	NA	NA	NA	NA	NA	-1.04015926324685	NA	NA	NA	-1.62512176396801	NA	5.55975357894028	NA	4.7842691721697	-2.62512176396801	NA	NA	NA	NA	NA	2.07531795417309	NA	NA	6.72581741757843	NA	NA	NA	5.08912375369812	NA	8.03576550633456	NA	-0.0401592632468498	NA	NA	NA	NA	NA	NA	NA	NA	NA	11.3657799300955	NA	NA	NA	1.54480323747431	2.28176883164051	NA	NA	NA	NA	NA	NA	-2.62512176396801	NA	NA	NA	NA	NA	4.38610549145525	7.77469019535768	NA	NA	NA	NA	NA	5.1822331580896	8.90674701120955
Sample10	4.97078088469423	NA	NA	2.49273358788959	NA	NA	NA	NA	NA	NA	1.27034116655314	NA	NA	NA	NA	NA	1.85530366727429	3.93330617927557	NA	NA	3.81466168277695	NA	NA	NA	NA	NA	2.93330617927557	-1.31462133416802	NA	NA	NA	NA	NA	-0.314621334168018	NA	4.68537866583198	NA	4.17723176216166	NA	NA	NA	NA	NA	NA	NA	NA	NA	1.85530366727429	NA	NA	1.49273358788959	9.79716640163299	NA	NA	NA	NA	6.35071458301716	NA	NA	NA	NA	NA	NA	NA	NA	NA	NA	NA	NA	5.67406335260415	7.99599144749151	NA	NA	NA	NA	NA	NA	-1.31462133416802	NA	4.00730676071934	NA	NA	NA	5.44026616799545	14.1449063413993	NA	NA	NA	NA	NA	NA	11.0213272310343
Sample11	NA	NA	0.498756134141502	NA	NA	NA	NA	0.498756134141502	NA	NA	NA	NA	0.498756134141502	NA	NA	NA	NA	NA	NA	NA	0.498756134141502	NA	NA	NA	NA	NA	NA	NA	NA	NA	NA	NA	NA	NA	NA	9.28011584766616	NA	4.4987561341415	NA	NA	NA	NA	NA	NA	4.08371863486266	NA	NA	7.35673712926907	NA	NA	0.498756134141502	5.08371863486266	NA	0.498756134141502	NA	NA	1.4987561341415	NA	NA	NA	NA	NA	NA	NA	NA	NA	NA	NA	1.4987561341415	NA	NA	NA	NA	NA	NA	NA	NA	NA	NA	3.30611105619911	4.40564672975002	NA	NA	7.05334498581914	15.030807609888	NA	5.54315025349996	NA	NA	NA	NA	12.0562198357393
Sample12	3.87578520025249	NA	NA	NA	NA	NA	NA	NA	NA	NA	1.29082269953133	NA	NA	NA	NA	NA	NA	NA	NA	NA	3.61275079441869	NA	NA	NA	NA	NA	NA	5.09817762158894	NA	NA	NA	NA	NA	NA	NA	4.29082269953133	NA	5.68314012231009	NA	NA	NA	NA	NA	NA	NA	NA	NA	9.12371271369607	NA	NA	1.29082269953133	NA	NA	NA	NA	NA	NA	NA	NA	NA	NA	NA	NA	NA	NA	NA	NA	NA	NA	NA	NA	NA	NA	NA	NA	NA	NA	NA	NA	NA	NA	NA	NA	NA	16.6990529132012	NA	NA	NA	NA	NA	NA	15.0824943496111
Sample13	NA	NA	NA	NA	NA	NA	NA	-2.20785517448868	NA	NA	-0.182320082381542	0.270192122315965	NA	NA	NA	NA	NA	NA	NA	NA	NA	3.30671799834108	NA	NA	NA	NA	NA	-1.01521009654628	NA	NA	NA	NA	NA	NA	NA	3.19667819799972	NA	5.17276049543792	NA	NA	NA	NA	NA	NA	2.50442615629693	NA	NA	1.82399369155066	NA	NA	NA	5.53793917905226	NA	NA	NA	NA	NA	NA	NA	NA	NA	NA	NA	NA	NA	6.33766095813171	NA	NA	NA	NA	2.6921490355346	NA	NA	NA	NA	-1.84528509510397	NA	NA	NA	-0.207855174488679	7.69322720241901	NA	NA	3.84432468983637	6.94316136440357	NA	NA	NA	NA	NA	NA	6.05054260527069
Sample14	9.0802896411475	NA	NA	NA	NA	NA	-1.25249287157456	NA	NA	NA	1.55486205048305	NA	NA	NA	-0.837455372295713	NA	NA	NA	NA	NA	NA	NA	NA	NA	NA	NA	NA	NA	NA	NA	NA	NA	NA	-2.83745537229571	NA	8.69879184339242	NA	6.60755947357271	-0.0301004502381085	9.47741105875746	NA	NA	NA	NA	NA	NA	NA	NA	NA	-0.837455372295713	NA	5.97311626244543	NA	NA	NA	NA	-0.51552727740835	NA	-0.0301004502381085	NA	13.9247060301601	NA	NA	NA	NA	NA	NA	NA	NA	NA	1.62197624634158	NA	NA	NA	NA	NA	NA	0.48447272259165	NA	3.22863381816206	NA	NA	NA	4.84202472720973	4.48447272259165	NA	NA	NA	NA	NA	NA	10.8092158330861
Sample15	NA	NA	NA	NA	NA	NA	NA	-0.665669288302147	-0.218210311330926	-2.12510090693944	-2.54013840621829	NA	-3.12510090693944	NA	NA	NA	NA	NA	NA	NA	NA	NA	NA	NA	NA	NA	NA	4.57186661929484	NA	NA	NA	NA	NA	NA	NA	8.68386326797982	NA	4.57880266650522	NA	NA	NA	NA	NA	NA	NA	NA	NA	9.94979315721358	NA	NA	NA	3.02464621256524	NA	NA	NA	NA	NA	NA	NA	NA	NA	NA	1.08435245868951	NA	NA	NA	NA	NA	NA	NA	NA	NA	NA	NA	NA	-1.12510090693944	NA	NA	NA	NA	5.83200113462284	-0.31774598488184	NA	6.90073076139258	9.34568504882486	NA	NA	NA	NA	NA	NA	8.31161063519777
Sample16	7.05458503499745	NA	NA	NA	NA	NA	NA	NA	2.1719419856356	NA	NA	NA	NA	NA	NA	NA	11.5022987025935	NA	NA	NA	NA	3.92682948779907	NA	NA	NA	NA	NA	NA	NA	-0.828058014364396	NA	NA	NA	NA	NA	8.11738582201352	NA	5.02992298076318	1.75690448635676	NA	NA	NA	NA	NA	2.1719419856356	NA	NA	4.5982067403377	NA	NA	NA	5.78665182975081	0.75690448635676	NA	NA	NA	3.75690448635676	NA	NA	NA	NA	NA	NA	NA	NA	NA	NA	NA	NA	11.0852054162644	NA	NA	NA	NA	NA	NA	-0.828058014364396	NA	NA	2.6313736042729	NA	NA	NA	5.07883258124412	9.5749540092106	NA	NA	NA	NA	NA	NA	11.4616727257194
Sample17	NA	NA	NA	-3.8425254415997	NA	NA	NA	NA	NA	NA	-2.0351705195421	NA	NA	NA	NA	NA	NA	NA	NA	NA	NA	NA	NA	NA	NA	NA	-1.16070140162596	-3.62013302026326	NA	NA	NA	NA	NA	NA	NA	3.98031090790111	NA	0.0237231695114681	NA	NA	NA	NA	NA	NA	NA	NA	NA	NA	NA	NA	NA	NA	-1.12370719414376	NA	NA	NA	4.81895577479643	NA	NA	NA	NA	NA	NA	NA	-4.1055598474335	NA	NA	NA	-4.62013302026326	1.76972875078919	3.44210590091992	NA	NA	-3.1055598474335	NA	2.51502656301838	-0.35067234527003	-3.62013302026326	NA	-1.42748794232086	NA	NA	NA	1.21636824745386	6.9488409730953	NA	-0.405120129292406	NA	NA	NA	NA	6.644979665921
Sample18	5.4359894886209	NA	NA	0.912427532563885	NA	NA	NA	NA	NA	NA	NA	NA	NA	NA	NA	NA	NA	NA	NA	NA	NA	NA	NA	NA	NA	NA	NA	0.912427532563885	NA	NA	NA	NA	NA	NA	NA	5.89732064017368	NA	4.37185915120118	NA	NA	NA	NA	NA	NA	8.98924312961472	NA	NA	3.49739003328504	NA	NA	0.912427532563885	5.61286725070498	NA	13.8810943257591	NA	NA	-0.672534968157271	NA	NA	NA	NA	NA	NA	NA	NA	9.21924873506104	NA	NA	NA	1.32746503184273	NA	NA	NA	NA	NA	NA	NA	1.91242753256389	NA	6.72834446812491	NA	NA	NA	4.32746503184273	10.4116090424579	NA	NA	NA	NA	NA	NA	11.1243158271099
Sample19	NA	NA	NA	NA	0.0267735646136715	NA	0.0267735646136715	NA	NA	NA	NA	NA	NA	NA	NA	NA	NA	NA	NA	NA	NA	NA	NA	NA	NA	NA	NA	NA	NA	NA	NA	NA	NA	NA	NA	5.90941661397551	NA	3.19669856605598	NA	NA	NA	NA	NA	NA	NA	NA	NA	8.00405348811359	NA	NA	NA	8.52661945169688	NA	NA	NA	NA	10.9463818032169	NA	NA	NA	NA	NA	1.61173606533483	NA	NA	NA	NA	NA	NA	NA	NA	NA	NA	NA	NA	NA	2.83412848667128	NA	NA	NA	NA	NA	NA	6.58136241629131	15.4207337472749	NA	NA	NA	NA	NA	NA	12.6501978544836
Sample20	5.53506968013333	NA	NA	1.23494595556432	3.75850791162133	7.65953218181542	-0.50201963860189	NA	NA	NA	-0.50201963860189	NA	NA	NA	NA	NA	NA	NA	NA	0.720372782734558	NA	NA	-3.08698213932305	NA	NA	NA	-0.279627217265442	NA	NA	NA	NA	NA	NA	NA	NA	9.10376851033931	NA	6.68615706739665	NA	NA	NA	NA	NA	NA	4.03195893340046	NA	NA	NA	NA	NA	0.720372782734558	NA	NA	NA	NA	NA	NA	NA	NA	NA	NA	NA	NA	NA	NA	NA	NA	NA	NA	NA	NA	NA	NA	NA	NA	NA	3.72037278273456	1.91301786067695	NA	NA	NA	-3.08698213932305	NA	NA	8.03325573801891	NA	NA	NA	NA	NA	NA	7.13822529762046
Sample21	NA	NA	NA	NA	NA	NA	0.465363406224787	NA	NA	NA	NA	NA	NA	NA	NA	NA	NA	NA	NA	-0.615556589158781	NA	NA	NA	NA	NA	NA	NA	NA	-1.48817728268255	-1.00856778210763	NA	-4.63792440218724	NA	NA	NA	4.19733651644025	NA	-0.817745439772048	NA	NA	NA	-2.28037239756915	NA	NA	2.00412729074074	NA	NA	5.39601473853915	NA	NA	2.85593104705359	4.89272577756278	NA	NA	NA	NA	7.18623880755692	NA	NA	NA	NA	NA	NA	NA	NA	NA	NA	-5.63792440218724	-4.83056948012963	NA	NA	NA	NA	NA	NA	NA	4.82125103336479	-3.17849278354994	-3.73103380657872	3.67835712955898	NA	-1.96549906021574	NA	3.64978797736221	5.17785914194095	NA	NA	NA	NA	NA	NA	5.20580040411192
Sample22	NA	NA	NA	1.67641810210594	NA	NA	NA	NA	NA	NA	2.31384802272123	NA	NA	NA	NA	NA	NA	1.67641810210594	NA	NA	NA	NA	NA	NA	NA	NA	NA	NA	NA	NA	NA	NA	NA	NA	NA	2.89881052344239	NA	5.23441355522683	NA	NA	NA	NA	NA	NA	5.44900760600287	NA	NA	5.03005505672064	NA	NA	5.63577611760859	4.23441355522683	NA	NA	NA	NA	11.2798383919549	NA	NA	NA	NA	NA	0.0914556013847827	NA	NA	NA	NA	NA	NA	NA	NA	NA	NA	NA	NA	NA	NA	NA	NA	4.89881052344239	NA	NA	NA	NA	6.78261750593786	NA	NA	NA	NA	NA	NA	10.2428950319819
Sample23	5.31098440997722	NA	NA	NA	NA	NA	NA	NA	NA	NA	-2.23038882219626	NA	NA	NA	NA	NA	NA	4.67821824600128	NA	NA	NA	NA	NA	-0.867818742811547	0.662695973887233	NA	0.0497190969964803	4.46409344064844	NA	NA	NA	NA	NA	NA	NA	5.30876998891178	NA	6.7860215355358	NA	NA	NA	NA	NA	NA	5.26031882346516	NA	NA	0.820237250873713	NA	NA	NA	2.32857846999196	NA	NA	NA	NA	NA	NA	NA	NA	NA	NA	NA	NA	NA	NA	NA	-4.03774374425386	-0.282856242090391	NA	8.33783876823665	NA	NA	NA	NA	NA	NA	3.57328105305349	NA	-0.789816230810274	NA	NA	NA	4.49753163236694	5.88335334385293	NA	NA	0.388521010448239	NA	NA	7.46806780966573	7.7688058777321
Sample24	NA	NA	NA	NA	NA	NA	NA	NA	NA	NA	-1.38900373408942	NA	NA	NA	NA	NA	NA	NA	NA	-4.81526848879152	NA	NA	NA	NA	-7.81526848879152	-3.81526848879152	NA	0.413550201704362	NA	NA	NA	NA	NA	NA	1.54228351582656	8.03080949738108	NA	2.26688055256235	-6.81526848879152	NA	NA	NA	NA	NA	1.15627506515925	NA	NA	2.26288231894313	NA	NA	NA	6.27020397038976	NA	NA	NA	NA	0.644163129845779	NA	0.982393037062241	NA	NA	NA	NA	NA	NA	NA	NA	-4.00791356673391	NA	0.0112799984993961	5.78916891233668	NA	NA	NA	NA	NA	NA	2.57597510063592	NA	NA	NA	NA	NA	1.68457739829169	7.16263746858279	NA	1.48164771808777	NA	NA	NA	NA	6.14274039486542
Sample25	9.08790304978903	NA	NA	0.336490264134138	NA	NA	-1.24847223658702	NA	NA	NA	3.92380818585342	NA	NA	NA	NA	NA	NA	NA	NA	NA	NA	NA	NA	NA	NA	NA	-3.7509725771162	NA	NA	NA	NA	NA	NA	NA	NA	7.93304545381248	NA	5.27601186398262	-1.63549535969627	NA	NA	-1.52858015577975	NA	NA	NA	NA	NA	NA	NA	-2.16601007639505	-1.7509725771162	2.50955497310702	1.92145276485529	NA	NA	NA	NA	NA	6.2970601193056	NA	NA	NA	NA	NA	NA	NA	NA	NA	NA	-0.943617655058598	0.0563823449414021	NA	NA	NA	NA	NA	NA	-1.87650345920006	NA	0.57095551777116	NA	3.19934029878344	NA	1.17185956236134	8.3530800940612	NA	NA	NA	NA	NA	NA	7.54918928926674
Sample26	7.85824047234246	NA	NA	-1.94372309532063	NA	NA	NA	NA	0.563236893399255	NA	-3.10418776751387	NA	NA	NA	NA	-1.76538585406212	NA	NA	5.46455077143034	NA	3.87376552591233	NA	NA	NA	NA	NA	-4.0217256073219	4.28863471217216	NA	NA	NA	NA	NA	NA	NA	6.4436140477753	NA	7.85790018398026	-7.19165060876421	NA	3.82027545754259	NA	NA	NA	2.81957664665904	NA	NA	7.32053429468159	NA	NA	0.480774733207282	3.2779912084753	NA	NA	NA	NA	NA	NA	NA	NA	NA	NA	NA	NA	NA	-2.79933318598545	NA	-4.86972251387685	NA	NA	NA	NA	NA	NA	NA	NA	NA	NA	NA	0.932470703064974	NA	NA	NA	4.74056414320417	NA	NA	NA	NA	NA	NA	NA	7.19804794357097
Sample27	7.92608392331987	NA	NA	NA	-2.84457996959689	NA	NA	NA	NA	-2.84457996959689	NA	NA	NA	NA	NA	NA	NA	NA	NA	-0.259617468875738	NA	NA	NA	NA	NA	NA	-0.844579969596893	NA	NA	NA	NA	NA	NA	-2.84457996959689	NA	5.57748479657592	-1.84457996959689	4.8136315131549	NA	NA	NA	NA	NA	NA	NA	NA	NA	3.74038253112426	NA	NA	0.962774952460711	-0.259617468875738	-1.84457996959689	NA	NA	NA	NA	NA	NA	NA	NA	NA	NA	NA	NA	NA	NA	NA	NA	7.25345211336363	NA	NA	NA	NA	NA	NA	2.40334754384669	4.33532912041804	NA	0.325345031845419	NA	NA	NA	NA	9.82031169968919	0.740382531124263	2.15542003040311	NA	NA	NA	NA	9.48717674265858
Sample28	3.05217563806246	NA	NA	NA	NA	NA	NA	NA	NA	-1.35381672161338	NA	NA	NA	NA	NA	NA	NA	-1.86838989444314	NA	-1.35381672161338	NA	NA	NA	NA	NA	NA	NA	NA	NA	NA	NA	NA	NA	0.750519938201357	NA	10.4663223427103	NA	5.17756473890293	-3.09078231577959	NA	NA	NA	NA	NA	4.37953761900045	-4.67574481650074	NA	NA	NA	NA	NA	NA	-1.86838989444314	NA	NA	NA	3.04535437220644	NA	NA	-3.67574481650074	NA	NA	-3.09078231577959	NA	NA	NA	NA	NA	NA	0.783686802136556	0.453538200444225	NA	NA	NA	NA	NA	-3.67574481650074	2.69057739774507	NA	NA	NA	-0.768854220892223	NA	8.33303393177976	3.44319625622277	NA	2.14443414591445	NA	NA	NA	NA	7.59805078271352
Sample29	14.3972568068688	NA	NA	NA	NA	4.17333832588017	NA	NA	NA	NA	4.74162208545469	NA	-0.684642669247406	NA	NA	NA	NA	NA	0.90031983147375	-0.684642669247406	NA	NA	NA	NA	NA	NA	NA	-0.684642669247406	NA	NA	NA	NA	NA	NA	NA	3.01579704889369	NA	3.22224792636111	NA	NA	NA	NA	NA	NA	2.63728542563996	NA	NA	7.88900451824592	NA	NA	NA	NA	NA	NA	NA	NA	-0.684642669247406	NA	NA	NA	NA	NA	NA	NA	NA	2.48528233219491	NA	NA	NA	NA	NA	NA	NA	NA	NA	NA	NA	NA	NA	1.63728542563996	NA	NA	NA	6.79109076171899	7.17954347540687	NA	3.56328484419618	3.95921352052732	NA	NA	NA	11.3774034684731
Sample30	NA	NA	NA	NA	1.66983875581931	NA	-2.43449790399543	NA	-0.898445003755218	NA	-2.94907107682519	NA	NA	NA	NA	NA	NA	-1.43449790399543	NA	0.197770311504085	3.62511695230179	NA	NA	NA	NA	NA	NA	0.0249337146418692	NA	NA	NA	NA	NA	-5.75642599888279	NA	6.11701811363259	NA	5.79816285279485	-5.75642599888279	NA	NA	-2.17146349816163	NA	NA	0.858283845232418	NA	NA	4.86745549113067	NA	NA	4.44201904256957	2.02493371464187	-1.36410857610403	NA	NA	NA	2.62727829359126	NA	NA	NA	NA	NA	NA	NA	NA	NA	NA	NA	0.126217050479051	-5.75642599888279	NA	NA	NA	NA	-4.75642599888279	NA	-1.5084984854392	-0.330161244180692	NA	7.65984374564042	NA	NA	NA	NA	NA	NA	NA	2.47239269161309	NA	NA	NA	6.79672327671576
Sample31	8.135108645888	NA	NA	NA	NA	NA	NA	NA	NA	NA	NA	NA	NA	NA	NA	NA	NA	NA	NA	-1.09994821681911	NA	NA	NA	NA	NA	NA	NA	NA	NA	NA	NA	NA	NA	0.278563406434624	NA	7.50441968307464	NA	4.4361046834211	1.62251780765198	9.14560448943658	NA	NA	NA	NA	0.578123688293531	NA	NA	NA	NA	NA	NA	6.25408072123528	NA	NA	NA	NA	NA	NA	4.17803653048066	NA	NA	NA	NA	NA	NA	NA	NA	NA	NA	8.73009155926172	2.46076673765537	NA	NA	-2.42187631170647	NA	-3.42187631170647	-0.836913810985313	3.13271253997117	NA	6.06193946555779	NA	-1.42187631170647	NA	4.84491022898843	2.82605120173712	NA	NA	NA	NA	NA	NA	9.51126105655024
Sample32	9.21625078999454	NA	NA	NA	NA	NA	NA	NA	NA	NA	NA	NA	NA	NA	NA	NA	NA	NA	NA	-0.541972424732181	NA	NA	NA	NA	NA	NA	NA	1.04299007598898	NA	NA	NA	NA	NA	NA	NA	9.54946296159143	NA	6.04299007598898	NA	NA	NA	NA	NA	NA	-0.541972424732181	NA	NA	7.11623905801961	NA	NA	NA	7.33454452183282	NA	NA	NA	NA	NA	NA	NA	NA	NA	NA	NA	NA	NA	9.05794041745495	NA	NA	NA	NA	NA	NA	NA	NA	NA	NA	NA	3.15846729340891	NA	NA	NA	NA	NA	NA	13.6449155852978	NA	NA	NA	NA	NA	NA	12.6413527997924
Sample33	NA	NA	NA	NA	NA	NA	NA	-3.62938527308138	NA	-2.25087364982766	4.67530828438962	NA	NA	NA	NA	NA	NA	NA	NA	NA	NA	NA	NA	NA	NA	NA	-1.30745717819402	NA	NA	-2.78138836652643	NA	NA	NA	NA	NA	7.29780008474498	NA	6.88631456520266	NA	NA	NA	NA	NA	NA	1.60327548370889	NA	NA	5.53953750877155	NA	NA	NA	0.856041554088857	NA	NA	NA	NA	NA	NA	NA	NA	NA	NA	NA	NA	-4.95131336796875	NA	NA	NA	NA	NA	NA	NA	NA	NA	NA	NA	1.20855796880964	NA	NA	NA	NA	-5.95131336796875	NA	6.40017804135127	7.40637608199226	NA	4.9105489720904	0.406238636649336	NA	NA	NA	7.96577894775539
Sample34	NA	NA	NA	NA	-2.11439919644279	NA	NA	NA	NA	NA	2.59984632122333	NA	NA	NA	NA	NA	NA	0.345032422194505	NA	0.345032422194505	3.20752889844457	NA	NA	2.15238734425211	NA	NA	NA	NA	NA	NA	NA	NA	NA	0.885600803557208	NA	5.82223874255978	NA	4.14298864624986	NA	NA	NA	NA	NA	NA	3.12400554288229	NA	NA	-2.11439919644279	NA	NA	NA	2.17100302241946	1.83979711394408	NA	NA	NA	11.3685662786586	NA	6.39537580788414	NA	NA	NA	NA	NA	NA	NA	NA	NA	-1.52943669572164	4.24754457729245	NA	NA	NA	NA	NA	-0.4139594783017	0.973063644807547	NA	NA	1.52945699333193	NA	NA	NA	5.67676369211223	5.70896804360344	NA	2.8513850882193	NA	NA	NA	NA	8.26957503616506
Sample35	NA	NA	NA	NA	NA	4.58392045800065	NA	-0.278475827614913	NA	NA	NA	NA	NA	NA	NA	NA	NA	NA	NA	NA	NA	-2.0698892058035	NA	NA	NA	NA	NA	NA	NA	-4.77032892394459	NA	NA	NA	NA	NA	6.06631322508126	NA	7.14452332657041	0.112314125417253	NA	NA	NA	NA	NA	NA	NA	NA	2.97450491355496	NA	NA	NA	3.80426460339302	NA	-1.44840082905723	NA	NA	NA	NA	NA	NA	NA	NA	NA	NA	-0.641045906999622	-4.77032892394459	NA	NA	NA	NA	NA	NA	NA	NA	NA	NA	0.51507329491766	7.7937610083785	NA	6.33656112114763	NA	NA	NA	4.44095102353742	-0.620581804439906	NA	NA	NA	NA	NA	NA	5.86062070288828
Sample36	NA	NA	NA	NA	NA	0.756983409206969	NA	NA	NA	NA	-0.326432598980668	NA	NA	NA	NA	NA	NA	NA	NA	0.420801330639365	NA	NA	NA	NA	-3.39682192687207	NA	NA	-2.25931840312213	-6.71875002175943	NA	NA	-3.54882502031712	NA	-0.133787521038272	NA	7.03248019191872	NA	-1.81185942615091	-5.71875002175943	NA	NA	NA	NA	NA	5.51367090541665	NA	NA	7.18541416098295	NA	NA	NA	NA	-3.13378752103827	NA	NA	NA	NA	NA	NA	NA	NA	NA	NA	NA	NA	NA	NA	NA	-1.16416117008179	5.89618982555131	5.69461345945154	NA	-3.13378752103827	-5.71875002175943	NA	NA	-2.25931840312213	-2.32643259898067	NA	5.22669381461848	NA	NA	NA	5.54686502472503	5.32666837527136	NA	NA	NA	NA	NA	NA	7.68332938274202
Sample37	6.97383531035	NA	NA	NA	NA	NA	NA	NA	NA	NA	-1.9996229021975	NA	NA	0.00037709780249596	NA	-2.58458540291866	NA	NA	NA	-1.2626573080313	1.44516194047539	NA	NA	NA	-1.36219298158221	NA	NA	-0.710116285002519	NA	NA	-2.58458540291866	NA	NA	NA	NA	5.99975079215303	NA	3.72526985966813	-0.215351593252941	NA	NA	NA	NA	NA	NA	NA	NA	6.21793096220256	NA	NA	NA	6.92188748268379	NA	-1.16954790363982	NA	NA	-1.9996229021975	NA	NA	-1.71011628500252	NA	NA	NA	NA	NA	5.6570005836511	NA	NA	-0.362192981582212	NA	4.13651378578852	NA	NA	NA	NA	NA	NA	2.86937108565249	NA	NA	NA	2.60523915596136	NA	2.196774310606	9.419986212249	NA	NA	NA	NA	NA	NA	8.54018213290381
Sample38	8.19021903566951	NA	NA	-1.80696044526811	NA	NA	NA	NA	-3.22199794454695	NA	-0.80696044526811	NA	-4.80696044526811	NA	NA	-4.80696044526811	NA	NA	0.514967649619252	NA	NA	NA	NA	-3.80696044526811	NA	NA	NA	NA	NA	NA	NA	NA	NA	NA	-1.6370354438258	8.10985205244172	NA	1.00039447678949	NA	NA	NA	NA	NA	NA	1.79295239691902	NA	NA	-0.163104255493386	NA	-3.80696044526811	-4.80696044526811	6.12155792998978	-1.80696044526811	NA	NA	NA	NA	NA	0.362964556174202	NA	NA	NA	NA	NA	NA	NA	NA	NA	NA	3.39271189956825	-2.48503235038075	NA	NA	NA	NA	NA	NA	5.51609431507354	NA	3.34785766378399	NA	NA	NA	3.6928854418151	3.48305840166451	1.09993015034041	NA	NA	NA	NA	NA	6.30938351596936
Sample39	NA	NA	NA	2.70405427525097	NA	NA	NA	NA	NA	NA	-0.617873819636392	NA	NA	NA	NA	NA	NA	NA	NA	0.119091774529815	2.75135999002933	2.96708868108476	NA	NA	NA	NA	NA	4.25659529827975	NA	NA	NA	NA	NA	NA	NA	6.73085433459469	NA	6.51484010270885	NA	NA	NA	NA	NA	NA	4.85244611514364	NA	NA	NA	NA	NA	-2.20283632035755	5.49760339778354	NA	NA	NA	NA	NA	NA	NA	NA	NA	NA	NA	NA	NA	8.58832656819747	NA	NA	1.25659529827975	NA	NA	NA	NA	NA	NA	NA	NA	NA	NA	6.64578662007179	NA	NA	NA	4.24010717549118	13.4421746902376	NA	NA	NA	NA	NA	NA	11.1640322658095
Sample40	6.58134495243273	NA	NA	NA	NA	NA	-1.08922700003425	NA	2.47555761874927	NA	-0.0469161951762867	NA	NA	NA	NA	NA	NA	NA	NA	-1.17776367463591	1.93419734547708	NA	NA	NA	NA	NA	NA	3.75267425542546	NA	-7.48154442281301	NA	NA	NA	NA	NA	8.39813454383685	NA	4.41705696459093	1.05373095380779	NA	NA	NA	NA	NA	5.6498302730275	NA	NA	6.63950336587391	NA	NA	NA	2.51704600693232	NA	NA	NA	NA	NA	NA	3.21368386868274	NA	NA	NA	NA	NA	NA	NA	-1.14169441992839	NA	NA	NA	NA	NA	NA	NA	NA	-2.19614220395076	2.5505013041178	2.02823058151393	NA	NA	NA	NA	NA	7.40214893570206	7.562294575687	NA	NA	NA	NA	NA	NA	7.29488860963172
Sample41	6.99930428873104	NA	NA	NA	10.006798825278	NA	NA	NA	NA	1.86685399270739	-0.833585725433701	NA	NA	NA	NA	NA	-1.8335857254337	NA	NA	NA	NA	NA	NA	NA	NA	NA	-1.8335857254337	-1.8335857254337	NA	NA	NA	NA	NA	NA	NA	8.92380428393294	NA	4.65826737089597	NA	NA	NA	NA	8.42498030845623	NA	6.17203882376018	NA	NA	0.166414274566299	NA	NA	NA	3.45181649342855	-0.833585725433701	0.751376775287455	NA	NA	NA	NA	NA	NA	NA	NA	NA	NA	NA	8.33508639269853	NA	NA	NA	4.45181649342855	0.973769196623903	NA	NA	NA	NA	NA	NA	NA	NA	2.07330487017482	NA	NA	NA	NA	9.94037764299986	NA	NA	NA	NA	NA	NA	9.56034095020672
Sample42	NA	NA	NA	3.06293519336954	NA	NA	NA	NA	NA	NA	2.06293519336954	NA	NA	NA	NA	NA	NA	NA	NA	1.74100709848218	2.74100709848218	NA	NA	NA	NA	NA	NA	NA	NA	NA	NA	NA	NA	NA	NA	7.87543341870311	NA	3.32596959920334	NA	NA	NA	NA	NA	NA	3.91093209992449	NA	NA	2.91093209992449	NA	NA	NA	NA	NA	NA	NA	NA	NA	NA	3.06293519336954	NA	NA	NA	NA	NA	NA	NA	NA	NA	NA	3.6478976940907	NA	NA	NA	NA	NA	NA	NA	NA	NA	NA	NA	-0.258992901517818	NA	NA	13.7636349893362	NA	NA	NA	NA	NA	NA	10.675435139109
Sample43	3.48484263772448	NA	NA	NA	-1.75462329697091	NA	NA	NA	NA	NA	-1.92454829841322	NA	-2.11719337635562	NA	NA	NA	NA	NA	NA	-1.60262020352586	0.908341715751518	NA	NA	NA	NA	NA	NA	1.09781951461523	NA	NA	NA	NA	NA	NA	NA	2.60683316210309	NA	0.630040553264414	-1.0176577028047	NA	NA	NA	NA	NA	NA	NA	NA	10.1909018248701	NA	NA	NA	3.93032008484701	NA	NA	-0.465116679775926	-3.92454829841322	NA	NA	-2.11719337635562	NA	NA	NA	NA	NA	NA	7.96210091495875	NA	-3.92454829841322	-0.465116679775926	NA	2.4504911329337	NA	NA	NA	NA	NA	NA	NA	NA	4.73900980580405	NA	-2.92454829841322	NA	1.76195222877	6.86986756793688	NA	NA	NA	NA	NA	NA	7.97669573405415
Sample44	4.50527228948412	NA	NA	NA	-3.37533161460412	NA	-1.15293919326767	NA	NA	-0.375331614604118	-0.500862496687977	NA	NA	NA	NA	-0.790369113882962	NA	1.95856912194932	NA	-4.96029411532527	NA	NA	-3.96029411532527	NA	NA	NA	NA	2.35258883995908	NA	-3.37533161460412	NA	NA	NA	NA	NA	7.99571896276283	NA	1.62466838539588	-2.96029411532527	NA	NA	NA	NA	NA	6.13576212385567	NA	NA	NA	NA	-1.79036911388296	NA	6.45174639922638	NA	NA	NA	NA	NA	NA	NA	NA	NA	NA	NA	NA	NA	NA	NA	NA	NA	NA	NA	NA	NA	NA	NA	NA	-2.63836602043791	-0.259854397184182	NA	-0.102313120197702	NA	NA	NA	3.6617577041311	7.39643294213936	NA	NA	NA	NA	NA	NA	8.04620729224416
Sample45	6.74737768941948	NA	NA	5.28325437545746	NA	NA	NA	NA	NA	NA	-1.97884046991272	NA	NA	NA	NA	NA	11.321154518589	NA	NA	-1.97884046991272	NA	NA	NA	NA	NA	NA	NA	NA	NA	NA	NA	NA	NA	NA	NA	6.3765106265121	NA	3.15044254703225	NA	NA	NA	NA	NA	NA	NA	NA	NA	NA	NA	-0.978840469912716	-2.97884046991272	1.66501571986201	NA	NA	NA	NA	3.60612203080844	NA	4.62107237227441	NA	NA	NA	NA	NA	NA	NA	NA	NA	NA	6.81069317505764	NA	NA	NA	NA	NA	-2.97884046991272	-1.39387796919156	NA	NA	1.26908704353087	NA	NA	NA	NA	NA	NA	NA	NA	NA	NA	6.73196596378664	10.4013499968371
Sample46	NA	NA	NA	NA	NA	NA	NA	NA	NA	NA	1.28284314675408	NA	NA	NA	NA	NA	NA	NA	NA	NA	NA	NA	NA	NA	NA	NA	NA	NA	NA	NA	NA	NA	NA	NA	NA	6.18973374236259	NA	4.09019806881168	1.28284314675408	NA	NA	NA	NA	NA	3.28284314675408	NA	NA	4.98328286489517	NA	NA	NA	3.86780564747523	NA	NA	NA	2.28284314675408	6.64039515137216	NA	NA	NA	NA	NA	NA	NA	NA	NA	NA	NA	2.28284314675408	NA	2.86780564747523	NA	NA	NA	NA	NA	NA	NA	NA	NA	NA	NA	NA	NA	16.1532560324352	NA	NA	3.28284314675408	NA	NA	NA	13.6445128262468
Sample47	7.21875646461349	NA	NA	4.06900934510881	NA	NA	NA	0.0690093451088063	NA	NA	NA	NA	1.65397184582996	NA	NA	NA	NA	NA	NA	NA	NA	NA	NA	NA	NA	NA	NA	NA	NA	NA	NA	NA	NA	NA	NA	5.90189935927355	NA	2.65397184582996	NA	9.81216073922131	NA	NA	NA	NA	4.65397184582996	NA	NA	5.7414346870803	NA	NA	NA	4.65397184582996	NA	NA	NA	NA	NA	NA	NA	NA	NA	NA	NA	NA	NA	NA	NA	NA	NA	NA	NA	NA	NA	NA	NA	NA	NA	NA	NA	1.65397184582996	NA	NA	NA	NA	15.5998423798041	NA	3.23893434655112	NA	NA	NA	NA	14.1876260344603
Sample48	9.89653112347703	NA	NA	NA	NA	NA	NA	NA	NA	NA	NA	NA	NA	NA	NA	NA	NA	NA	NA	NA	NA	NA	NA	NA	NA	NA	NA	NA	NA	NA	NA	NA	NA	NA	NA	7.13740911565865	NA	3.33005419360105	NA	NA	NA	NA	NA	NA	1.74509169287989	NA	NA	NA	NA	NA	NA	0.160129192158736	0.160129192158736	NA	NA	NA	1.16012919215874	NA	NA	NA	NA	NA	NA	NA	NA	0.160129192158736	NA	NA	NA	1.74509169287989	NA	NA	NA	NA	NA	NA	NA	NA	NA	0.160129192158736	NA	NA	NA	NA	13.6624637723567	NA	NA	NA	NA	NA	NA	12.95495116549
Sample49	10.4234052825324	NA	NA	NA	NA	NA	NA	NA	NA	NA	-1.88265640689595	NA	NA	NA	NA	NA	NA	NA	NA	-0.297693906174795	NA	NA	NA	NA	NA	NA	-0.882656406895951	NA	NA	NA	NA	NA	NA	NA	NA	7.72096993809024	NA	5.03620683037864	NA	NA	NA	NA	NA	NA	7.18880595566067	NA	NA	4.57677521174135	NA	NA	NA	3.43927168799141	NA	NA	NA	NA	NA	NA	NA	NA	NA	NA	NA	NA	NA	NA	NA	NA	NA	4.74670021318366	9.35753864708397	NA	NA	NA	NA	NA	0.117343593104049	NA	NA	2.11734359310405	NA	NA	NA	6.58494914318705	4.54360834780615	NA	NA	NA	NA	NA	NA	8.30963640757482
Sample50	NA	NA	NA	NA	NA	NA	NA	0.746181463033529	NA	NA	2.28932378806006	NA	NA	NA	NA	NA	NA	0.00921586886732281	NA	2.69371404313939	NA	NA	-2.79813905319028	NA	NA	NA	NA	2.78682344753087	NA	NA	NA	NA	NA	NA	NA	6.11175403057976	NA	5.67759437777612	NA	NA	NA	NA	NA	NA	0.938826540975925	NA	-2.38310155391144	-1.57574663185383	NA	NA	-0.061173459024075	4.68567672407397	NA	NA	NA	NA	7.13161250022705	NA	NA	NA	NA	NA	-0.061173459024075	NA	NA	2.09263187705496	NA	NA	NA	NA	NA	NA	NA	NA	NA	NA	NA	NA	NA	-0.798139053190281	-0.061173459024075	NA	NA	NA	9.02655455914841	NA	NA	NA	NA	NA	NA	7.93628832208877
Sample51	NA	NA	NA	2.25730594049685	-4.12812509669667	NA	NA	-2.99062157294674	NA	NA	-4.45005319158404	NA	NA	NA	NA	-4.86509069086288	NA	NA	NA	NA	NA	NA	-3.45005319158404	NA	NA	NA	NA	0.749619153252329	NA	NA	NA	NA	NA	0.0891056195239958	NA	6.38796886672051	NA	7.23972643779324	-0.0406622554463339	NA	NA	-3.28012819014172	NA	NA	2.51861360161117	NA	NA	NA	NA	NA	3.60115574933073	1.58886579770827	NA	NA	NA	NA	NA	NA	NA	NA	NA	NA	NA	NA	NA	NA	NA	NA	NA	NA	NA	NA	NA	NA	NA	NA	-3.64269826952643	-3.45005319158404	NA	4.66629076965343	NA	-1.28012819014172	NA	NA	8.60408473560509	1.11218923263704	NA	NA	NA	NA	NA	7.34019347386091
Sample52	4.27111219063184	NA	NA	NA	-6.43883318960066	-2.53194259399214	NA	-3.8538706888795	NA	NA	1.10032562150737	NA	NA	NA	NA	NA	NA	NA	NA	-2.19090567615707	NA	NA	NA	-6.43883318960066	1.25465376789867	NA	NA	NA	NA	NA	-1.58085219447309	-0.416465376572205	NA	-2.63147826754305	NA	6.88041554321684	NA	2.3588283362531	-3.63147826754305	NA	NA	NA	NA	NA	NA	NA	NA	NA	NA	NA	NA	3.13291945390289	NA	NA	NA	NA	NA	NA	7.53315934049692	NA	NA	NA	NA	NA	NA	NA	NA	NA	NA	NA	-1.08128118498258	NA	NA	NA	NA	-4.8538706888795	NA	5.66347062761199	NA	NA	NA	1.93620624174627	NA	2.48894477248168	7.41856470210063	NA	1.43153152998275	NA	NA	NA	NA	9.06821811264726
Sample53	NA	NA	NA	NA	NA	NA	NA	NA	NA	-1.1041484630022	-4.49646588578096	NA	3.32051773747442	NA	NA	NA	NA	1.45773042460591	1.61205857099721	NA	NA	0.946477610067765	NA	NA	NA	NA	NA	0.751461627662622	NA	NA	NA	NA	NA	-0.689110963723359	NA	5.31891741003258	NA	6.83333045243974	NA	NA	NA	NA	NA	NA	NA	NA	-2.32654088433865	1.53695711575649	NA	NA	4.38617716358088	3.5883425020234	NA	NA	NA	NA	2.46353604628712	NA	NA	NA	NA	NA	NA	NA	NA	NA	NA	-3.91150338505981	NA	NA	NA	NA	NA	NA	NA	NA	NA	-5.49646588578096	NA	3.15099254067396	NA	NA	NA	NA	8.02157249379718	NA	NA	0.693358673099054	NA	-0.741578383617495	NA	6.13970555585496
Sample54	7.24900703013369	-3.25944803353312	NA	NA	NA	1.0135704608733	NA	NA	NA	NA	-4.84441053425428	NA	NA	NA	NA	NA	NA	NA	NA	NA	NA	NA	NA	NA	NA	NA	NA	-0.937519938645757	NA	NA	NA	NA	NA	NA	NA	8.85038262074568	NA	0.0624800613542433	-3.25944803353312	NA	NA	NA	NA	NA	0.284872482690691	-1.14397081611318	NA	NA	NA	NA	NA	5.48426439307367	NA	NA	NA	-2.25944803353312	NA	-0.452093111475515	NA	NA	NA	NA	-2.52248243936691	NA	NA	1.0135704608733	NA	NA	-3.84441053425427	4.74430410132799	NA	NA	NA	NA	NA	NA	NA	-4.84441053425428	NA	-1.38497891561698	NA	NA	NA	6.969771349936	7.95669152289202	NA	NA	NA	NA	NA	NA	7.53686202145751
Sample55	7.46820266089578	NA	NA	NA	NA	NA	NA	NA	NA	NA	3.79013075578314	NA	NA	NA	NA	NA	NA	NA	NA	1.46820266089578	NA	NA	NA	NA	NA	NA	NA	NA	NA	NA	NA	NA	NA	NA	NA	6.63812766233809	NA	5.16864237903687	3.05316516161693	NA	NA	NA	NA	NA	NA	NA	NA	3.05316516161693	NA	NA	NA	11.3660481169013	NA	NA	NA	NA	NA	NA	NA	NA	NA	NA	NA	NA	NA	NA	NA	NA	NA	NA	NA	NA	NA	NA	NA	NA	NA	NA	NA	NA	NA	NA	NA	6.51259678025423	15.437858987751	1.46820266089578	NA	NA	NA	NA	NA	14.1244040410903
Sample56	NA	NA	NA	0.75050842903387	NA	NA	NA	NA	NA	NA	-0.17311618233445	NA	NA	NA	NA	NA	NA	2.94036554594151	NA	NA	3.56514500124161	NA	-2.55252977188257	NA	NA	NA	NA	0.399773486086132	NA	-2.01122849995756	NA	NA	NA	1.1011454789226	NA	NA	NA	2.27809492949788	-5.91008177650066	NA	NA	NA	NA	NA	NA	NA	NA	2.17782299921198	NA	-5.17311618233445	-5.3251192757795	2.60660317280895	NA	NA	NA	NA	NA	NA	NA	NA	NA	NA	NA	NA	-2.52925999255972	NA	NA	NA	3.97688491041988	NA	-0.777367854155416	NA	NA	NA	NA	NA	NA	NA	NA	-0.0984394960399535	NA	NA	NA	NA	4.9567463724508	NA	NA	NA	NA	NA	NA	3.92675758324806
Sample57	NA	NA	NA	2.29212442855513	NA	NA	NA	5.16659354647127	NA	NA	2.70716192783397	NA	NA	NA	NA	NA	NA	NA	NA	NA	NA	NA	NA	NA	NA	NA	NA	2.70716192783397	NA	NA	NA	NA	NA	NA	NA	5.87708692927628	NA	1.70716192783397	NA	NA	NA	NA	NA	NA	8.19901502416365	NA	NA	NA	NA	NA	1.70716192783397	NA	NA	NA	NA	NA	5.83644494477894	NA	NA	NA	NA	NA	NA	NA	NA	NA	NA	NA	NA	NA	NA	NA	NA	NA	NA	NA	5.46204942999744	NA	NA	NA	1.70716192783397	NA	NA	NA	15.0754637565845	NA	NA	NA	NA	NA	NA	14.0680090120136
Sample58	2.52175739138434	NA	NA	NA	NA	NA	NA	NA	NA	NA	2.89372616877129	NA	NA	NA	NA	NA	NA	1.34118514574251	NA	-2.8287398556998	NA	-3.15066795058716	NA	NA	NA	NA	NA	-5.15066795058716	NA	NA	NA	NA	NA	-3.565705449866	NA	5.90935240392069	NA	4.36503188769688	NA	NA	NA	NA	NA	NA	6.62164662333449	NA	NA	7.31055567702621	NA	NA	2.42676087744859	6.57469830730848	NA	NA	NA	NA	NA	NA	NA	-2.565705449866	NA	NA	NA	NA	NA	7.88378714474003	NA	NA	NA	2.41157447363391	-0.828739855699798	NA	NA	NA	NA	-2.565705449866	NA	0.134734268275088	NA	6.10671989210549	NA	-2.8287398556998	NA	NA	NA	NA	3.12079507731721	NA	NA	NA	NA	9.571659313693
Sample59	NA	NA	NA	NA	NA	NA	NA	NA	-1.23628452531636	-1.42892960325875	-1.6513220245952	NA	NA	NA	NA	NA	-1.06635952387404	4.2475312519479	NA	-0.148821684066017	NA	NA	NA	NA	NA	NA	NA	-0.535844807175265	NA	NA	NA	NA	NA	NA	NA	8.26006996324826	NA	2.8081095940421	NA	NA	NA	NA	NA	NA	2.67060607029216	NA	NA	NA	NA	NA	0.0856435695710054	7.31974246740832	NA	NA	NA	NA	NA	NA	NA	NA	NA	NA	NA	NA	NA	NA	NA	NA	NA	10.3566396303113	NA	NA	NA	-4.23628452531636	NA	-1.6513220245952	4.03517850258802	-0.914356430428995	NA	NA	NA	-1.6513220245952	NA	NA	14.6835971719248	NA	NA	NA	NA	NA	NA	11.7719471134136
Sample60	7.61387924530813	NA	NA	NA	NA	NA	NA	3.36595173186454	NA	NA	NA	NA	NA	NA	NA	NA	NA	NA	NA	NA	NA	NA	NA	NA	NA	NA	NA	NA	NA	NA	NA	NA	NA	NA	NA	6.36595173186454	NA	5.36595173186454	NA	NA	NA	NA	NA	NA	NA	NA	NA	10.4744761886427	NA	NA	4.36595173186454	3.36595173186454	NA	NA	NA	NA	14.8909830769885	NA	NA	NA	NA	NA	NA	NA	NA	NA	NA	NA	NA	NA	NA	NA	NA	NA	NA	NA	NA	NA	NA	NA	NA	NA	NA	NA	16.4151196042367	NA	NA	NA	NA	NA	NA	14.6327382725594
Sample61	NA	NA	NA	-1.87945379051356	NA	NA	NA	NA	NA	NA	-0.879453790513562	NA	NA	NA	NA	NA	NA	NA	NA	-3.20138188540092	NA	NA	-4.20138188540092	NA	NA	NA	-4.20138188540092	NA	NA	NA	NA	NA	NA	NA	NA	7.77267413722471	NA	-0.879453790513562	-1.61641938467977	NA	NA	NA	NA	-1.03145688395861	2.88608095584941	NA	NA	9.14194265083522	NA	NA	-0.616419384679769	5.56514702319794	NA	NA	NA	NA	2.49905783274017	NA	7.4657296566741	NA	NA	NA	NA	NA	NA	NA	NA	NA	NA	8.80757189412527	-0.500942167259833	NA	NA	NA	NA	NA	0.120546209486438	-1.20138188540092	NA	2.173657545946	1.41332795871428	-4.20138188540092	NA	8.53607673316953	9.15562020686406	NA	NA	0.75281442498595	NA	NA	NA	7.99829045943544
Sample62	6.34942923694295	NA	NA	NA	1.97687506898562	1.16952014692802	NA	NA	NA	NA	NA	NA	NA	-0.830479853071984	NA	NA	NA	1.97687506898562	NA	NA	NA	2.16952014692802	NA	NA	NA	NA	NA	NA	NA	NA	NA	NA	NA	NA	NA	5.47330089510512	NA	6.27804460370619	NA	NA	NA	NA	NA	NA	5.35934470580803	NA	NA	NA	NA	NA	NA	3.69308210298503	NA	NA	NA	NA	13.2926715797016	NA	NA	NA	NA	NA	NA	NA	NA	NA	NA	NA	NA	6.35934470580803	NA	NA	NA	NA	NA	NA	NA	NA	NA	3.56183756970678	NA	NA	NA	7.77685046067763	11.1338610147204	-0.830479853071984	NA	NA	NA	NA	NA	10.6593681073673
Sample63	5.37339140225344	NA	NA	NA	NA	NA	NA	NA	NA	NA	NA	NA	NA	NA	NA	NA	NA	NA	NA	NA	NA	NA	NA	NA	2.56603648019583	NA	NA	NA	NA	NA	NA	NA	NA	NA	NA	5.88796457508319	NA	4.15099898091699	NA	NA	NA	NA	NA	NA	NA	NA	NA	NA	NA	NA	NA	4.15099898091699	NA	NA	NA	2.56603648019583	NA	NA	NA	NA	NA	NA	4.15099898091699	NA	NA	18.9575989473289	NA	NA	NA	NA	5.73596148163814	NA	NA	NA	NA	NA	NA	NA	NA	2.56603648019583	NA	NA	NA	2.56603648019583	10.8092104636688	NA	NA	2.56603648019583	NA	NA	NA	17.1254733232559
Sample64	12.9305854686653	NA	NA	0.992843848588193	NA	NA	NA	NA	NA	NA	4.16276885003051	NA	NA	NA	NA	NA	NA	NA	2.57780634930935	NA	1.99284384858819	NA	NA	NA	NA	NA	NA	0.992843848588193	NA	NA	NA	NA	NA	NA	NA	6.74773135075166	NA	2.57780634930935	NA	NA	NA	NA	NA	NA	NA	NA	NA	NA	NA	NA	2.57780634930935	6.85082484371577	NA	NA	NA	NA	NA	NA	NA	NA	NA	NA	NA	NA	NA	NA	NA	NA	NA	15.081383668012	NA	NA	NA	NA	NA	NA	0.992843848588193	NA	NA	5.08030668983853	NA	NA	NA	0.992843848588193	16.3717144211236	NA	NA	NA	NA	NA	NA	13.8785402219276
Sample65	5.89205641724037	NA	NA	NA	NA	NA	NA	NA	NA	NA	4.0122221200621	NA	NA	NA	NA	-1.91851521750078	NA	3.54091640113652	0.0814847824992185	NA	NA	NA	-2.91851521750078	NA	NA	NA	NA	0.251409783941531	NA	NA	NA	NA	NA	NA	NA	4.4302129367303	NA	3.34827132319412	NA	NA	NA	NA	NA	NA	4.71084140257883	NA	NA	5.21591110272014	1.83637228466269	NA	-0.918515217500781	5.98837537810774	-1.33355271677963	NA	NA	NA	6.80940523706242	NA	NA	NA	NA	NA	NA	NA	-1.91851521750078	NA	NA	NA	NA	0.666447283220375	NA	NA	NA	NA	NA	NA	1.54091640113652	NA	NA	-0.596587122613419	NA	NA	NA	NA	13.6573046705093	NA	NA	NA	NA	NA	NA	11.1796813970264
Sample66	5.52730779165701	NA	NA	NA	NA	NA	NA	NA	NA	NA	NA	NA	NA	NA	NA	NA	NA	NA	NA	NA	NA	NA	NA	NA	NA	NA	NA	4.14879616840328	NA	NA	NA	NA	NA	NA	NA	6.91433091476625	NA	2.82686807351591	NA	NA	NA	NA	NA	NA	4.91433091476625	NA	NA	4.41183057423707	NA	NA	NA	2.82686807351591	NA	NA	NA	NA	8.01669263239593	NA	NA	NA	NA	NA	NA	NA	NA	NA	NA	NA	0.826868073515914	NA	NA	NA	NA	NA	NA	NA	NA	NA	NA	1.82686807351591	NA	NA	NA	NA	16.5539376315396	NA	NA	NA	NA	NA	NA	13.4857489685638
Sample67	11.4046921308132	NA	NA	NA	NA	NA	NA	NA	NA	NA	-0.778455831227271	NA	NA	NA	NA	NA	NA	NA	NA	NA	NA	2.93775120277214	NA	NA	NA	NA	NA	1.41418924671513	NA	-3.00084825256372	NA	NA	NA	NA	NA	4.97452208092757	-3.00084825256372	4.05443418293747	3.30900701002307	NA	NA	-2.00084825256372	NA	2.24707926087987	NA	NA	NA	-1.41588575184256	NA	1.2721702418427	0.937751202772138	1.98404485504607	-4.58581075328487	NA	-1.77845583122727	NA	-0.126379134647578	NA	NA	NA	NA	NA	NA	NA	NA	NA	NA	NA	-4.58581075328487	2.40287393348729	3.88179479679812	NA	NA	-2.26388265839751	NA	NA	-1.00084825256372	0.66211676015871	NA	3.14889886694096	NA	-1.26388265839751	NA	3.87362086535242	8.65348942107933	NA	NA	NA	NA	NA	NA	8.34751106744807
Sample68	NA	NA	NA	NA	6.5541780477111	NA	NA	NA	-0.455184055492587	NA	NA	NA	NA	NA	NA	NA	3.06837790056443	NA	NA	NA	0.767208365843861	NA	NA	NA	NA	NA	NA	NA	NA	-3.04014655621374	NA	NA	NA	NA	NA	7.20183659348059	NA	2.792743457951	0.544815944507413	NA	NA	NA	NA	NA	5.08397475561544	NA	-3.04014655621374	NA	-3.04014655621374	-1.45518405549259	0.866744039394775	NA	-3.04014655621374	NA	NA	NA	1.35217086656502	NA	NA	NA	NA	1.12977844522857	NA	NA	NA	NA	NA	NA	0.959853443786257	-3.04014655621374	NA	NA	NA	NA	NA	NA	0.129778445228569	NA	NA	1.28178153867362	NA	NA	NA	7.45969933086946	12.0293871254232	NA	NA	NA	NA	NA	NA	10.1184631320007
Sample69	NA	2.47645627360507	NA	NA	NA	NA	0.859049509380153	4.15584344920143	NA	NA	NA	NA	NA	NA	NA	NA	-1.99202679010677	0.607657216321152	NA	NA	NA	NA	NA	NA	NA	NA	NA	NA	NA	NA	NA	NA	NA	NA	NA	4.80018786277105	-2.34196926116373	5.19322986509153	NA	NA	NA	NA	NA	NA	NA	NA	-1.23303488961056	NA	NA	-3.55496298449793	NA	5.45091670574196	NA	NA	NA	NA	NA	NA	NA	NA	NA	NA	NA	NA	NA	NA	NA	NA	NA	NA	NA	NA	NA	NA	NA	NA	NA	NA	NA	0.945607328932857	5.48482843929776	-7.01439460313522	NA	4.99700738674484	2.86901238325315	-1.42943210241407	NA	NA	NA	NA	NA	4.63957004011379
Sample70	3.42272051601536	NA	NA	NA	NA	NA	NA	NA	NA	NA	3.88215213465266	NA	NA	NA	NA	NA	NA	NA	NA	0.422720516015362	NA	NA	NA	NA	NA	NA	NA	NA	NA	NA	NA	NA	NA	3.00768301673652	NA	6.00768301673652	NA	2.00768301673652	NA	NA	NA	NA	NA	NA	1.42272051601536	NA	NA	9.75363739412998	NA	NA	NA	3.88215213465266	NA	NA	NA	NA	NA	NA	NA	NA	NA	NA	NA	NA	NA	NA	NA	NA	5.12316023415645	0.422720516015362	NA	NA	NA	NA	NA	NA	NA	NA	NA	NA	NA	NA	NA	2.00768301673652	15.768472256248	NA	0.422720516015362	NA	NA	NA	NA	13.0545796432981
Sample71	15.1040376719934	NA	NA	NA	NA	4.7379887213228	NA	NA	NA	3.05991681621016	NA	NA	NA	NA	NA	NA	NA	NA	5.90791372276511	NA	NA	NA	NA	NA	NA	NA	NA	6.02339094018504	NA	NA	NA	NA	NA	0.737988721322795	NA	7.22984181765247	NA	0.737988721322795	0.737988721322795	NA	NA	NA	NA	1.7379887213228	NA	NA	NA	NA	NA	NA	NA	4.7379887213228	0.737988721322795	NA	NA	NA	NA	NA	NA	NA	NA	NA	NA	NA	NA	NA	NA	NA	NA	5.05991681621016	0.737988721322795	NA	NA	NA	NA	0.737988721322795	2.32295122204395	0.737988721322795	NA	4.05991681621016	NA	NA	NA	4.90791372276511	7.91789781133773	NA	NA	NA	NA	NA	NA	12.6852603737831
Sample72	NA	NA	NA	5.11889971924624	NA	NA	NA	NA	NA	NA	NA	NA	NA	NA	NA	NA	NA	NA	NA	NA	NA	NA	NA	NA	NA	NA	NA	NA	NA	NA	NA	NA	NA	NA	NA	5.11889971924624	NA	3.96135844225976	NA	NA	NA	NA	NA	NA	0.260918724118667	NA	NA	8.06827364617627	NA	NA	0.260918724118667	7.45074328299868	NA	NA	NA	NA	NA	NA	4.50884623756225	NA	NA	NA	NA	NA	NA	14.5974252839289	NA	NA	NA	NA	NA	NA	NA	NA	NA	3.58284681900603	NA	NA	NA	0.260918724118667	NA	NA	NA	NA	12.1274249363449	NA	NA	NA	3.72035034275596	NA	NA	12.6035490227971
Sample73	5.63159123178892	NA	NA	-5.25181575459945	0.0335864642627983	NA	NA	NA	NA	NA	2.15757518153825	NA	NA	NA	NA	NA	NA	0.655074841009068	4.4896512318017	0.792578364759003	NA	NA	NA	NA	NA	NA	0.9576376110295	3.96250336620132	-3.25181575459945	NA	NA	NA	NA	-5.25181575459945	NA	7.5808765082058	NA	6.8606237521821	NA	NA	NA	NA	NA	NA	2.89284248823243	NA	NA	1.27174620145756	NA	NA	NA	4.75240471171874	NA	NA	NA	NA	NA	NA	NA	NA	NA	-1.79238413596215	-3.66685325387829	NA	NA	-0.85949833182069	NA	-3.66685325387829	NA	NA	9.1689997825662	NA	NA	NA	NA	NA	-0.122532737654484	1.46242976306667	NA	1.91810924684286	NA	-1.55137603645836	NA	6.87617856637694	6.65018243106905	NA	NA	NA	NA	NA	NA	9.13929354944223
Sample74	5.23498952761515	NA	NA	NA	NA	0.57253765558491	NA	0.195974304120702	NA	NA	0.962997132143088	NA	NA	NA	NA	NA	NA	NA	NA	-1.11335375398703	NA	NA	NA	NA	NA	NA	NA	5.16963391194192	NA	NA	NA	NA	NA	-0.682719399657165	NA	7.15993508522312	NA	2.86293017703917	NA	NA	NA	NA	NA	NA	4.38960773247573	NA	NA	NA	3.0530822613754	0.512831409460642	NA	NA	NA	4.96206726099205	NA	NA	4.64848650881821	NA	NA	NA	NA	NA	NA	-2.82956078798644	NA	NA	NA	NA	-2.31498761515668	NA	9.41912922689123	NA	NA	NA	NA	NA	NA	3.17365592469711	NA	NA	NA	NA	-5.63691571004404	8.7684252270008	-0.42746234441509	NA	NA	NA	NA	NA	NA	9.45769810185519
Sample75	7.9101155007595	NA	NA	NA	NA	4.85948942768953	NA	NA	NA	NA	-1.53282799508923	NA	NA	NA	NA	NA	14.0113214324768	NA	NA	NA	NA	NA	-0.532827995089227	NA	NA	NA	NA	1.78910009979814	NA	NA	NA	NA	NA	NA	NA	5.9018002325475	NA	4.63709700635309	NA	NA	NA	NA	NA	-1.53282799508923	2.63709700635309	NA	NA	NA	NA	NA	NA	NA	NA	NA	0.0521345056319293	NA	NA	NA	-0.532827995089227	NA	NA	NA	NA	NA	NA	NA	NA	NA	1.63709700635309	NA	NA	NA	NA	NA	NA	NA	NA	-1.53282799508923	NA	NA	NA	0.467172004910773	NA	3.46717200491077	12.4553241026013	NA	NA	NA	NA	NA	NA	12.2389709438718
Sample76	3.75026794798282	NA	NA	-3.55284452486037	NA	NA	-0.871477540186156	NA	-1.02775348011662	NA	1.66703229855729	NA	NA	NA	NA	NA	NA	2.68112581709228	NA	-4.82293368822812	NA	NA	-3.82293368822812	NA	NA	NA	-6.10304160742085	-1.54407431523264	NA	NA	NA	NA	NA	NA	NA	9.49692518210633	NA	4.1394520199721	-2.74047152803615	NA	NA	NA	NA	NA	NA	NA	NA	1.93666081661288	NA	NA	NA	4.21679177156475	NA	NA	NA	NA	NA	NA	5.64814376562466	NA	NA	NA	NA	NA	NA	NA	NA	NA	NA	NA	0.316015663310327	NA	NA	NA	NA	NA	NA	NA	NA	-0.893588241791904	NA	1.24315550222965	NA	3.5655901613922	NA	1.03358338486528	NA	3.48701071489692	NA	NA	NA	6.51642511753866
Sample77	7.90781319124184	NA	NA	-5.97502088030379	-6.97502088030379	NA	-1.76556751467484	-3.16766595824618	NA	NA	NA	NA	NA	NA	NA	NA	NA	NA	NA	-1.84573786335882	NA	NA	NA	NA	NA	NA	NA	NA	NA	NA	NA	NA	NA	NA	NA	3.60900205995376	NA	7.10329674191228	-1.45145892424677	NA	NA	NA	NA	NA	NA	NA	NA	4.59957264703383	NA	-3.16766595824618	NA	2.4151480758964	NA	NA	NA	NA	NA	NA	NA	NA	NA	NA	NA	NA	NA	NA	NA	NA	-3.80509587886147	NA	NA	2.3825311243143	NA	NA	NA	NA	NA	-6.97502088030379	NA	-5.97502088030379	NA	NA	NA	3.03060366889009	8.17567840844075	NA	NA	NA	NA	NA	NA	7.19818777246219
Sample78	12.4191116971114	NA	NA	NA	NA	NA	NA	NA	NA	NA	-0.438286194589903	NA	NA	NA	NA	NA	NA	NA	NA	NA	NA	NA	NA	NA	NA	NA	NA	2.71371689885515	NA	NA	NA	NA	NA	NA	4.09222852210888	7.01384062342416	NA	5.10946522703418	NA	NA	NA	NA	NA	NA	-0.800856273974611	NA	NA	5.96921763200353	NA	NA	NA	NA	NA	5.58900549707784	NA	NA	NA	NA	NA	NA	NA	NA	NA	NA	-3.60821119603222	NA	NA	NA	NA	8.12013451867876	6.4320785249935	NA	NA	NA	NA	-0.286283101144853	-2.60821119603222	NA	NA	0.851220422605082	NA	NA	NA	6.16492801068748	8.56390373650092	NA	0.298679399576303	NA	NA	NA	NA	10.166575863569
Sample79	NA	NA	NA	NA	NA	NA	-2.71074397232301	NA	NA	NA	3.4445342531549	NA	NA	NA	NA	NA	NA	NA	NA	NA	NA	NA	NA	NA	NA	-2.46973587281922	NA	NA	NA	NA	NA	NA	-3.000250589518	NA	NA	6.05412761841308	NA	4.70864169365392	1.97957152854437	NA	NA	NA	NA	-5.17017559096031	NA	NA	NA	3.03439555328889	NA	NA	0.611184122564348	4.1629797593503	NA	NA	-3.58521309023916	NA	NA	NA	NA	NA	-0.28753254159847	NA	NA	NA	NA	NA	NA	NA	1.78982634110777	NA	-2.36282066890271	NA	NA	NA	NA	3.90396587179219	1.69401055369397	4.23070384532187	NA	3.25608916374179	NA	0.222141831818449	NA	NA	NA	2.78982634110777	NA	NA	NA	NA	NA	6.28951216527924
Sample80	9.33100822661408	NA	NA	NA	NA	NA	NA	NA	NA	NA	-0.302844741497409	0.141940101175487	2.62526234002081	NA	NA	NA	NA	4.24661907800236	NA	NA	NA	NA	NA	-1.88780724221856	NA	NA	NA	-3.47276974293972	NA	-1.88780724221856	NA	NA	NA	NA	NA	2.8715261649761	NA	2.00296368802668	NA	NA	NA	NA	NA	NA	3.25174411018023	NA	NA	8.27321963730553	NA	NA	NA	NA	NA	NA	NA	-0.343486725994755	3.2414757747264	NA	NA	NA	NA	NA	NA	NA	NA	NA	NA	NA	NA	NA	NA	NA	NA	-1.15084164805236	NA	-2.66541482088212	0.199655599031774	-3.88780724221856	NA	3.06638906816831	NA	-0.665414820882117	NA	9.82851208958867	6.7712967212551	NA	0.385211252187851	0.970173752909007	NA	NA	NA	8.82493468485717
Sample81	2.2290707357999	NA	NA	NA	NA	NA	NA	NA	NA	NA	NA	NA	NA	NA	NA	NA	NA	NA	NA	NA	NA	NA	NA	NA	NA	NA	NA	2.65791403460377	NA	NA	-1.47136898234119	NA	NA	NA	NA	6.09087344187988	NA	5.86848102054343	NA	NA	NA	NA	NA	NA	-0.886406481620035	NA	NA	2.43552161326733	NA	NA	NA	2.33598593971641	NA	NA	NA	NA	NA	NA	NA	NA	NA	NA	NA	NA	-2.47136898234119	NA	NA	NA	NA	3.30999073118347	11.2356665424915	NA	NA	NA	NA	NA	-1.47136898234119	0.698556019101121	NA	4.15798763773842	NA	-2.47136898234119	NA	4.12854385984594	10.3155132113235	NA	NA	NA	NA	NA	NA	9.10369748223746
Sample82	NA	NA	NA	-2.53159889909575	NA	NA	NA	NA	NA	NA	-0.329965037926095	NA	NA	NA	NA	-1.26856449326195	NA	2.27575602296186	NA	-1.6836019925408	3.21256219647466	NA	NA	NA	NA	NA	NA	NA	NA	NA	NA	NA	NA	NA	NA	6.26800652335692	NA	5.48297956582715	NA	NA	NA	NA	NA	NA	NA	-4.85352699398311	NA	5.32139868851757	NA	NA	NA	6.78807322185125	NA	NA	NA	NA	NA	NA	NA	NA	NA	NA	NA	NA	NA	-1.39409537534581	NA	NA	0.233935847267231	NA	NA	NA	NA	NA	NA	NA	NA	-2.26856449326195	NA	-1.53159889909575	NA	NA	NA	2.53879042879565	3.20175544151808	NA	NA	1.88793999241804	NA	NA	NA	4.99822204743295
Sample83	3.68750883287487	NA	NA	NA	NA	NA	NA	3.61400444921445	1.41197364347196	NA	-1.49948968192638	NA	3.93474138258577	NA	NA	NA	NA	0.737549515374467	NA	-4.89180710470514	NA	NA	NA	NA	NA	NA	-1.72188210326283	5.59100085202152	NA	NA	NA	NA	NA	0.0389302328577431	NA	3.71367241335653	NA	5.40568239645584	NA	8.06964258969305	2.43910977340947	-5.89180710470514	NA	NA	1.06238920568173	NA	NA	1.17428208575263	NA	-1.56987900981778	-3.08445218264754	NA	NA	NA	NA	NA	NA	NA	NA	NA	NA	NA	NA	NA	NA	-0.219381762733647	NA	NA	NA	NA	5.35196192725671	NA	NA	NA	NA	NA	NA	0.41197364347196	NA	4.02108223152482	NA	NA	NA	3.42107585057921	7.96733939072082	NA	NA	NA	NA	NA	NA	9.02840616432882
Sample84	16.4031600725818	NA	NA	NA	NA	NA	NA	NA	NA	NA	NA	NA	NA	NA	NA	NA	NA	NA	NA	NA	NA	NA	NA	NA	NA	NA	NA	NA	NA	NA	NA	NA	NA	NA	NA	NA	NA	8.24520075538103	NA	NA	NA	NA	NA	NA	2.20080663602257	NA	NA	5.00816155808018	NA	NA	2.20080663602257	4.78576913674373	NA	NA	NA	NA	NA	NA	NA	NA	NA	NA	NA	NA	NA	NA	NA	NA	NA	NA	5.00816155808018	NA	NA	NA	NA	NA	NA	NA	NA	4.52273473090994	NA	NA	NA	3.20080663602257	8.87323197799407	NA	NA	NA	NA	NA	NA	15.6788178071986
Sample85	7.22184203400317	NA	NA	NA	NA	NA	NA	2.35929955418043	NA	NA	1.38844589983995	NA	NA	NA	NA	NA	NA	-1.25541028993478	NA	NA	3.24443559714843	NA	NA	NA	NA	NA	NA	NA	NA	NA	NA	NA	NA	0.445029428206313	NA	1.99251722350881	NA	4.43807666756455	NA	NA	NA	NA	NA	NA	2.38844589983995	NA	NA	-2.67044778921362	NA	NA	NA	10.2977989966885	NA	NA	NA	-2.25541028993478	NA	NA	5.1021417146833	NA	NA	NA	NA	NA	NA	NA	NA	NA	-4.25541028993478	NA	NA	NA	NA	NA	NA	-1.44805536787717	NA	NA	NA	0.83205255131556	NA	NA	NA	5.58221764323663	0.602570705192793	NA	NA	NA	NA	NA	NA	10.4671304460346
Sample86	6.53997945113796	NA	NA	NA	NA	NA	NA	NA	NA	NA	NA	NA	NA	NA	NA	NA	NA	NA	NA	NA	NA	NA	NA	NA	NA	NA	NA	NA	NA	NA	NA	NA	NA	NA	NA	7.67324598200143	NA	5.39313806280869	1.58578314075109	NA	NA	NA	NA	NA	8.53997945113796	NA	NA	4.17074564147224	NA	NA	NA	6.28622285889218	NA	NA	NA	NA	NA	NA	8.69430759752926	NA	NA	NA	NA	NA	NA	NA	NA	NA	NA	NA	NA	NA	NA	NA	NA	NA	NA	NA	NA	NA	NA	NA	NA	NA	16.7286879282597	NA	3.17074564147224	NA	NA	NA	NA	14.4990465713798
Sample87	7.36771644910028	NA	NA	1.15097059090498	NA	NA	NA	NA	NA	NA	7.09054980521967	NA	NA	1.95832551296258	NA	NA	NA	NA	NA	3.10516690129185	NA	3.67453254696199	NA	NA	-0.264066908373866	NA	NA	1.47289868579234	NA	NA	NA	NA	NA	NA	NA	2.23843343215532	NA	3.0578611865135	NA	NA	NA	NA	NA	NA	-0.849029409095022	NA	NA	2.61040220954228	NA	NA	-1.84902940909502	3.76568043502019	-0.849029409095022	NA	NA	NA	7.05183739888573	NA	NA	NA	NA	NA	NA	NA	NA	7.77119041641246	NA	NA	NA	10.0412348679261	4.36042395653393	NA	NA	-1.84902940909502	NA	NA	-0.264066908373866	1.61040220954227	NA	0.47289868579234	NA	NA	NA	NA	11.4849644736663	NA	NA	NA	NA	NA	NA	10.5238356510176
Sample88	8.67785219399377	NA	NA	NA	NA	NA	-1.73233412673133	NA	NA	NA	-0.410406031843966	NA	-1.14737162601017	NA	NA	NA	NA	-1.73233412673133	NA	NA	NA	NA	NA	NA	NA	NA	NA	0.852628373989828	NA	0.437590874710984	NA	NA	NA	NA	NA	4.59858275138329	NA	3.11315592421305	NA	NA	NA	NA	NA	NA	NA	NA	NA	2.77546051346737	NA	NA	NA	5.46978969709913	NA	NA	NA	NA	NA	NA	NA	NA	NA	NA	NA	NA	NA	NA	NA	NA	NA	3.38660694599218	-1.73233412673133	NA	NA	NA	NA	NA	NA	NA	NA	7.63835328007589	NA	NA	NA	NA	13.343521023783	NA	NA	NA	NA	NA	NA	11.509425632159
Sample89	NA	NA	NA	2.58107744904035	8.77090200792036	NA	NA	NA	NA	NA	NA	NA	NA	NA	NA	NA	9.30899790360355	NA	NA	NA	NA	NA	NA	NA	NA	NA	NA	NA	NA	NA	NA	NA	NA	NA	NA	5.1660399497615	NA	5.1660399497615	NA	NA	NA	NA	NA	NA	NA	NA	NA	NA	NA	NA	NA	9.23928893179214	NA	NA	NA	NA	NA	NA	NA	NA	NA	NA	NA	NA	NA	NA	NA	NA	NA	NA	NA	NA	NA	NA	NA	NA	NA	NA	NA	NA	NA	NA	NA	NA	17.9846886952452	NA	NA	2.58107744904035	NA	NA	NA	16.7574064556579
Sample90	NA	NA	NA	-3.92402587944494	NA	NA	NA	0.803894575118262	NA	-0.651007385038521	0.874715912307959	NA	-1.55479206977922	NA	NA	NA	NA	NA	NA	-1.082723625464	NA	NA	NA	NA	NA	NA	NA	2.057065658005	NA	NA	NA	NA	NA	NA	-5.50898838016609	6.8872150019756	NA	3.6671847689414	NA	NA	NA	NA	NA	NA	NA	NA	NA	NA	NA	NA	NA	-0.0332549491996955	NA	NA	NA	NA	NA	NA	-2.33906337872378	NA	NA	NA	NA	-5.50898838016609	NA	NA	NA	-4.92402587944494	NA	NA	NA	3.51753506235367	NA	NA	NA	NA	-0.319163821286076	1.01457357589092	NA	NA	NA	-4.18706028527873	NA	6.34996393058484	1.79935064997331	NA	NA	NA	NA	-3.18706028527873	NA	4.88654575529621
Sample91	8.99470698791073	NA	NA	NA	0.388169581595692	NA	NA	NA	NA	NA	0.165777160259245	NA	NA	NA	NA	-3.41918534046191	NA	NA	NA	NA	NA	NA	NA	NA	NA	NA	-0.419185340461912	3.11997347064612	1.90274275442545	NA	NA	NA	NA	NA	NA	6.2300708370554	-0.611830418404308	4.58643920873197	NA	NA	NA	NA	NA	NA	3.05654809050449	NA	NA	4.66296370089196	NA	NA	NA	3.86621687840034	NA	NA	NA	NA	NA	NA	-3.41918534046191	NA	NA	NA	NA	-3.41918534046191	NA	NA	NA	NA	NA	2.53501096992496	NA	NA	NA	NA	NA	NA	NA	NA	NA	3.2101712796177	NA	-0.419185340461912	NA	4.07266775586776	8.98276078351462	NA	NA	NA	NA	NA	NA	7.29677664979323
Sample92	16.0458275332342	NA	NA	NA	NA	NA	NA	NA	NA	NA	4.31908901499971	NA	NA	NA	NA	NA	NA	NA	NA	NA	NA	NA	NA	NA	NA	NA	NA	3.47109210844476	NA	NA	NA	NA	NA	1.1491640135574	NA	8.81449993074258	NA	2.1491640135574	NA	NA	NA	NA	NA	NA	2.73412651427856	NA	NA	NA	NA	NA	2.1491640135574	NA	NA	NA	NA	NA	6.93052372708206	NA	NA	NA	NA	NA	NA	NA	NA	NA	NA	NA	NA	4.47109210844476	3.956518935615	NA	NA	NA	NA	NA	NA	1.1491640135574	NA	NA	NA	1.1491640135574	NA	NA	16.0405680102224	NA	NA	NA	NA	NA	NA	13.8184920179533
Sample93	8.67303009002576	NA	NA	NA	NA	NA	NA	NA	NA	NA	0.724662858441086	NA	NA	3.21404769918001	NA	NA	NA	NA	NA	-0.168421937642402	NA	NA	-1.97577685970001	-2.97577685970001	NA	NA	NA	-0.39081435897885	NA	NA	NA	NA	NA	NA	NA	11.1913276226799	NA	0.931113735908512	NA	NA	NA	NA	NA	NA	1.48365475893729	NA	NA	NA	NA	NA	NA	4.73158227238088	NA	NA	NA	NA	NA	NA	7.65721833744295	NA	NA	NA	NA	NA	NA	NA	NA	NA	-2.97577685970001	NA	NA	NA	NA	NA	NA	-1.97577685970001	NA	-0.168421937642402	NA	3.34615123518736	NA	NA	NA	2.97841945068687	3.66807933007472	NA	NA	NA	NA	NA	NA	8.31193551984944
Sample94	7.92277768857359	NA	NA	NA	NA	NA	NA	NA	NA	NA	1.42365659177988	NA	NA	NA	NA	NA	NA	NA	NA	-1.03577502685742	NA	NA	NA	NA	NA	NA	NA	3.42365659177988	NA	NA	NA	NA	NA	NA	NA	8.3040749760272	NA	1.54918747386374	NA	NA	NA	NA	NA	NA	6.5378721606359	NA	NA	7.39048972784468	NA	NA	NA	6.04104057019341	NA	NA	NA	NA	12.4458982895899	NA	NA	NA	NA	NA	NA	NA	NA	-0.450812526136265	NA	NA	NA	NA	NA	NA	NA	NA	NA	NA	0.771579895200183	NA	NA	4.79711498730732	NA	NA	NA	2.6080811629173	13.5664888765852	NA	NA	NA	NA	NA	NA	11.0087898559552
Sample95	10.172481964818	NA	NA	NA	NA	NA	NA	NA	NA	NA	-0.600162518787395	NA	NA	NA	NA	NA	NA	-1.11473569161715	NA	NA	NA	NA	-0.221650895533665	NA	NA	NA	NA	10.4217890721751	NA	NA	NA	NA	NA	NA	NA	5.99975032339973	NA	9.89699074897453	NA	NA	NA	NA	NA	NA	NA	NA	NA	4.81600164594573	NA	-0.600162518787395	NA	4.76090397000693	NA	NA	NA	NA	NA	NA	1.36331160518749	NA	NA	NA	NA	NA	NA	NA	NA	-3.92209061367476	0.935890381452815	NA	NA	NA	NA	NA	NA	0.0779093863252429	NA	NA	NA	NA	NA	NA	NA	4.0947176740118	4.18119719473726	NA	NA	NA	NA	NA	NA	8.62335656800334
Sample96	NA	NA	NA	NA	NA	NA	NA	-1.08961520530568	NA	NA	3.23231288958168	NA	NA	NA	NA	NA	NA	1.4128851352235	NA	NA	5.33104684316704	NA	NA	NA	NA	NA	NA	NA	NA	NA	NA	NA	NA	NA	NA	7.95841749111612	NA	5.83717494774054	0.325422293973164	NA	NA	NA	NA	NA	3.36981641333162	NA	NA	NA	NA	NA	NA	6.48024040302527	NA	NA	NA	NA	NA	NA	NA	NA	NA	NA	-1.08961520530568	NA	NA	NA	NA	NA	NA	NA	-2.67457770602684	NA	NA	NA	-1.67457770602684	NA	NA	NA	NA	NA	13.2564136698346	NA	NA	7.14240591722854	6.91226208193499	NA	NA	NA	NA	NA	NA	11.1246027127985
Sample97	NA	NA	NA	-0.964163418825352	NA	NA	NA	-1.04216593082663	NA	-1.16769681291048	2.2370577131065	NA	NA	NA	NA	NA	NA	-1.89016283738158	NA	NA	NA	NA	NA	NA	NA	NA	-0.802699996131236	3.81581506430095	NA	NA	NA	-4.21209093226894	NA	-2.04216593082663	NA	7.32991313360273	NA	-0.200863676845683	NA	NA	NA	NA	NA	NA	7.42010910991619	NA	NA	4.69254368939921	NA	NA	NA	4.67360544107046	NA	NA	NA	NA	NA	NA	NA	NA	NA	NA	NA	NA	NA	NA	NA	NA	NA	NA	NA	NA	NA	NA	NA	NA	NA	-5.21209093226894	NA	3.04411775625845	NA	NA	NA	4.94809564433172	6.35681522223315	NA	NA	1.29966172149844	NA	NA	NA	6.77951948519402
Sample98	14.7339266249941	NA	NA	NA	NA	NA	NA	NA	NA	NA	4.17087868771847	NA	NA	NA	NA	NA	NA	NA	NA	NA	NA	NA	NA	NA	NA	NA	NA	NA	NA	0.679025591388799	NA	NA	NA	NA	NA	5.07134301416756	NA	2.37946530952989	NA	5.59788882866339	NA	NA	NA	NA	3.88847895701775	NA	NA	NA	NA	NA	NA	NA	NA	NA	NA	-1.3209744086112	NA	NA	NA	NA	NA	NA	NA	NA	NA	NA	NA	NA	NA	NA	NA	NA	NA	NA	NA	NA	1.4863805134464	NA	NA	NA	NA	NA	NA	1.00095368627616	8.20454640048387	-1.3209744086112	NA	NA	NA	NA	NA	11.4720191823915
Sample99	4.04076887658644	NA	NA	NA	NA	NA	NA	NA	2.6257313773076	NA	2.6257313773076	NA	NA	NA	NA	NA	15.2489270127605	NA	NA	NA	NA	NA	NA	NA	NA	NA	NA	NA	NA	NA	NA	NA	NA	NA	NA	3.84812379864404	NA	4.74120859472753	NA	NA	NA	NA	NA	NA	NA	NA	NA	NA	NA	NA	NA	3.6257313773076	NA	NA	NA	NA	NA	NA	NA	NA	NA	NA	NA	NA	NA	NA	NA	NA	NA	9.21569455908712	NA	NA	NA	NA	NA	1.04076887658644	2.6257313773076	NA	NA	4.74120859472753	NA	NA	NA	NA	12.6628206960428	NA	NA	2.04076887658644	NA	NA	NA	14.049197498657
Sample100	NA	NA	NA	NA	NA	NA	NA	NA	NA	NA	5.84670719315695	NA	NA	NA	NA	NA	NA	0.637253827527999	NA	-0.0148228690516937	NA	NA	NA	NA	NA	NA	NA	-1.8221777911093	NA	NA	NA	NA	NA	NA	NA	6.10263471249648	NA	5.14936576284147	NA	NA	NA	NA	NA	NA	NA	NA	-1.8221777911093	NA	NA	NA	NA	6.18344675808458	NA	NA	NA	NA	NA	NA	NA	NA	NA	NA	3.76278470961186	NA	NA	NA	NA	NA	NA	-2.8221777911093	NA	NA	NA	NA	NA	NA	NA	5.22221632824916	NA	1.76278470961186	NA	-1.8221777911093	NA	2.76278470961186	10.1568900803712	NA	NA	-0.237215290388142	NA	NA	NA	9.27946965892147
