"feature"	"metadata"	"value"	"name"	"coef"	"stderr"	"pval_individual"	"error"	"qval_individual"	"model"	"N"	"N.not.zero"	"pval_joint"	"qval_joint"
"NONMEVIPP_PWY_methylerythritol_phosphate_pwy_I"	"dysbiosis_state"	"dysbiosis_CD"	"dysbiosis_statedysbiosis_CD"	-0.360754357141974	0.0918012364973143	3.40094539067025e-08	NA	7.55009876728796e-06	"abundance"	754	750	6.8018906656762e-08	1.51001972778012e-05
"NONMEVIPP_PWY_methylerythritol_phosphate_pwy_I"	"dysbiosis_state"	"dysbiosis_CD"	"dysbiosis_statedysbiosis_CD"	-1.54210507787857	1.05158147141663	0.142522256545313	NA	0.999999991570846	"prevalence"	754	750	6.8018906656762e-08	1.51001972778012e-05
"PWY_2942_L_lysine_biosyn_III"	"dysbiosis_state"	"dysbiosis_CD"	"dysbiosis_statedysbiosis_CD"	-0.277010435382344	0.0792191303813678	8.79222373606274e-08	NA	9.75936834702964e-06	"abundance"	754	753	1.75844466990935e-07	1.95187358359937e-05
"PWY_7228_SP_of_guanosine_nt_de_novo_biosyn_I"	"dysbiosis_state"	"dysbiosis_CD"	"dysbiosis_statedysbiosis_CD"	-0.491976809347316	0.12482066023632	3.39246179777719e-07	NA	2.51042173035512e-05	"abundance"	754	734	6.78492244467468e-07	5.02084260905926e-05
"PWY_7228_SP_of_guanosine_nt_de_novo_biosyn_I"	"dysbiosis_state"	"dysbiosis_CD"	"dysbiosis_statedysbiosis_CD"	-2.90492879441941	0.999911693545348	0.00367035688102643	NA	0.41395090769941	"prevalence"	754	734	6.78492244467468e-07	5.02084260905926e-05
"PWY_5097_L_lysine_biosyn_VI"	"dysbiosis_state"	"dysbiosis_CD"	"dysbiosis_statedysbiosis_CD"	-0.308472153258793	0.0947256298273619	1.48761766208506e-06	NA	8.25627802457207e-05	"abundance"	754	753	1.48761766208506e-06	8.25627802457207e-05
"PWY_6387_UDP_N_acetylmuramoyl_pentapeptide_biosyn_I"	"dysbiosis_state"	"dysbiosis_CD"	"dysbiosis_statedysbiosis_CD"	-0.0921681763442884	0.0700298189536871	0.000533579913798439	NA	0.0197424568105422	"abundance"	754	750	0.00106687512007247	0.0325582526378955
"PWY_7221_guanosine_rnt_de_novo_biosyn"	"antibiotics"	"Yes"	"antibioticsYes"	0.265419876352404	0.0654325615543228	0.00117327036532957	NA	0.0289406690114627	"abundance"	754	753	0.00117327036532957	0.0325582526378955
"PWY_7221_guanosine_rnt_de_novo_biosyn"	"dysbiosis_state"	"dysbiosis_CD"	"dysbiosis_statedysbiosis_CD"	-0.115999739763987	0.0794954127969538	0.000807153328560592	NA	0.0255982912772073	"abundance"	754	753	0.000807153328560592	0.0325582526378955
"PWY66_422_D_galactose_deg_V"	"dysbiosis_state"	"dysbiosis_CD"	"dysbiosis_statedysbiosis_CD"	0.825688891767822	0.193522546550082	0.00052853998793344	NA	0.0197424568105422	"abundance"	754	738	0.00105680062134804	0.0325582526378955
"PWY_6387_UDP_N_acetylmuramoyl_pentapeptide_biosyn_I"	"dysbiosis_state"	"dysbiosis_CD"	"dysbiosis_statedysbiosis_CD"	-2.0618107090491	1.02684719839127	0.0446534824577166	NA	0.593253409795378	"prevalence"	754	750	0.00106687512007247	0.0325582526378955
"PWY66_422_D_galactose_deg_V"	"dysbiosis_state"	"dysbiosis_CD"	"dysbiosis_statedysbiosis_CD"	-0.984858016383655	0.782547329321172	0.208200733054482	NA	0.999999991570846	"prevalence"	754	738	0.00105680062134804	0.0325582526378955
"PWY_7208_SP_of_pyrimidine_nucleobases_salvage"	"dysbiosis_state"	"dysbiosis_CD"	"dysbiosis_statedysbiosis_CD"	-0.271611366986484	0.12792529274838	0.000997297276184162	NA	0.0276749994141105	"abundance"	754	745	0.00199359995051124	0.0491754654459439
"PWY_7208_SP_of_pyrimidine_nucleobases_salvage"	"dysbiosis_state"	"dysbiosis_CD"	"dysbiosis_statedysbiosis_CD"	-2.52960227047215	0.961532495695611	0.00851834769471822	NA	0.41395090769941	"prevalence"	754	745	0.00199359995051124	0.0491754654459439
"COA_PWY_1_coenzyme_A_biosyn_II"	"dysbiosis_state"	"dysbiosis_CD"	"dysbiosis_statedysbiosis_CD"	-0.153716409177428	0.09545157802847	0.00144934977379711	NA	0.032175564978296	"abundance"	754	751	0.00289659893282742	0.0643044963087688
"COA_PWY_1_coenzyme_A_biosyn_II"	"dysbiosis_state"	"dysbiosis_CD"	"dysbiosis_statedysbiosis_CD"	-2.00005455826529	1.42901341319117	0.161631585533288	NA	0.999999991570846	"prevalence"	754	751	0.00289659893282742	0.0643044963087688
"PWY_5686_UMP_biosyn"	"dysbiosis_state"	"dysbiosis_CD"	"dysbiosis_statedysbiosis_CD"	-0.104164633307216	0.0871504990169365	0.00346198575304553	NA	0.0548972026554362	"abundance"	754	753	0.00346198575304553	0.0698691670160097
"PWY_5686_UMP_biosyn"	"age"	"age"	"age"	0.067216846814816	0.0353111483348696	0.0050824685691404	NA	0.0676900577099967	"abundance"	754	753	0.0050824685691404	0.0805934301677978
"PWY_6151_S_adenosyl_L_methionine_cyc_I"	"age"	"age"	"age"	-0.201554393260518	0.0536006796022152	0.00238992260658057	NA	0.0452416704421515	"abundance"	754	743	0.00477413348309569	0.0805934301677978
"PWY_6527_stachyose_deg"	"dysbiosis_state"	"dysbiosis_CD"	"dysbiosis_statedysbiosis_CD"	0.699084421477718	0.179932102902488	0.00244549569957576	NA	0.0452416704421515	"abundance"	754	721	0.00488501094993487	0.0805934301677978
"PWY_6151_S_adenosyl_L_methionine_cyc_I"	"age"	"age"	"age"	-0.368180985073812	0.276477254317113	0.182963277238613	NA	0.999999991570846	"prevalence"	754	743	0.00477413348309569	0.0805934301677978
"PWY_6527_stachyose_deg"	"dysbiosis_state"	"dysbiosis_CD"	"dysbiosis_statedysbiosis_CD"	-0.851902434583481	0.766844402701132	0.266602981942479	NA	0.999999991570846	"prevalence"	754	721	0.00488501094993487	0.0805934301677978
"PWY_3841_folate_transformations_II"	"age"	"age"	"age"	0.113057253703991	0.0481362522300352	0.00286565411505677	NA	0.0489365548878926	"abundance"	754	738	0.0057230962566064	0.0847018245977748
"PWY_3841_folate_transformations_II"	"age"	"age"	"age"	0.376432413202337	0.592740577143714	0.525382041469567	NA	0.999999991570846	"prevalence"	754	738	0.0057230962566064	0.0847018245977748
"PWY_2942_L_lysine_biosyn_III"	"age"	"age"	"age"	0.0541878606644028	0.0310016041413715	0.0054883830575673	NA	0.0676900577099967	"abundance"	754	753	0.010946643766548	0.127902890324929
"PWY_6609_adenine__adenosine_salvage_III"	"dysbiosis_state"	"dysbiosis_CD"	"dysbiosis_statedysbiosis_CD"	-0.20720986185931	0.142357825732155	0.0120355404384074	NA	0.111328749055269	"abundance"	754	743	0.00983476975833307	0.127902890324929
"PWY_7220_adenosine_dnt_de_novo_biosyn_II"	"antibiotics"	"Yes"	"antibioticsYes"	-0.41880715858663	0.168790790063566	0.0053965575389204	NA	0.0676900577099967	"abundance"	754	735	0.0107639922445699	0.127902890324929
"PWY_7222_guanosine_dnt_de_novo_biosyn_II"	"antibiotics"	"Yes"	"antibioticsYes"	-0.41880715858663	0.168790790063566	0.0053965575389204	NA	0.0676900577099967	"abundance"	754	735	0.0107639922445699	0.127902890324929
"PWY_6609_adenine__adenosine_salvage_III"	"dysbiosis_state"	"dysbiosis_CD"	"dysbiosis_statedysbiosis_CD"	-1.95451034211258	0.695158793135159	0.00492953503700707	NA	0.41395090769941	"prevalence"	754	743	0.00983476975833307	0.127902890324929
"PWY_7220_adenosine_dnt_de_novo_biosyn_II"	"antibiotics"	"Yes"	"antibioticsYes"	-0.720538636919227	0.688455157556776	0.295283117378205	NA	0.999999991570846	"prevalence"	754	735	0.0107639922445699	0.127902890324929
"PWY_7222_guanosine_dnt_de_novo_biosyn_II"	"antibiotics"	"Yes"	"antibioticsYes"	-0.720538636919227	0.688455157556776	0.295283117378205	NA	0.999999991570846	"prevalence"	754	735	0.0107639922445699	0.127902890324929
"PANTO_PWY_phosphopantothenate_biosyn_I"	"dysbiosis_state"	"dysbiosis_CD"	"dysbiosis_statedysbiosis_CD"	-0.125200565814489	0.114706306455078	0.0161197938414316	NA	0.137638239722993	"abundance"	754	749	0.0161197938414316	0.172021114612233
"PWY_6125_SP_of_guanosine_nt_de_novo_biosyn_II"	"antibiotics"	"Yes"	"antibioticsYes"	-0.335317523205383	0.146116661613361	0.00816950419865313	NA	0.095454206952684	"abundance"	754	721	0.0162722675984545	0.172021114612233
"PWY_6125_SP_of_guanosine_nt_de_novo_biosyn_II"	"antibiotics"	"Yes"	"antibioticsYes"	-0.390158566961337	0.641324662381867	0.542946361562853	NA	0.999999991570846	"prevalence"	754	721	0.0162722675984545	0.172021114612233
"PEPTIDOGLYCANSYN_PWY_peptidoglycan_biosyn_I"	"dysbiosis_state"	"dysbiosis_CD"	"dysbiosis_statedysbiosis_CD"	-0.0269341688930894	0.0680710073291102	0.00895075175948486	NA	0.0993533445302819	"abundance"	754	750	0.0178213875619098	0.17983400176109
"PEPTIDOGLYCANSYN_PWY_peptidoglycan_biosyn_I"	"dysbiosis_state"	"dysbiosis_CD"	"dysbiosis_statedysbiosis_CD"	-2.0618107090491	1.02684719839127	0.0446534824577166	NA	0.593253409795378	"prevalence"	754	750	0.0178213875619098	0.17983400176109
"PWY_5667_CDP_diacylglycerol_biosyn_I"	"dysbiosis_state"	"dysbiosis_CD"	"dysbiosis_statedysbiosis_CD"	-0.09277024045235	0.0948515728192857	0.0102264027029109	NA	0.1031937000021	"abundance"	754	752	0.0203482260935796	0.188221091365611
"PWY0_1319_CDP_diacylglycerol_biosyn_II"	"dysbiosis_state"	"dysbiosis_CD"	"dysbiosis_statedysbiosis_CD"	-0.0928881831176418	0.0948519018435448	0.0101903155337167	NA	0.1031937000021	"abundance"	754	752	0.0202767885367566	0.188221091365611
"PWY_6317_galactose_deg_I"	"dysbiosis_state"	"dysbiosis_CD"	"dysbiosis_statedysbiosis_CD"	0.630760717933553	0.189426284534567	0.0116576371472268	NA	0.111328749055269	"abundance"	754	720	0.0231793737905972	0.205832839260503
"PWY_6317_galactose_deg_I"	"dysbiosis_state"	"dysbiosis_CD"	"dysbiosis_statedysbiosis_CD"	-0.684506339846894	0.729914795364005	0.34835266234898	NA	0.999999991570846	"prevalence"	754	720	0.0231793737905972	0.205832839260503
"PWY_6126_SP_of_adenosine_nt_de_novo_biosyn_II"	"antibiotics"	"Yes"	"antibioticsYes"	-0.323565810441532	0.150365577439249	0.0126622930607013	NA	0.112441162379027	"abundance"	754	735	0.0251642524558474	0.21486400173839
"PWY_6126_SP_of_adenosine_nt_de_novo_biosyn_II"	"antibiotics"	"Yes"	"antibioticsYes"	-0.720538636919227	0.688455157556776	0.295283117378205	NA	0.999999991570846	"prevalence"	754	735	0.0251642524558474	0.21486400173839
"PWY_6125_SP_of_guanosine_nt_de_novo_biosyn_II"	"dysbiosis_state"	"dysbiosis_CD"	"dysbiosis_statedysbiosis_CD"	0.21324633741844	0.179643793087095	0.731122672991726	NA	0.927481333738076	"abundance"	754	721	0.0306741450472913	0.228770232386679
"PWY_6317_galactose_deg_I"	"dysbiosis_state"	"dysbiosis_UC"	"dysbiosis_statedysbiosis_UC"	0.450348824290383	0.31402570830255	0.132002951558476	NA	0.471377029380865	"abundance"	754	720	0.0309148962684701	0.228770232386679
"PWY_6527_stachyose_deg"	"dysbiosis_state"	"dysbiosis_UC"	"dysbiosis_statedysbiosis_UC"	0.571467322313242	0.299753293748489	0.0476570745028139	NA	0.293885292767352	"abundance"	754	721	0.028065653207758	0.228770232386679
"PWY66_422_D_galactose_deg_V"	"dysbiosis_state"	"dysbiosis_UC"	"dysbiosis_statedysbiosis_UC"	0.175072444823677	0.307987434400568	0.519928938682722	NA	0.779893408024083	"abundance"	754	738	0.0302580110467313	0.228770232386679
"PWY_6125_SP_of_guanosine_nt_de_novo_biosyn_II"	"dysbiosis_state"	"dysbiosis_CD"	"dysbiosis_statedysbiosis_CD"	-1.57700232478354	0.651249702327534	0.0154565246000009	NA	0.41395090769941	"prevalence"	754	721	0.0306741450472913	0.228770232386679
"PWY_6317_galactose_deg_I"	"dysbiosis_state"	"dysbiosis_UC"	"dysbiosis_statedysbiosis_UC"	-2.27252421519123	0.939588969742918	0.0155787976015907	NA	0.41395090769941	"prevalence"	754	720	0.0309148962684701	0.228770232386679
"PWY_6527_stachyose_deg"	"dysbiosis_state"	"dysbiosis_UC"	"dysbiosis_statedysbiosis_UC"	-2.37416213078505	0.967516349030576	0.0141326931111662	NA	0.41395090769941	"prevalence"	754	721	0.028065653207758	0.228770232386679
"PWY66_422_D_galactose_deg_V"	"dysbiosis_state"	"dysbiosis_UC"	"dysbiosis_statedysbiosis_UC"	-2.33710470366879	0.963158403575915	0.0152452137951963	NA	0.41395090769941	"prevalence"	754	738	0.0302580110467313	0.228770232386679
"PWY_6737_starch_deg_V"	"dysbiosis_state"	"dysbiosis_CD"	"dysbiosis_statedysbiosis_CD"	0.546315274367363	0.184928947651331	0.033138433986683	NA	0.246958866007103	"abundance"	754	751	0.033138433986683	0.23731394661431
"PWY_6700_queuosine_biosyn"	"diagnosis"	"UC"	"diagnosisUC"	0.455032348354231	0.175260198634321	0.017482238358687	NA	0.143742848726982	"abundance"	754	731	0.0346588480593442	0.2404457584117
"PWY_6700_queuosine_biosyn"	"diagnosis"	"UC"	"diagnosisUC"	14.2679345534683	6.11780089430444	0.0196901781334972	NA	0.45779664160381	"prevalence"	754	731	0.0346588480593442	0.2404457584117
"PWY_5686_UMP_biosyn"	"dysbiosis_state"	"dysbiosis_UC"	"dysbiosis_statedysbiosis_UC"	0.24393821074289	0.128440230313048	0.0378968058137387	NA	0.271390028730645	"abundance"	754	753	0.0378968058137387	0.254942148201515
"PWY_3841_folate_transformations_II"	"dysbiosis_state"	"dysbiosis_CD"	"dysbiosis_statedysbiosis_CD"	-0.107128607087462	0.116933356613808	0.0273149876766419	NA	0.216568830864803	"abundance"	754	738	0.0538838668015086	0.351829953821615
"PWY_3841_folate_transformations_II"	"dysbiosis_state"	"dysbiosis_CD"	"dysbiosis_statedysbiosis_CD"	-1.30416988813703	1.0358196844254	0.208004910401965	NA	0.999999991570846	"prevalence"	754	738	0.0538838668015086	0.351829953821615
"PWY_6126_SP_of_adenosine_nt_de_novo_biosyn_II"	"diagnosis"	"UC"	"diagnosisUC"	0.473171668548194	0.204961913365669	0.0333728197306896	NA	0.246958866007103	"abundance"	754	735	0.0656318943646021	0.416293729969762
"PWY_6126_SP_of_adenosine_nt_de_novo_biosyn_II"	"diagnosis"	"UC"	"diagnosisUC"	-2.19116004233025	1.05597710728928	0.0379858726006956	NA	0.593253409795378	"prevalence"	754	735	0.0656318943646021	0.416293729969762
"PWY_7219_adenosine_rnt_de_novo_biosyn"	"antibiotics"	"Yes"	"antibioticsYes"	0.168544113633482	0.0637158104983744	0.0683709387619086	NA	0.352984846631249	"abundance"	754	754	0.0683709387619086	0.42162078903177
"NONOXIPENT_PWY_pentose_phosphate_pwy"	"age"	"age"	"age"	0.076469163697943	0.053317921031512	0.0406721273210867	NA	0.274886170518812	"abundance"	754	751	0.0796900327013507	0.433459097945402
"NONOXIPENT_PWY_pentose_phosphate_pwy"	"antibiotics"	"Yes"	"antibioticsYes"	0.0646563269766986	0.111954216832796	0.911769686297828	NA	1	"abundance"	754	751	0.0794808915579578	0.433459097945402
"PWY_7220_adenosine_dnt_de_novo_biosyn_II"	"diagnosis"	"UC"	"diagnosisUC"	0.483989576514778	0.238514729184141	0.060418748579735	NA	0.335324054617529	"abundance"	754	735	0.074528818684155	0.433459097945402
"PWY_7222_guanosine_dnt_de_novo_biosyn_II"	"diagnosis"	"UC"	"diagnosisUC"	0.483989576514778	0.238514729184141	0.060418748579735	NA	0.335324054617529	"abundance"	754	735	0.074528818684155	0.433459097945402
"PWY0_1296_purine_rns_deg"	"dysbiosis_state"	"dysbiosis_CD"	"dysbiosis_statedysbiosis_CD"	0.517017176633227	0.178329537395537	0.0408614577798233	NA	0.274886170518812	"abundance"	754	744	0.0800532568277544	0.433459097945402
"NONOXIPENT_PWY_pentose_phosphate_pwy"	"age"	"age"	"age"	2.88222173059976	2.44016307194685	0.237539377096434	NA	0.999999991570846	"prevalence"	754	751	0.0796900327013507	0.433459097945402
"NONOXIPENT_PWY_pentose_phosphate_pwy"	"antibiotics"	"Yes"	"antibioticsYes"	-3.20852575551933	1.5666874031552	0.040563129517089	NA	0.593253409795378	"prevalence"	754	751	0.0794808915579578	0.433459097945402
"PWY_7220_adenosine_dnt_de_novo_biosyn_II"	"diagnosis"	"UC"	"diagnosisUC"	-2.19116004233025	1.05597710728928	0.0379858726006956	NA	0.593253409795378	"prevalence"	754	735	0.074528818684155	0.433459097945402
"PWY_7222_guanosine_dnt_de_novo_biosyn_II"	"diagnosis"	"UC"	"diagnosisUC"	-2.19116004233025	1.05597710728928	0.0379858726006956	NA	0.593253409795378	"prevalence"	754	735	0.074528818684155	0.433459097945402
"PWY0_1296_purine_rns_deg"	"dysbiosis_state"	"dysbiosis_CD"	"dysbiosis_statedysbiosis_CD"	-12.0194043373762	74.6419973278493	0.872071845734597	NA	0.999999991570846	"prevalence"	754	744	0.0800532568277544	0.433459097945402
"PWY_7229_SP_of_adenosine_nt_de_novo_biosyn_I"	"diagnosis"	"UC"	"diagnosisUC"	0.394051782740614	0.176745473510698	0.0426916088225586	NA	0.278751092900236	"abundance"	754	744	0.0835606441812589	0.441677690672368
"PWY_7229_SP_of_adenosine_nt_de_novo_biosyn_I"	"diagnosis"	"UC"	"diagnosisUC"	-0.648333220894926	1.22934460236047	0.597928902270033	NA	0.999999991570846	"prevalence"	754	744	0.0835606441812589	0.441677690672368
"PWY_5686_UMP_biosyn"	"antibiotics"	"Yes"	"antibioticsYes"	0.174956950423522	0.0720362156307297	0.0889003384664398	NA	0.401751332031659	"abundance"	754	753	0.0889003384664398	0.448542616807946
"PWY0_1296_purine_rns_deg"	"age"	"age"	"age"	-0.15112321961328	0.0575913568316393	0.0453700312027455	NA	0.287775626485986	"abundance"	754	744	0.088681622674153	0.448542616807946
"PWY0_1296_purine_rns_deg"	"age"	"age"	"age"	-0.494999566294927	0.402924536582315	0.219253023034451	NA	0.999999991570846	"prevalence"	754	744	0.088681622674153	0.448542616807946
"PWY_5097_L_lysine_biosyn_VI"	"age"	"age"	"age"	0.0284249553039099	0.0370332444927558	0.0941039156110193	NA	0.401751332031659	"abundance"	754	753	0.0941039156110193	0.464245983681029
"PWY_7221_guanosine_rnt_de_novo_biosyn"	"age"	"age"	"age"	0.0204970946291753	0.0334793537286836	0.106058341428063	NA	0.436017625870925	"abundance"	754	753	0.106058341428063	0.503071594209167
"PWY_7229_SP_of_adenosine_nt_de_novo_biosyn_I"	"antibiotics"	"Yes"	"antibioticsYes"	-0.193006298935902	0.127476777426939	0.054751962881468	NA	0.328511777288808	"abundance"	754	744	0.106506148323562	0.503071594209167
"PWY_7229_SP_of_adenosine_nt_de_novo_biosyn_I"	"antibiotics"	"Yes"	"antibioticsYes"	0.0756407682317826	1.1035977218196	0.94535564942364	NA	0.999999991570846	"prevalence"	754	744	0.106506148323562	0.503071594209167
"NONMEVIPP_PWY_methylerythritol_phosphate_pwy_I"	"age"	"age"	"age"	0.044189388675493	0.0408266816391193	0.0578726228117018	NA	0.335324054617529	"abundance"	754	750	0.112396005152298	0.519831523829379
"NONMEVIPP_PWY_methylerythritol_phosphate_pwy_I"	"age"	"age"	"age"	-0.342847455522695	0.473184176853762	0.468725729986037	NA	0.999999991570846	"prevalence"	754	750	0.112396005152298	0.519831523829379
"PWY_6703_preQ0_biosyn"	"dysbiosis_state"	"dysbiosis_CD"	"dysbiosis_statedysbiosis_CD"	-0.17472249631102	0.175295135804758	0.063204571368086	NA	0.342229630334514	"abundance"	754	723	0.122414324894349	0.554611839317253
"PWY_6703_preQ0_biosyn"	"dysbiosis_state"	"dysbiosis_CD"	"dysbiosis_statedysbiosis_CD"	-1.2094227902063	0.658126358344814	0.0661102124875162	NA	0.768531220167375	"prevalence"	754	723	0.122414324894349	0.554611839317253
"PWY_6125_SP_of_guanosine_nt_de_novo_biosyn_II"	"diagnosis"	"UC"	"diagnosisUC"	0.400090646640323	0.20504727646571	0.0750053573745052	NA	0.370026429714226	"abundance"	754	721	0.136750419493877	0.55708194381375
"PWY_6317_galactose_deg_I"	"antibiotics"	"Yes"	"antibioticsYes"	0.34340184170185	0.158550394882542	0.0667238663543504	NA	0.352683293587281	"abundance"	754	720	0.128995658367428	0.55708194381375
"PWY_6385_peptidoglycan_biosyn_III"	"dysbiosis_state"	"dysbiosis_CD"	"dysbiosis_statedysbiosis_CD"	0.289995639251097	0.081938852708183	0.091403856937327	NA	0.401751332031659	"abundance"	754	748	0.127608959435993	0.55708194381375
"PWY_7219_adenosine_rnt_de_novo_biosyn"	"age"	"age"	"age"	0.00584684179537319	0.0263716082911196	0.132710613515092	NA	0.471377029380865	"abundance"	754	754	0.132710613515092	0.55708194381375
"PWY_7219_adenosine_rnt_de_novo_biosyn"	"diagnosis"	"UC"	"diagnosisUC"	0.139372544128324	0.072256422157453	0.138015796890794	NA	0.471377029380865	"abundance"	754	754	0.138015796890794	0.55708194381375
"PWY_7221_guanosine_rnt_de_novo_biosyn"	"dysbiosis_state"	"dysbiosis_UC"	"dysbiosis_statedysbiosis_UC"	0.149912397857305	0.116253177214126	0.136909325044288	NA	0.471377029380865	"abundance"	754	753	0.136909325044288	0.55708194381375
"PWY_6125_SP_of_guanosine_nt_de_novo_biosyn_II"	"diagnosis"	"UC"	"diagnosisUC"	-1.35475791603369	0.750061452505535	0.0708877460144427	NA	0.775595338746256	"prevalence"	754	721	0.136750419493877	0.55708194381375
"PWY_6317_galactose_deg_I"	"antibiotics"	"Yes"	"antibioticsYes"	-0.440037682893468	0.68491722881683	0.520569094137987	NA	0.999999991570846	"prevalence"	754	720	0.128995658367428	0.55708194381375
"PWY_6385_peptidoglycan_biosyn_III"	"dysbiosis_state"	"dysbiosis_CD"	"dysbiosis_statedysbiosis_CD"	-1.87973143034512	1.02239826135	0.0659812418564567	NA	0.768531220167375	"prevalence"	754	748	0.127608959435993	0.55708194381375
"PWY_6609_adenine__adenosine_salvage_III"	"age"	"age"	"age"	0.0458384098190915	0.0443104771496774	0.0744938654953925	NA	0.370026429714226	"abundance"	754	743	0.143438394994339	0.5586548015569
"PWY_6737_starch_deg_V"	"age"	"age"	"age"	-0.132868206839578	0.0668198259858857	0.143037998678233	NA	0.481127813735875	"abundance"	754	751	0.143037998678233	0.5586548015569
"PWY_6609_adenine__adenosine_salvage_III"	"age"	"age"	"age"	0.199532868682869	0.300447058449534	0.506613578161593	NA	0.999999991570846	"prevalence"	754	743	0.143438394994339	0.5586548015569
"PWY_6385_peptidoglycan_biosyn_III"	"dysbiosis_state"	"dysbiosis_UC"	"dysbiosis_statedysbiosis_UC"	0.00733243528468906	0.122267173697794	0.80286540940133	NA	0.979015384006732	"abundance"	754	748	0.155897622389813	0.591263744999178
"PWY_6700_queuosine_biosyn"	"diagnosis"	"CD"	"diagnosisCD"	0.321691503777011	0.160140176497089	0.0819246555751761	NA	0.395375511688893	"abundance"	754	731	0.157137661959241	0.591263744999178
"PWY_6385_peptidoglycan_biosyn_III"	"dysbiosis_state"	"dysbiosis_UC"	"dysbiosis_statedysbiosis_UC"	-2.50260790536739	1.43540841421746	0.0812495564027267	NA	0.776625522373538	"prevalence"	754	748	0.155897622389813	0.591263744999178
"PWY_6700_queuosine_biosyn"	"diagnosis"	"CD"	"diagnosisCD"	0.596408825067616	0.626527497887185	0.341133694784918	NA	0.999999991570846	"prevalence"	754	731	0.157137661959241	0.591263744999178
"PWY_6126_SP_of_adenosine_nt_de_novo_biosyn_II"	"age"	"age"	"age"	-0.15109530950679	0.0752208965126394	0.123322776758471	NA	0.471377029380865	"abundance"	754	735	0.167678652581201	0.592079042649921
"PWY_6609_adenine__adenosine_salvage_III"	"dysbiosis_state"	"dysbiosis_UC"	"dysbiosis_statedysbiosis_UC"	-0.407716366228435	0.22499324091443	0.0878719558210453	NA	0.401751332031659	"abundance"	754	743	0.168022431022275	0.592079042649921
"PWY_7220_adenosine_dnt_de_novo_biosyn_II"	"age"	"age"	"age"	-0.182916255710426	0.0875948499048603	0.0926334130490476	NA	0.401751332031659	"abundance"	754	735	0.167678652581201	0.592079042649921
"PWY_7222_guanosine_dnt_de_novo_biosyn_II"	"age"	"age"	"age"	-0.182916255710426	0.0875948499048603	0.0926334130490476	NA	0.401751332031659	"abundance"	754	735	0.167678652581201	0.592079042649921
"PWY_6126_SP_of_adenosine_nt_de_novo_biosyn_II"	"age"	"age"	"age"	-0.360430716142346	0.21105642532743	0.087683526719593	NA	0.776625522373538	"prevalence"	754	735	0.167678652581201	0.592079042649921
"PWY_6609_adenine__adenosine_salvage_III"	"dysbiosis_state"	"dysbiosis_UC"	"dysbiosis_statedysbiosis_UC"	-1.58985621526142	1.17291135562865	0.175265129542457	NA	0.999999991570846	"prevalence"	754	743	0.168022431022275	0.592079042649921
"PWY_7220_adenosine_dnt_de_novo_biosyn_II"	"age"	"age"	"age"	-0.360430716142346	0.21105642532743	0.087683526719593	NA	0.776625522373538	"prevalence"	754	735	0.167678652581201	0.592079042649921
"PWY_7222_guanosine_dnt_de_novo_biosyn_II"	"age"	"age"	"age"	-0.360430716142346	0.21105642532743	0.087683526719593	NA	0.776625522373538	"prevalence"	754	735	0.167678652581201	0.592079042649921
"PWY_6700_queuosine_biosyn"	"dysbiosis_state"	"dysbiosis_UC"	"dysbiosis_statedysbiosis_UC"	0.384374707737197	0.244818776328433	0.0964046451030506	NA	0.403808136092023	"abundance"	754	731	0.183515434608656	0.636569163798776
"PWY_6700_queuosine_biosyn"	"dysbiosis_state"	"dysbiosis_UC"	"dysbiosis_statedysbiosis_UC"	0.805049373161167	8.53569314818519	0.924858425344225	NA	0.999999991570846	"prevalence"	754	731	0.183515434608656	0.636569163798776
"PWY_5686_UMP_biosyn"	"diagnosis"	"UC"	"diagnosisUC"	-0.0864934066012377	0.0963883838127202	0.225150171259258	NA	0.666593351086717	"abundance"	754	753	0.225150171259258	0.757323303326594
"PWY_7208_SP_of_pyrimidine_nucleobases_salvage"	"antibiotics"	"Yes"	"antibioticsYes"	-0.114014832774643	0.106290066472667	0.118203744918736	NA	0.471377029380865	"abundance"	754	745	0.222435364524658	0.757323303326594
"PWY_7208_SP_of_pyrimidine_nucleobases_salvage"	"antibiotics"	"Yes"	"antibioticsYes"	0.410613084474497	1.24550704775571	0.741645212930323	NA	0.999999991570846	"prevalence"	754	745	0.222435364524658	0.757323303326594
"PWY_7229_SP_of_adenosine_nt_de_novo_biosyn_I"	"diagnosis"	"CD"	"diagnosisCD"	0.289675335660467	0.160863321778994	0.124121250113296	NA	0.471377029380865	"abundance"	754	744	0.232836415496904	0.771487824482279
"PWY_7229_SP_of_adenosine_nt_de_novo_biosyn_I"	"diagnosis"	"CD"	"diagnosisCD"	-0.873469960142716	1.12664821137806	0.438173105347302	NA	0.999999991570846	"prevalence"	754	744	0.232836415496904	0.771487824482279
"VALSYN_PWY_L_valine_biosyn"	"dysbiosis_state"	"dysbiosis_UC"	"dysbiosis_statedysbiosis_UC"	0.255545798045919	0.182050596332033	0.126158698955221	NA	0.471377029380865	"abundance"	754	753	0.236401380588367	0.771780977803198
"VALSYN_PWY_L_valine_biosyn"	"dysbiosis_state"	"dysbiosis_UC"	"dysbiosis_statedysbiosis_UC"	0.178083483473855	16856977.8837396	0.999999991570846	NA	0.999999991570846	"prevalence"	754	753	0.236401380588367	0.771780977803198
"PWY_6700_queuosine_biosyn"	"dysbiosis_state"	"dysbiosis_CD"	"dysbiosis_statedysbiosis_CD"	-0.105344941390214	0.169264411227653	0.129664379077621	NA	0.471377029380865	"abundance"	754	731	0.242515906953657	0.780268570198721
"PWY_6700_queuosine_biosyn"	"dysbiosis_state"	"dysbiosis_CD"	"dysbiosis_statedysbiosis_CD"	-0.82638861604825	0.779125551579984	0.288843680924537	NA	0.999999991570846	"prevalence"	754	731	0.242515906953657	0.780268570198721
"PWY_7228_SP_of_guanosine_nt_de_novo_biosyn_I"	"diagnosis"	"CD"	"diagnosisCD"	-0.131817519817374	0.113594110073416	0.133440751596802	NA	0.471377029380865	"abundance"	754	734	0.249075069006885	0.789923790278977
"PWY_7228_SP_of_guanosine_nt_de_novo_biosyn_I"	"diagnosis"	"CD"	"diagnosisCD"	-0.584722899928338	1.54206817205873	0.704553484607646	NA	0.999999991570846	"prevalence"	754	734	0.249075069006885	0.789923790278977
"PWY_7229_SP_of_adenosine_nt_de_novo_biosyn_I"	"age"	"age"	"age"	-0.131584813277435	0.0648100364313131	0.136196362035257	NA	0.471377029380865	"abundance"	754	744	0.253843275038875	0.793707141670848
"PWY_7229_SP_of_adenosine_nt_de_novo_biosyn_I"	"age"	"age"	"age"	0.267328138226796	0.378713010248014	0.480259155610544	NA	0.999999991570846	"prevalence"	754	744	0.253843275038875	0.793707141670848
"PWY_6125_SP_of_guanosine_nt_de_novo_biosyn_II"	"dysbiosis_state"	"dysbiosis_UC"	"dysbiosis_statedysbiosis_UC"	-0.184738775794541	0.279452421171469	0.5634254893855	NA	0.812210770412863	"abundance"	754	721	0.258213381064052	0.796157924947494
"PWY_6125_SP_of_guanosine_nt_de_novo_biosyn_II"	"dysbiosis_state"	"dysbiosis_UC"	"dysbiosis_statedysbiosis_UC"	-1.15135446694697	0.777659361531488	0.138729648173149	NA	0.999999991570846	"prevalence"	754	721	0.258213381064052	0.796157924947494
"PWY_7229_SP_of_adenosine_nt_de_novo_biosyn_I"	"dysbiosis_state"	"dysbiosis_UC"	"dysbiosis_statedysbiosis_UC"	-0.0197586190451352	0.235245004308004	0.988325730994453	NA	1	"abundance"	754	744	0.273445656673181	0.831574462759538
"PWY_7229_SP_of_adenosine_nt_de_novo_biosyn_I"	"dysbiosis_state"	"dysbiosis_UC"	"dysbiosis_statedysbiosis_UC"	-1.8154386542602	1.25376024286368	0.147618428562173	NA	0.999999991570846	"prevalence"	754	744	0.273445656673181	0.831574462759538
"PWY_6125_SP_of_guanosine_nt_de_novo_biosyn_II"	"age"	"age"	"age"	-0.142972588823701	0.0753111626268025	0.151848574870498	NA	0.503140054048517	"abundance"	754	721	0.280639160050795	0.841917480152385
"PWY_6125_SP_of_guanosine_nt_de_novo_biosyn_II"	"age"	"age"	"age"	-0.186463517577429	0.221456787615442	0.39979578285514	NA	0.999999991570846	"prevalence"	754	721	0.280639160050795	0.841917480152385
"PWY_7219_adenosine_rnt_de_novo_biosyn"	"diagnosis"	"CD"	"diagnosisCD"	0.110488786861103	0.0659582043805053	0.289744282465347	NA	0.716358407656363	"abundance"	754	754	0.289744282465347	0.846358298780356
"PWY_7219_adenosine_rnt_de_novo_biosyn"	"dysbiosis_state"	"dysbiosis_CD"	"dysbiosis_statedysbiosis_CD"	0.231037417333972	0.0746824651483752	0.287227539032471	NA	0.716358407656363	"abundance"	754	754	0.287227539032471	0.846358298780356
"COA_PWY_1_coenzyme_A_biosyn_II"	"diagnosis"	"UC"	"diagnosisUC"	-0.116065507706664	0.104468769787067	0.1618371793646	NA	0.528350791455018	"abundance"	754	751	0.297483086104511	0.846682629682069
"PANTO_PWY_phosphopantothenate_biosyn_I"	"antibiotics"	"Yes"	"antibioticsYes"	-0.0470047748357533	0.095021756668913	0.296587612909221	NA	0.716358407656363	"abundance"	754	749	0.296587612909221	0.846682629682069
"PWY_5667_CDP_diacylglycerol_biosyn_I"	"age"	"age"	"age"	0.00114366000805565	0.0374828482538131	0.348154590158498	NA	0.716358407656363	"abundance"	754	752	0.311827692140367	0.854638859940264
"PWY_6317_galactose_deg_I"	"age"	"age"	"age"	-0.094980457700515	0.0663043467761936	0.361564041702158	NA	0.716358407656363	"abundance"	754	720	0.310146733936881	0.854638859940264
"PWY0_1319_CDP_diacylglycerol_biosyn_II"	"age"	"age"	"age"	0.00114260044787959	0.0374824224274973	0.348163530894134	NA	0.716358407656363	"abundance"	754	752	0.311827692140367	0.854638859940264
"PWY_5667_CDP_diacylglycerol_biosyn_I"	"age"	"age"	"age"	6.09018644867685	4.4428094328741	0.170438484583793	NA	0.999999991570846	"prevalence"	754	752	0.311827692140367	0.854638859940264
"PWY_6317_galactose_deg_I"	"age"	"age"	"age"	-0.31359284749512	0.228225091385102	0.169425941855202	NA	0.999999991570846	"prevalence"	754	720	0.310146733936881	0.854638859940264
"PWY0_1319_CDP_diacylglycerol_biosyn_II"	"age"	"age"	"age"	6.09018644867685	4.4428094328741	0.170438484583793	NA	0.999999991570846	"prevalence"	754	752	0.311827692140367	0.854638859940264
"PWY_5686_UMP_biosyn"	"diagnosis"	"CD"	"diagnosisCD"	-0.0457537144640133	0.0877706193477398	0.329668822473978	NA	0.716358407656363	"abundance"	754	753	0.329668822473978	0.881764802279796
"PWY_6527_stachyose_deg"	"antibiotics"	"Yes"	"antibioticsYes"	0.229282215087273	0.152544721988656	0.246219165716715	NA	0.666593351086717	"abundance"	754	721	0.326083609635635	0.881764802279796
"PWY_6527_stachyose_deg"	"antibiotics"	"Yes"	"antibioticsYes"	-0.876563205072593	0.652396115005941	0.179075892445371	NA	0.999999991570846	"prevalence"	754	721	0.326083609635635	0.881764802279796
"PWY_6317_galactose_deg_I"	"diagnosis"	"UC"	"diagnosisUC"	0.268811132449982	0.180517600101385	0.191170602637916	NA	0.615070634574165	"abundance"	754	720	0.345795005962888	0.913886801473348
"PWY_6317_galactose_deg_I"	"diagnosis"	"UC"	"diagnosisUC"	0.00269144828854845	0.71093179443623	0.996979372813595	NA	0.999999991570846	"prevalence"	754	720	0.345795005962888	0.913886801473348
"PWY_5097_L_lysine_biosyn_VI"	"antibiotics"	"Yes"	"antibioticsYes"	-0.0199290397802051	0.0786252652389582	0.358929802494966	NA	0.716358407656363	"abundance"	754	753	0.358929802494966	0.926539722719564
"PWY_7221_guanosine_rnt_de_novo_biosyn"	"diagnosis"	"UC"	"diagnosisUC"	0.115783009026257	0.0913062720334569	0.356774075049023	NA	0.716358407656363	"abundance"	754	753	0.356774075049023	0.926539722719564
"PWY_6737_starch_deg_V"	"antibiotics"	"Yes"	"antibioticsYes"	-0.0872137605509886	0.153738001152928	0.364632883176437	NA	0.716358407656363	"abundance"	754	751	0.364632883176437	0.930442529484701
"PWY_6609_adenine__adenosine_salvage_III"	"diagnosis"	"UC"	"diagnosisUC"	-0.121306575716218	0.121345602456963	0.212256793122086	NA	0.666593351086717	"abundance"	754	743	0.379460640017699	0.946519798695834
"PWY_7229_SP_of_adenosine_nt_de_novo_biosyn_I"	"dysbiosis_state"	"dysbiosis_CD"	"dysbiosis_statedysbiosis_CD"	0.175872376892159	0.154011251294784	0.874252551533879	NA	1	"abundance"	754	744	0.378170601024368	0.946519798695834
"PWY_6609_adenine__adenosine_salvage_III"	"diagnosis"	"UC"	"diagnosisUC"	-1.28241081453282	1.31740735296702	0.330337004544001	NA	0.999999991570846	"prevalence"	754	743	0.379460640017699	0.946519798695834
"PWY_7229_SP_of_adenosine_nt_de_novo_biosyn_I"	"dysbiosis_state"	"dysbiosis_CD"	"dysbiosis_statedysbiosis_CD"	-1.1209193587589	0.897008187579199	0.21143839874387	NA	0.999999991570846	"prevalence"	754	744	0.378170601024368	0.946519798695834
"NONMEVIPP_PWY_methylerythritol_phosphate_pwy_I"	"antibiotics"	"Yes"	"antibioticsYes"	-0.0352237635686931	0.0747210978557706	0.242126021889442	NA	0.666593351086717	"abundance"	754	750	0.425627033302877	0.955005250646792
"PWY_3841_folate_transformations_II"	"diagnosis"	"CD"	"diagnosisCD"	0.181598318502172	0.119634917697155	0.240092509290131	NA	0.666593351086717	"abundance"	754	738	0.42254060556303	0.955005250646792
"PWY_3841_folate_transformations_II"	"dysbiosis_state"	"dysbiosis_UC"	"dysbiosis_statedysbiosis_UC"	0.188742268126646	0.17182716819771	0.217813391193594	NA	0.666593351086717	"abundance"	754	738	0.388184109003934	0.955005250646792
"PWY_5097_L_lysine_biosyn_VI"	"diagnosis"	"CD"	"diagnosisCD"	-0.0388976518879296	0.0921692934628227	0.392563972133268	NA	0.744864972765687	"abundance"	754	753	0.392563972133268	0.955005250646792
"PWY_6121_5_aminoimidazole_rnt_biosyn_I"	"age"	"age"	"age"	0.00893089280656788	0.0358814869762399	0.232213456457668	NA	0.666593351086717	"abundance"	754	750	0.410503823555319	0.955005250646792
"PWY_6126_SP_of_adenosine_nt_de_novo_biosyn_II"	"diagnosis"	"CD"	"diagnosisCD"	0.259287389799884	0.186270160406131	0.24229340763263	NA	0.666593351086717	"abundance"	754	735	0.425880719883029	0.955005250646792
"PWY_6317_galactose_deg_I"	"diagnosis"	"CD"	"diagnosisCD"	0.238213311499263	0.16484246997021	0.232546303633625	NA	0.666593351086717	"abundance"	754	720	0.411014823933588	0.955005250646792
"PWY_6385_peptidoglycan_biosyn_III"	"age"	"age"	"age"	0.00610980725489531	0.0338677061006928	0.236897524154173	NA	0.666593351086717	"abundance"	754	748	0.41767461135797	0.955005250646792
"PWY_7228_SP_of_guanosine_nt_de_novo_biosyn_I"	"dysbiosis_state"	"dysbiosis_UC"	"dysbiosis_statedysbiosis_UC"	-0.24857771971038	0.191157556718272	0.238801165753312	NA	0.666593351086717	"abundance"	754	734	0.420576334741484	0.955005250646792
"PWY0_1296_purine_rns_deg"	"diagnosis"	"CD"	"diagnosisCD"	0.214230301036866	0.14404186583941	0.230145799685361	NA	0.666593351086717	"abundance"	754	744	0.407324510257908	0.955005250646792
"NONMEVIPP_PWY_methylerythritol_phosphate_pwy_I"	"antibiotics"	"Yes"	"antibioticsYes"	-0.306438667652134	1.20482792155689	0.799231147040219	NA	0.999999991570846	"prevalence"	754	750	0.425627033302877	0.955005250646792
"PWY_3841_folate_transformations_II"	"diagnosis"	"CD"	"diagnosisCD"	-0.595748462935694	1.32118129983391	0.652046449396188	NA	0.999999991570846	"prevalence"	754	738	0.42254060556303	0.955005250646792
"PWY_3841_folate_transformations_II"	"dysbiosis_state"	"dysbiosis_UC"	"dysbiosis_statedysbiosis_UC"	12.6596987784712	32.5897043012108	0.697677869146227	NA	0.999999991570846	"prevalence"	754	738	0.388184109003934	0.955005250646792
"PWY_6121_5_aminoimidazole_rnt_biosyn_I"	"age"	"age"	"age"	-0.303081350962041	0.45154401050537	0.502086059880363	NA	0.999999991570846	"prevalence"	754	750	0.410503823555319	0.955005250646792
"PWY_6126_SP_of_adenosine_nt_de_novo_biosyn_II"	"diagnosis"	"CD"	"diagnosisCD"	-1.18273022662672	1.11004944784374	0.286660914291418	NA	0.999999991570846	"prevalence"	754	735	0.425880719883029	0.955005250646792
"PWY_6317_galactose_deg_I"	"diagnosis"	"CD"	"diagnosisCD"	-0.263804898693222	0.636730960722633	0.67864606268957	NA	0.999999991570846	"prevalence"	754	720	0.411014823933588	0.955005250646792
"PWY_6385_peptidoglycan_biosyn_III"	"age"	"age"	"age"	-0.103063894498895	0.429151715081592	0.810208355697785	NA	0.999999991570846	"prevalence"	754	748	0.41767461135797	0.955005250646792
"PWY_7228_SP_of_guanosine_nt_de_novo_biosyn_I"	"dysbiosis_state"	"dysbiosis_UC"	"dysbiosis_statedysbiosis_UC"	-0.723411413340123	1.0147146065224	0.475894606170499	NA	0.999999991570846	"prevalence"	754	734	0.420576334741484	0.955005250646792
"PWY0_1296_purine_rns_deg"	"diagnosis"	"CD"	"diagnosisCD"	9.90406417810541	74.2115645878659	0.893831847519462	NA	0.999999991570846	"prevalence"	754	744	0.407324510257908	0.955005250646792
"PWY_6151_S_adenosyl_L_methionine_cyc_I"	"dysbiosis_state"	"dysbiosis_CD"	"dysbiosis_statedysbiosis_CD"	0.305343196294068	0.132534501613546	0.246103649794323	NA	0.666593351086717	"abundance"	754	743	0.431640293146559	0.958241450785361
"PWY_6151_S_adenosyl_L_methionine_cyc_I"	"dysbiosis_state"	"dysbiosis_CD"	"dysbiosis_statedysbiosis_CD"	-0.567341352746079	0.875520660751933	0.516982021484676	NA	0.999999991570846	"prevalence"	754	743	0.431640293146559	0.958241450785361
"PWY_6703_preQ0_biosyn"	"diagnosis"	"CD"	"diagnosisCD"	0.0494657343202058	0.170783944980882	0.957048611391738	NA	1	"abundance"	754	723	0.442183860084812	0.962400166066943
"PWY66_422_D_galactose_deg_V"	"diagnosis"	"CD"	"diagnosisCD"	0.241518237886901	0.174192135882234	0.25071880962338	NA	0.6705972980288	"abundance"	754	738	0.438577697747796	0.962400166066943
"PWY_6703_preQ0_biosyn"	"diagnosis"	"CD"	"diagnosisCD"	-0.957825345983879	0.838152263045344	0.253129100904856	NA	0.999999991570846	"prevalence"	754	723	0.442183860084812	0.962400166066943
"PWY66_422_D_galactose_deg_V"	"diagnosis"	"CD"	"diagnosisCD"	0.346575893097298	0.656087056338554	0.597328045426841	NA	0.999999991570846	"prevalence"	754	738	0.438577697747796	0.962400166066943
"PWY66_422_D_galactose_deg_V"	"diagnosis"	"UC"	"diagnosisUC"	0.248567308515397	0.190652670165612	0.257114922655081	NA	0.679518009874144	"abundance"	754	738	0.448121761858234	0.965854671189593
"PWY66_422_D_galactose_deg_V"	"diagnosis"	"UC"	"diagnosisUC"	0.649520153463351	0.764927158006267	0.395810736613297	NA	0.999999991570846	"prevalence"	754	738	0.448121761858234	0.965854671189593
"PANTO_PWY_phosphopantothenate_biosyn_I"	"diagnosis"	"CD"	"diagnosisCD"	-0.0378245052111897	0.112247894017129	0.488269307430954	NA	0.779893408024083	"abundance"	754	749	0.488269307430954	0.972872429228254
"PWY_6122_5_aminoimidazole_rnt_biosyn_II"	"antibiotics"	"Yes"	"antibioticsYes"	0.157769193039758	0.0956073806747333	0.27008922950863	NA	0.697207080824603	"abundance"	754	750	0.467230267120695	0.972872429228254
"PWY_6125_SP_of_guanosine_nt_de_novo_biosyn_II"	"diagnosis"	"CD"	"diagnosisCD"	0.238747906133788	0.186429675513591	0.289507798138263	NA	0.716358407656363	"abundance"	754	721	0.495200831093661	0.972872429228254
"PWY_6151_S_adenosyl_L_methionine_cyc_I"	"diagnosis"	"CD"	"diagnosisCD"	-0.0954470382274896	0.133033744028226	0.310257998832251	NA	0.716358407656363	"abundance"	754	743	0.469994571291513	0.972872429228254
"PWY_6277_SP_of_5_aminoimidazole_rnt_biosyn"	"antibiotics"	"Yes"	"antibioticsYes"	0.157769193039758	0.0956073806747333	0.27008922950863	NA	0.697207080824603	"abundance"	754	750	0.467230267120695	0.972872429228254
"PWY_6609_adenine__adenosine_salvage_III"	"antibiotics"	"Yes"	"antibioticsYes"	0.105597827616624	0.11921203007365	0.654629721098988	NA	0.886437234125124	"abundance"	754	743	0.488164704796102	0.972872429228254
"PWY_7208_SP_of_pyrimidine_nucleobases_salvage"	"diagnosis"	"CD"	"diagnosisCD"	0.0326564876505732	0.107663344484563	0.94395957443698	NA	1	"abundance"	754	745	0.487547559808738	0.972872429228254
"PWY_7208_SP_of_pyrimidine_nucleobases_salvage"	"diagnosis"	"UC"	"diagnosisUC"	-0.0242558874041833	0.11791245098163	0.639149984125464	NA	0.875872200468228	"abundance"	754	745	0.482942742025994	0.972872429228254
"PWY_7220_adenosine_dnt_de_novo_biosyn_II"	"diagnosis"	"CD"	"diagnosisCD"	0.248209990161661	0.216730815044078	0.339486373000562	NA	0.716358407656363	"abundance"	754	735	0.491147348800444	0.972872429228254
"PWY_7222_guanosine_dnt_de_novo_biosyn_II"	"diagnosis"	"CD"	"diagnosisCD"	0.248209990161661	0.216730815044078	0.339486373000562	NA	0.716358407656363	"abundance"	754	735	0.491147348800444	0.972872429228254
"PWY_6122_5_aminoimidazole_rnt_biosyn_II"	"antibiotics"	"Yes"	"antibioticsYes"	-0.206397115885898	1.24055841642789	0.867862348382018	NA	0.999999991570846	"prevalence"	754	750	0.467230267120695	0.972872429228254
"PWY_6125_SP_of_guanosine_nt_de_novo_biosyn_II"	"diagnosis"	"CD"	"diagnosisCD"	-0.584637514896107	0.762727817978629	0.443373672029177	NA	0.999999991570846	"prevalence"	754	721	0.495200831093661	0.972872429228254
"PWY_6151_S_adenosyl_L_methionine_cyc_I"	"diagnosis"	"CD"	"diagnosisCD"	-1.22247624116795	1.11285740271821	0.271985282629199	NA	0.999999991570846	"prevalence"	754	743	0.469994571291513	0.972872429228254
"PWY_6277_SP_of_5_aminoimidazole_rnt_biosyn"	"antibiotics"	"Yes"	"antibioticsYes"	-0.206397115885898	1.24055841642789	0.867862348382018	NA	0.999999991570846	"prevalence"	754	750	0.467230267120695	0.972872429228254
"PWY_6609_adenine__adenosine_salvage_III"	"antibiotics"	"Yes"	"antibioticsYes"	-0.756613493776738	0.707047938215864	0.284573347432528	NA	0.999999991570846	"prevalence"	754	743	0.488164704796102	0.972872429228254
"PWY_7208_SP_of_pyrimidine_nucleobases_salvage"	"diagnosis"	"CD"	"diagnosisCD"	-11.9144091907796	11.1239352419098	0.284142164818138	NA	0.999999991570846	"prevalence"	754	745	0.487547559808738	0.972872429228254
"PWY_7208_SP_of_pyrimidine_nucleobases_salvage"	"diagnosis"	"UC"	"diagnosisUC"	-11.9994875880808	11.1289204648623	0.280933064329887	NA	0.999999991570846	"prevalence"	754	745	0.482942742025994	0.972872429228254
"PWY_7220_adenosine_dnt_de_novo_biosyn_II"	"diagnosis"	"CD"	"diagnosisCD"	-1.18273022662672	1.11004944784374	0.286660914291418	NA	0.999999991570846	"prevalence"	754	735	0.491147348800444	0.972872429228254
"PWY_7222_guanosine_dnt_de_novo_biosyn_II"	"diagnosis"	"CD"	"diagnosisCD"	-1.18273022662672	1.11004944784374	0.286660914291418	NA	0.999999991570846	"prevalence"	754	735	0.491147348800444	0.972872429228254
"PANTO_PWY_phosphopantothenate_biosyn_I"	"dysbiosis_state"	"dysbiosis_UC"	"dysbiosis_statedysbiosis_UC"	0.0919967866384048	0.17094492336355	0.50059699764433	NA	0.779893408024083	"abundance"	754	749	0.50059699764433	0.97468613733999
"PWY_6122_5_aminoimidazole_rnt_biosyn_II"	"age"	"age"	"age"	0.00494670028960987	0.0375282091086961	0.299496937301931	NA	0.716358407656363	"abundance"	754	750	0.509295459150625	0.97468613733999
"PWY_6277_SP_of_5_aminoimidazole_rnt_biosyn"	"age"	"age"	"age"	0.00494670028960987	0.0375282091086961	0.299496937301931	NA	0.716358407656363	"abundance"	754	750	0.509295459150625	0.97468613733999
"PWY_6122_5_aminoimidazole_rnt_biosyn_II"	"age"	"age"	"age"	-0.303081350962041	0.45154401050537	0.502086059880363	NA	0.999999991570846	"prevalence"	754	750	0.509295459150625	0.97468613733999
"PWY_6277_SP_of_5_aminoimidazole_rnt_biosyn"	"age"	"age"	"age"	-0.303081350962041	0.45154401050537	0.502086059880363	NA	0.999999991570846	"prevalence"	754	750	0.509295459150625	0.97468613733999
"COA_PWY_1_coenzyme_A_biosyn_II"	"diagnosis"	"CD"	"diagnosisCD"	-0.0555729997165153	0.0951413333358341	0.316343088487935	NA	0.716358407656363	"abundance"	754	751	0.532613227341784	0.983406375053698
"NONMEVIPP_PWY_methylerythritol_phosphate_pwy_I"	"diagnosis"	"UC"	"diagnosisUC"	-0.0736929003633761	0.110966234318757	0.346876210636788	NA	0.716358407656363	"abundance"	754	750	0.573429315767839	0.983406375053698
"PWY_2942_L_lysine_biosyn_III"	"dysbiosis_state"	"dysbiosis_UC"	"dysbiosis_statedysbiosis_UC"	0.0889796422404234	0.119642108126858	0.348746284466966	NA	0.716358407656363	"abundance"	754	753	0.575868598004418	0.983406375053698
"PWY_5667_CDP_diacylglycerol_biosyn_I"	"antibiotics"	"Yes"	"antibioticsYes"	0.0202947302847527	0.0782288581428278	0.683065125953295	NA	0.902934240626952	"abundance"	754	752	0.554507989969435	0.983406375053698
"PWY_6151_S_adenosyl_L_methionine_cyc_I"	"dysbiosis_state"	"dysbiosis_UC"	"dysbiosis_statedysbiosis_UC"	-0.203182032232667	0.191750664613615	0.348254519319573	NA	0.716358407656363	"abundance"	754	743	0.575227828412639	0.983406375053698
"PWY_6387_UDP_N_acetylmuramoyl_pentapeptide_biosyn_I"	"diagnosis"	"UC"	"diagnosisUC"	-0.0483340675788774	0.0791556360535774	0.317470777124634	NA	0.716358407656363	"abundance"	754	750	0.53415385992115	0.983406375053698
"PWY_6387_UDP_N_acetylmuramoyl_pentapeptide_biosyn_I"	"dysbiosis_state"	"dysbiosis_UC"	"dysbiosis_statedysbiosis_UC"	-0.118839548916214	0.100903228398156	0.343550663398701	NA	0.716358407656363	"abundance"	754	750	0.569074268475715	0.983406375053698
"PWY_6527_stachyose_deg"	"age"	"age"	"age"	-0.0413451241770014	0.0617149456858343	0.908026466061117	NA	1	"abundance"	754	721	0.562368002742771	0.983406375053698
"PWY_6609_adenine__adenosine_salvage_III"	"diagnosis"	"CD"	"diagnosisCD"	-0.070668300997295	0.111085189457825	0.320751070160228	NA	0.716358407656363	"abundance"	754	743	0.538620891311525	0.983406375053698
"PWY_6703_preQ0_biosyn"	"antibiotics"	"Yes"	"antibioticsYes"	0.143974053213127	0.140228272756223	0.513239666838958	NA	0.779893408024083	"abundance"	754	723	0.565439770410239	0.983406375053698
"PWY_7219_adenosine_rnt_de_novo_biosyn"	"dysbiosis_state"	"dysbiosis_UC"	"dysbiosis_statedysbiosis_UC"	0.047290813787398	0.115564082406574	0.542058997788454	NA	0.791691430980505	"abundance"	754	754	0.542058997788454	0.983406375053698
"PWY0_1296_purine_rns_deg"	"dysbiosis_state"	"dysbiosis_UC"	"dysbiosis_statedysbiosis_UC"	-0.222165984209749	0.282806184522871	0.481945651241639	NA	0.779893408024083	"abundance"	754	744	0.536644004383455	0.983406375053698
"PWY0_1319_CDP_diacylglycerol_biosyn_II"	"antibiotics"	"Yes"	"antibioticsYes"	0.0203197727598428	0.0782292689316631	0.683301587501477	NA	0.902934240626952	"abundance"	754	752	0.554507989969435	0.983406375053698
"PWY66_422_D_galactose_deg_V"	"age"	"age"	"age"	-0.104323826032857	0.0698985973705731	0.318364358171264	NA	0.716358407656363	"abundance"	754	738	0.535372851788727	0.983406375053698
"NONMEVIPP_PWY_methylerythritol_phosphate_pwy_I"	"diagnosis"	"UC"	"diagnosisUC"	0.120364343970184	158.496062885577	0.999394074270707	NA	0.999999991570846	"prevalence"	754	750	0.573429315767839	0.983406375053698
"PWY_5667_CDP_diacylglycerol_biosyn_I"	"antibiotics"	"Yes"	"antibioticsYes"	-1.57254868336291	1.62286710146371	0.332548121561888	NA	0.999999991570846	"prevalence"	754	752	0.554507989969435	0.983406375053698
"PWY_6151_S_adenosyl_L_methionine_cyc_I"	"dysbiosis_state"	"dysbiosis_UC"	"dysbiosis_statedysbiosis_UC"	7.89226869684545	107.940631356501	0.941713208787269	NA	0.999999991570846	"prevalence"	754	743	0.575227828412639	0.983406375053698
"PWY_6387_UDP_N_acetylmuramoyl_pentapeptide_biosyn_I"	"diagnosis"	"UC"	"diagnosisUC"	0.0794789288410869	100.675631092139	0.999370105725125	NA	0.999999991570846	"prevalence"	754	750	0.53415385992115	0.983406375053698
"PWY_6387_UDP_N_acetylmuramoyl_pentapeptide_biosyn_I"	"dysbiosis_state"	"dysbiosis_UC"	"dysbiosis_statedysbiosis_UC"	0.126909322419686	293.11024770966	0.99965453618013	NA	0.999999991570846	"prevalence"	754	750	0.569074268475715	0.983406375053698
"PWY_6527_stachyose_deg"	"age"	"age"	"age"	-0.234210020656122	0.244680444039357	0.338462399211331	NA	0.999999991570846	"prevalence"	754	721	0.562368002742771	0.983406375053698
"PWY_6609_adenine__adenosine_salvage_III"	"diagnosis"	"CD"	"diagnosisCD"	-1.15083782039948	1.2749301703949	0.366702477319808	NA	0.999999991570846	"prevalence"	754	743	0.538620891311525	0.983406375053698
"PWY_6703_preQ0_biosyn"	"antibiotics"	"Yes"	"antibioticsYes"	-0.636686301492774	0.668360522244792	0.340788175477896	NA	0.999999991570846	"prevalence"	754	723	0.565439770410239	0.983406375053698
"PWY0_1296_purine_rns_deg"	"dysbiosis_state"	"dysbiosis_UC"	"dysbiosis_statedysbiosis_UC"	-1.35136190806589	1.35692162772376	0.31929742499639	NA	0.999999991570846	"prevalence"	754	744	0.536644004383455	0.983406375053698
"PWY0_1319_CDP_diacylglycerol_biosyn_II"	"antibiotics"	"Yes"	"antibioticsYes"	-1.57254868336291	1.62286710146371	0.332548121561888	NA	0.999999991570846	"prevalence"	754	752	0.554507989969435	0.983406375053698
"PWY66_422_D_galactose_deg_V"	"age"	"age"	"age"	-0.171397743704314	0.239615338850607	0.474421389243325	NA	0.999999991570846	"prevalence"	754	738	0.535372851788727	0.983406375053698
"PWY_5695_urate_biosyn_inosine_5_phosphate_deg"	"diagnosis"	"UC"	"diagnosisUC"	0.118939582645856	0.0938302363920431	0.352156798205988	NA	0.716358407656363	"abundance"	754	752	0.580299185889283	0.983407780667334
"PWY_5695_urate_biosyn_inosine_5_phosphate_deg"	"diagnosis"	"UC"	"diagnosisUC"	2.86608034353165	199583.835880591	0.999988542151994	NA	0.999999991570846	"prevalence"	754	752	0.580299185889283	0.983407780667334
"PEPTIDOGLYCANSYN_PWY_peptidoglycan_biosyn_I"	"dysbiosis_state"	"dysbiosis_UC"	"dysbiosis_statedysbiosis_UC"	-0.11299646866473	0.0976709726802625	0.358226795715214	NA	0.716358407656363	"abundance"	754	750	0.588127154262038	0.984518377813398
"PWY_7111_pyruvate_fermentation_to_isobutanol"	"dysbiosis_state"	"dysbiosis_UC"	"dysbiosis_statedysbiosis_UC"	0.1394461877481	0.177409745195076	0.359550215235038	NA	0.716358407656363	"abundance"	754	752	0.589824073194513	0.984518377813398
"PEPTIDOGLYCANSYN_PWY_peptidoglycan_biosyn_I"	"dysbiosis_state"	"dysbiosis_UC"	"dysbiosis_statedysbiosis_UC"	0.126909322419686	293.11024770966	0.99965453618013	NA	0.999999991570846	"prevalence"	754	750	0.588127154262038	0.984518377813398
"PWY_7111_pyruvate_fermentation_to_isobutanol"	"dysbiosis_state"	"dysbiosis_UC"	"dysbiosis_statedysbiosis_UC"	0.20893184723699	748178.818455756	0.999999777187631	NA	0.999999991570846	"prevalence"	754	752	0.589824073194513	0.984518377813398
"PWY_7220_adenosine_dnt_de_novo_biosyn_II"	"dysbiosis_state"	"dysbiosis_CD"	"dysbiosis_statedysbiosis_CD"	0.329708955372526	0.200175503463727	0.373598505417652	NA	0.72120754958886	"abundance"	754	735	0.607621167585001	0.999199253362002
"PWY_7222_guanosine_dnt_de_novo_biosyn_II"	"dysbiosis_state"	"dysbiosis_CD"	"dysbiosis_statedysbiosis_CD"	0.329708955372526	0.200175503463727	0.373598505417652	NA	0.72120754958886	"abundance"	754	735	0.607621167585001	0.999199253362002
"PWY_7220_adenosine_dnt_de_novo_biosyn_II"	"dysbiosis_state"	"dysbiosis_CD"	"dysbiosis_statedysbiosis_CD"	-0.52891185168966	0.87015143081331	0.543294354648322	NA	0.999999991570846	"prevalence"	754	735	0.607621167585001	0.999199253362002
"PWY_7222_guanosine_dnt_de_novo_biosyn_II"	"dysbiosis_state"	"dysbiosis_CD"	"dysbiosis_statedysbiosis_CD"	-0.52891185168966	0.87015143081331	0.543294354648322	NA	0.999999991570846	"prevalence"	754	735	0.607621167585001	0.999199253362002
"COA_PWY_1_coenzyme_A_biosyn_II"	"age"	"age"	"age"	-0.0541390029718078	0.0382639197895985	0.603450398269444	NA	0.853286550419214	"abundance"	754	751	0.832675449825742	0.999999603233202
"COA_PWY_1_coenzyme_A_biosyn_II"	"antibiotics"	"Yes"	"antibioticsYes"	0.035186227785953	0.0789979769276576	0.829076090960656	NA	0.979015384006732	"abundance"	754	751	0.97078501731871	0.999999603233202
"COA_PWY_1_coenzyme_A_biosyn_II"	"dysbiosis_state"	"dysbiosis_UC"	"dysbiosis_statedysbiosis_UC"	-0.133031824569996	0.140992687994693	0.43625471155723	NA	0.775605052802586	"abundance"	754	751	0.682191249758578	0.999999603233202
"NONMEVIPP_PWY_methylerythritol_phosphate_pwy_I"	"diagnosis"	"CD"	"diagnosisCD"	0.012405152547788	0.1010296702609	0.783479681999255	NA	0.960952980131683	"abundance"	754	750	0.953118951892856	0.999999603233202
"NONMEVIPP_PWY_methylerythritol_phosphate_pwy_I"	"dysbiosis_state"	"dysbiosis_UC"	"dysbiosis_statedysbiosis_UC"	0.0720045920344065	0.131159898337658	0.468157059896948	NA	0.779893408024083	"abundance"	754	750	0.717143087062542	0.999999603233202
"NONOXIPENT_PWY_pentose_phosphate_pwy"	"diagnosis"	"CD"	"diagnosisCD"	0.0961389373768658	0.132631442504363	0.674344236142387	NA	0.902934240626952	"abundance"	754	751	0.893948323466314	0.999999603233202
"NONOXIPENT_PWY_pentose_phosphate_pwy"	"diagnosis"	"UC"	"diagnosisUC"	-0.0169007475463405	0.14559915846009	0.741855873598106	NA	0.935750022379429	"abundance"	754	751	0.933361610004203	0.999999603233202
"NONOXIPENT_PWY_pentose_phosphate_pwy"	"dysbiosis_state"	"dysbiosis_CD"	"dysbiosis_statedysbiosis_CD"	0.189095188364227	0.134893474147865	0.780498998786066	NA	0.960952980131683	"abundance"	754	751	0.951819310466081	0.999999603233202
"NONOXIPENT_PWY_pentose_phosphate_pwy"	"dysbiosis_state"	"dysbiosis_UC"	"dysbiosis_statedysbiosis_UC"	-0.0646330405202242	0.198421821998847	0.834662045160594	NA	0.980396687966413	"abundance"	754	751	0.972663360689523	0.999999603233202
"PANTO_PWY_phosphopantothenate_biosyn_I"	"age"	"age"	"age"	-0.041789618082514	0.0450806197090699	0.866565487846238	NA	1	"abundance"	754	749	0.866565487846238	0.999999603233202
"PANTO_PWY_phosphopantothenate_biosyn_I"	"diagnosis"	"UC"	"diagnosisUC"	-0.00867720153552504	0.123151703309861	0.746761113700269	NA	0.936615634132541	"abundance"	754	749	0.746761113700269	0.999999603233202
"PEPTIDOGLYCANSYN_PWY_peptidoglycan_biosyn_I"	"age"	"age"	"age"	-0.0347607186858392	0.0288224047818296	0.98439731968172	NA	1	"abundance"	754	750	0.677131978285087	0.999999603233202
"PEPTIDOGLYCANSYN_PWY_peptidoglycan_biosyn_I"	"antibiotics"	"Yes"	"antibioticsYes"	0.0402615640690138	0.0550981619786623	0.827858472817947	NA	0.979015384006732	"abundance"	754	750	0.970367294619431	0.999999603233202
"PEPTIDOGLYCANSYN_PWY_peptidoglycan_biosyn_I"	"diagnosis"	"CD"	"diagnosisCD"	0.0391375528242216	0.0714850889350033	0.98769883430678	NA	1	"abundance"	754	750	0.990700008610338	0.999999603233202
"PEPTIDOGLYCANSYN_PWY_peptidoglycan_biosyn_I"	"diagnosis"	"UC"	"diagnosisUC"	0.0311959410021622	0.0785387539401795	1	NA	1	"abundance"	754	750	0.999999603233202	0.999999603233202
"PWY_2942_L_lysine_biosyn_III"	"antibiotics"	"Yes"	"antibioticsYes"	-6.37992552593791e-05	0.0667421638501881	0.433423043215784	NA	0.775605052802586	"abundance"	754	753	0.678990552041137	0.999999603233202
"PWY_2942_L_lysine_biosyn_III"	"diagnosis"	"CD"	"diagnosisCD"	0.0413473670238607	0.077200304375346	0.988612958028178	NA	1	"abundance"	754	753	0.999870335275132	0.999999603233202
"PWY_2942_L_lysine_biosyn_III"	"diagnosis"	"UC"	"diagnosisUC"	0.0219095397616505	0.0847197177066357	0.912968905415319	NA	1	"abundance"	754	753	0.992425588575392	0.999999603233202
"PWY_3841_folate_transformations_II"	"antibiotics"	"Yes"	"antibioticsYes"	0.0522468366710296	0.0952524135735018	1	NA	1	"abundance"	754	738	0.997330877044066	0.999999603233202
"PWY_3841_folate_transformations_II"	"diagnosis"	"UC"	"diagnosisUC"	0.029701856816124	0.131404263360624	0.990950409802446	NA	1	"abundance"	754	738	0.993405006998817	0.999999603233202
"PWY_5097_L_lysine_biosyn_VI"	"diagnosis"	"UC"	"diagnosisUC"	-0.0181941269609383	0.101174696715076	0.626507772956748	NA	0.875621663787071	"abundance"	754	753	0.626507772956748	0.999999603233202
"PWY_5097_L_lysine_biosyn_VI"	"dysbiosis_state"	"dysbiosis_UC"	"dysbiosis_statedysbiosis_UC"	-0.0220161646840584	0.140683494101621	0.993277197155138	NA	1	"abundance"	754	753	0.993277197155138	0.999999603233202
"PWY_5667_CDP_diacylglycerol_biosyn_I"	"diagnosis"	"CD"	"diagnosisCD"	-0.0322125137048114	0.0932057066699527	0.438759003531821	NA	0.775605052802586	"abundance"	754	752	0.685008543883405	0.999999603233202
"PWY_5667_CDP_diacylglycerol_biosyn_I"	"diagnosis"	"UC"	"diagnosisUC"	-0.0170464280432979	0.102303604056638	0.638277246979165	NA	0.875872200468228	"abundance"	754	752	0.869156649947028	0.999999603233202
"PWY_5667_CDP_diacylglycerol_biosyn_I"	"dysbiosis_state"	"dysbiosis_UC"	"dysbiosis_statedysbiosis_UC"	-0.0243964852566515	0.138808760508335	0.993136286766317	NA	1	"abundance"	754	752	0.999952889440646	0.999999603233202
"PWY_5695_urate_biosyn_inosine_5_phosphate_deg"	"age"	"age"	"age"	-0.00626315220169242	0.0342451180358923	0.416861193784745	NA	0.775605052802586	"abundance"	754	752	0.659949132685847	0.999999603233202
"PWY_5695_urate_biosyn_inosine_5_phosphate_deg"	"antibiotics"	"Yes"	"antibioticsYes"	0.0841460759186132	0.08505591301012	0.707741527636825	NA	0.91348034381032	"abundance"	754	752	0.914584985331943	0.999999603233202
"PWY_5695_urate_biosyn_inosine_5_phosphate_deg"	"diagnosis"	"CD"	"diagnosisCD"	0.0447582247274925	0.0857014134526665	0.958086952262573	NA	1	"abundance"	754	752	0.99824329642936	0.999999603233202
"PWY_5695_urate_biosyn_inosine_5_phosphate_deg"	"dysbiosis_state"	"dysbiosis_CD"	"dysbiosis_statedysbiosis_CD"	0.160850115638969	0.10181394578197	0.926781211858929	NA	1	"abundance"	754	752	0.994639009063153	0.999999603233202
"PWY_5695_urate_biosyn_inosine_5_phosphate_deg"	"dysbiosis_state"	"dysbiosis_UC"	"dysbiosis_statedysbiosis_UC"	-0.124478285073984	0.154569082027915	0.512533220242595	NA	0.779893408024083	"abundance"	754	752	0.762376138632946	0.999999603233202
"PWY_6121_5_aminoimidazole_rnt_biosyn_I"	"antibiotics"	"Yes"	"antibioticsYes"	0.130436843317268	0.0900229650326795	0.385377265089764	NA	0.737532352154548	"abundance"	754	750	0.622238893731461	0.999999603233202
"PWY_6121_5_aminoimidazole_rnt_biosyn_I"	"diagnosis"	"CD"	"diagnosisCD"	0.00727148496793052	0.0896936548782804	0.713898741678536	NA	0.916101275448757	"abundance"	754	750	0.918146069986875	0.999999603233202
"PWY_6121_5_aminoimidazole_rnt_biosyn_I"	"diagnosis"	"UC"	"diagnosisUC"	-0.0458614468658583	0.0981969474426806	0.434408955300593	NA	0.775605052802586	"abundance"	754	750	0.680106770155833	0.999999603233202
"PWY_6121_5_aminoimidazole_rnt_biosyn_I"	"dysbiosis_state"	"dysbiosis_CD"	"dysbiosis_statedysbiosis_CD"	0.166621337931288	0.108372339354784	0.889004256531584	NA	1	"abundance"	754	750	0.987679944931893	0.999999603233202
"PWY_6121_5_aminoimidazole_rnt_biosyn_I"	"dysbiosis_state"	"dysbiosis_UC"	"dysbiosis_statedysbiosis_UC"	0.0409861256874112	0.163438523340844	0.694628910934082	NA	0.907103636631566	"abundance"	754	750	0.906748497962695	0.999999603233202
"PWY_6122_5_aminoimidazole_rnt_biosyn_II"	"diagnosis"	"CD"	"diagnosisCD"	0.0277970494433945	0.0938658113482562	0.894773429603521	NA	1	"abundance"	754	750	0.988927368882595	0.999999603233202
"PWY_6122_5_aminoimidazole_rnt_biosyn_II"	"diagnosis"	"UC"	"diagnosisUC"	-0.0472954975456373	0.102728620865013	0.446608418830939	NA	0.775605052802586	"abundance"	754	750	0.693757757891206	0.999999603233202
"PWY_6122_5_aminoimidazole_rnt_biosyn_II"	"dysbiosis_state"	"dysbiosis_CD"	"dysbiosis_statedysbiosis_CD"	0.151489850670077	0.11482481446307	1	NA	1	"abundance"	754	750	0.998728441546261	0.999999603233202
"PWY_6122_5_aminoimidazole_rnt_biosyn_II"	"dysbiosis_state"	"dysbiosis_UC"	"dysbiosis_statedysbiosis_UC"	0.0978353638544516	0.17387741314769	0.48658140412359	NA	0.779893408024083	"abundance"	754	750	0.736401345408295	0.999999603233202
"PWY_6126_SP_of_adenosine_nt_de_novo_biosyn_II"	"dysbiosis_state"	"dysbiosis_CD"	"dysbiosis_statedysbiosis_CD"	0.285052399148374	0.177771332458211	0.452713872275972	NA	0.775605052802586	"abundance"	754	735	0.700477894400839	0.999999603233202
"PWY_6126_SP_of_adenosine_nt_de_novo_biosyn_II"	"dysbiosis_state"	"dysbiosis_UC"	"dysbiosis_statedysbiosis_UC"	-0.107082370108167	0.271883726575231	0.757782504445485	NA	0.943558518316273	"abundance"	754	735	0.939926343250025	0.999999603233202
"PWY_6151_S_adenosyl_L_methionine_cyc_I"	"antibiotics"	"Yes"	"antibioticsYes"	0.0553814446525479	0.109792549839936	0.977231007306349	NA	1	"abundance"	754	743	0.79562087011686	0.999999603233202
"PWY_6151_S_adenosyl_L_methionine_cyc_I"	"diagnosis"	"UC"	"diagnosisUC"	0.0297220302200666	0.146065118702441	0.991969751686709	NA	1	"abundance"	754	743	0.655848839437437	0.999999603233202
"PWY_6277_SP_of_5_aminoimidazole_rnt_biosyn"	"diagnosis"	"CD"	"diagnosisCD"	0.0277970494433945	0.0938658113482562	0.894773429603521	NA	1	"abundance"	754	750	0.988927368882595	0.999999603233202
"PWY_6277_SP_of_5_aminoimidazole_rnt_biosyn"	"diagnosis"	"UC"	"diagnosisUC"	-0.0472954975456373	0.102728620865013	0.446608418830939	NA	0.775605052802586	"abundance"	754	750	0.693757757891206	0.999999603233202
"PWY_6277_SP_of_5_aminoimidazole_rnt_biosyn"	"dysbiosis_state"	"dysbiosis_CD"	"dysbiosis_statedysbiosis_CD"	0.151489850670077	0.11482481446307	1	NA	1	"abundance"	754	750	0.998728441546261	0.999999603233202
"PWY_6277_SP_of_5_aminoimidazole_rnt_biosyn"	"dysbiosis_state"	"dysbiosis_UC"	"dysbiosis_statedysbiosis_UC"	0.0978353638544516	0.17387741314769	0.48658140412359	NA	0.779893408024083	"abundance"	754	750	0.736401345408295	0.999999603233202
"PWY_6385_peptidoglycan_biosyn_III"	"antibiotics"	"Yes"	"antibioticsYes"	0.0568445675425756	0.0665100463868351	0.944906113238046	NA	1	"abundance"	754	748	0.996964663641461	0.999999603233202
"PWY_6385_peptidoglycan_biosyn_III"	"diagnosis"	"CD"	"diagnosisCD"	-0.000681736203979112	0.0839932309917314	0.627134434874524	NA	0.875621663787071	"abundance"	754	748	0.86097127034366	0.999999603233202
"PWY_6385_peptidoglycan_biosyn_III"	"diagnosis"	"UC"	"diagnosisUC"	0.0933433377062685	0.0922834122922971	0.502205727782627	NA	0.779893408024083	"abundance"	754	748	0.752200862547576	0.999999603233202
"PWY_6387_UDP_N_acetylmuramoyl_pentapeptide_biosyn_I"	"age"	"age"	"age"	-0.0341955742427974	0.029035299155145	1	NA	1	"abundance"	754	750	0.677131978285087	0.999999603233202
"PWY_6387_UDP_N_acetylmuramoyl_pentapeptide_biosyn_I"	"antibiotics"	"Yes"	"antibioticsYes"	0.0221282792610316	0.0568173798112555	0.596205279332255	NA	0.848445974434363	"abundance"	754	750	0.836949823560858	0.999999603233202
"PWY_6387_UDP_N_acetylmuramoyl_pentapeptide_biosyn_I"	"diagnosis"	"CD"	"diagnosisCD"	0.0128257132330089	0.0720605164431952	0.704398335460814	NA	0.91348034381032	"abundance"	754	750	0.912619655921662	0.999999603233202
"PWY_6527_stachyose_deg"	"diagnosis"	"CD"	"diagnosisCD"	0.154275262730583	0.153516144037563	0.459389149357073	NA	0.775605052802586	"abundance"	754	721	0.707739908167131	0.999999603233202
"PWY_6527_stachyose_deg"	"diagnosis"	"UC"	"diagnosisUC"	0.131878377169296	0.16807370669382	0.550610353737697	NA	0.798924826991953	"abundance"	754	721	0.798048945832242	0.999999603233202
"PWY_6700_queuosine_biosyn"	"age"	"age"	"age"	-0.0599887493463791	0.064300233653352	0.689239970832521	NA	0.905392151034436	"abundance"	754	731	0.903428204271828	0.999999603233202
"PWY_6700_queuosine_biosyn"	"antibiotics"	"Yes"	"antibioticsYes"	-0.0338243977978382	0.138652928264749	0.534948063034848	NA	0.788504630677516	"abundance"	754	731	0.783726695924961	0.999999603233202
"PWY_6703_preQ0_biosyn"	"age"	"age"	"age"	-0.0254583819072987	0.0687799101348133	0.899209408411311	NA	1	"abundance"	754	723	0.989841256647202	0.999999603233202
"PWY_6703_preQ0_biosyn"	"diagnosis"	"UC"	"diagnosisUC"	0.152477958604502	0.187244454783345	0.518820918274205	NA	0.779893408024083	"abundance"	754	723	0.768466691309521	0.999999603233202
"PWY_6703_preQ0_biosyn"	"dysbiosis_state"	"dysbiosis_UC"	"dysbiosis_statedysbiosis_UC"	-0.139626562658335	0.26032152335615	0.65484552430865	NA	0.886437234125124	"abundance"	754	723	0.715193893875707	0.999999603233202
"PWY_6737_starch_deg_V"	"diagnosis"	"CD"	"diagnosisCD"	0.0316389125209786	0.16663510655587	0.958923809243424	NA	1	"abundance"	754	751	0.958923809243424	0.999999603233202
"PWY_6737_starch_deg_V"	"diagnosis"	"UC"	"diagnosisUC"	0.106839898232488	0.182786627290906	0.679886484869468	NA	0.902934240626952	"abundance"	754	751	0.679886484869468	0.999999603233202
"PWY_6737_starch_deg_V"	"dysbiosis_state"	"dysbiosis_UC"	"dysbiosis_statedysbiosis_UC"	-0.0886874881022313	0.276694649567585	0.812979311918949	NA	0.979015384006732	"abundance"	754	751	0.812979311918949	0.999999603233202
"PWY_7111_pyruvate_fermentation_to_isobutanol"	"age"	"age"	"age"	-0.00933920898373411	0.0381067233370406	0.515860514481928	NA	0.779893408024083	"abundance"	754	752	0.765608958562297	0.999999603233202
"PWY_7111_pyruvate_fermentation_to_isobutanol"	"antibiotics"	"Yes"	"antibioticsYes"	0.0569920113168951	0.0973126664908225	0.961122404355661	NA	1	"abundance"	754	752	0.998488532556915	0.999999603233202
"PWY_7111_pyruvate_fermentation_to_isobutanol"	"diagnosis"	"CD"	"diagnosisCD"	0.0247698322873173	0.0954800048149313	0.871599162380473	NA	1	"abundance"	754	752	0.983513224898604	0.999999603233202
"PWY_7111_pyruvate_fermentation_to_isobutanol"	"diagnosis"	"UC"	"diagnosisUC"	0.0677956861083078	0.104467983342322	0.726863643838717	NA	0.92737775248388	"abundance"	754	752	0.925396530942937	0.999999603233202
"PWY_7111_pyruvate_fermentation_to_isobutanol"	"dysbiosis_state"	"dysbiosis_CD"	"dysbiosis_statedysbiosis_CD"	0.170035590866343	0.116022618741961	0.873059100275756	NA	1	"abundance"	754	752	0.983886007977199	0.999999603233202
"PWY_7208_SP_of_pyrimidine_nucleobases_salvage"	"age"	"age"	"age"	-0.0667624619621081	0.0430442760031848	0.451083545479923	NA	0.775605052802586	"abundance"	754	745	0.698690725957108	0.999999603233202
"PWY_7208_SP_of_pyrimidine_nucleobases_salvage"	"dysbiosis_state"	"dysbiosis_UC"	"dysbiosis_statedysbiosis_UC"	-0.127836685200923	0.191880969931457	0.585706761664322	NA	0.838883232835351	"abundance"	754	745	0.828361112669337	0.999999603233202
"PWY_7220_adenosine_dnt_de_novo_biosyn_II"	"dysbiosis_state"	"dysbiosis_UC"	"dysbiosis_statedysbiosis_UC"	-0.225577652307343	0.304376799104208	0.506345974376197	NA	0.779893408024083	"abundance"	754	735	0.756305702985414	0.999999603233202
"PWY_7221_guanosine_rnt_de_novo_biosyn"	"diagnosis"	"CD"	"diagnosisCD"	0.0595682294342447	0.0831101250924207	0.816658112945116	NA	0.979015384006732	"abundance"	754	753	0.816658112945116	0.999999603233202
"PWY_7222_guanosine_dnt_de_novo_biosyn_II"	"dysbiosis_state"	"dysbiosis_UC"	"dysbiosis_statedysbiosis_UC"	-0.225577652307343	0.304376799104208	0.506345974376197	NA	0.779893408024083	"abundance"	754	735	0.756305702985414	0.999999603233202
"PWY_7228_SP_of_guanosine_nt_de_novo_biosyn_I"	"age"	"age"	"age"	-0.0448418987020268	0.0455917850119334	0.815939977020016	NA	0.979015384006732	"abundance"	754	734	0.966121907940608	0.999999603233202
"PWY_7228_SP_of_guanosine_nt_de_novo_biosyn_I"	"antibiotics"	"Yes"	"antibioticsYes"	0.119948555025283	0.100922930825571	0.502544857178239	NA	0.779893408024083	"abundance"	754	734	0.680495388163699	0.999999603233202
"PWY_7228_SP_of_guanosine_nt_de_novo_biosyn_I"	"diagnosis"	"UC"	"diagnosisUC"	-0.0610472071678264	0.124611536749299	0.461170571936673	NA	0.775605052802586	"abundance"	754	734	0.709662847452948	0.999999603233202
"PWY0_1296_purine_rns_deg"	"antibiotics"	"Yes"	"antibioticsYes"	0.0065832157775185	0.149937165600742	0.760797183687446	NA	0.943558518316273	"abundance"	754	744	0.942782012668142	0.999999603233202
"PWY0_1296_purine_rns_deg"	"diagnosis"	"UC"	"diagnosisUC"	0.149238017388666	0.157722838027036	0.456169795763894	NA	0.775605052802586	"abundance"	754	744	0.704248708960515	0.999999603233202
"PWY0_1319_CDP_diacylglycerol_biosyn_II"	"diagnosis"	"CD"	"diagnosisCD"	-0.0322186109683072	0.0932046966800837	0.438715651237091	NA	0.775605052802586	"abundance"	754	752	0.684959879833798	0.999999603233202
"PWY0_1319_CDP_diacylglycerol_biosyn_II"	"diagnosis"	"UC"	"diagnosisUC"	-0.0170561415418124	0.102302476535468	0.638206005274702	NA	0.875872200468228	"abundance"	754	752	0.869105105380711	0.999999603233202
"PWY0_1319_CDP_diacylglycerol_biosyn_II"	"dysbiosis_state"	"dysbiosis_UC"	"dysbiosis_statedysbiosis_UC"	-0.0243877608113741	0.138809695508584	0.993186461994547	NA	1	"abundance"	754	752	0.999953575699848	0.999999603233202
"PWY66_422_D_galactose_deg_V"	"antibiotics"	"Yes"	"antibioticsYes"	0.1794658432978	0.161311619387901	0.430571901491609	NA	0.775605052802586	"abundance"	754	738	0.675751640629118	0.999999603233202
"VALSYN_PWY_L_valine_biosyn"	"age"	"age"	"age"	-0.00949552249186477	0.0389694852719872	0.527773175585576	NA	0.786346610604013	"abundance"	754	753	0.777001826303469	0.999999603233202
"VALSYN_PWY_L_valine_biosyn"	"antibiotics"	"Yes"	"antibioticsYes"	-0.0242689209633693	0.0997656989391739	0.443360563543363	NA	0.775605052802586	"abundance"	754	753	0.690152537781237	0.999999603233202
"VALSYN_PWY_L_valine_biosyn"	"diagnosis"	"CD"	"diagnosisCD"	0.0620453119885274	0.0976691417194528	0.823817358837445	NA	0.979015384006732	"abundance"	754	753	0.968959676952986	0.999999603233202
"VALSYN_PWY_L_valine_biosyn"	"diagnosis"	"UC"	"diagnosisUC"	0.0975157350211771	0.106855605459653	0.536325221767139	NA	0.788504630677516	"abundance"	754	753	0.785005700030707	0.999999603233202
"VALSYN_PWY_L_valine_biosyn"	"dysbiosis_state"	"dysbiosis_CD"	"dysbiosis_statedysbiosis_CD"	0.233977306883147	0.117492183984367	0.482917209161748	NA	0.779893408024083	"abundance"	754	753	0.732625387418925	0.999999603233202
"COA_PWY_1_coenzyme_A_biosyn_II"	"age"	"age"	"age"	0.373866162445441	0.695610827482895	0.59094676364285	NA	0.999999991570846	"prevalence"	754	751	0.832675449825742	0.999999603233202
"NONMEVIPP_PWY_methylerythritol_phosphate_pwy_I"	"diagnosis"	"CD"	"diagnosisCD"	-10.1935729505922	117.955821258661	0.931133688431376	NA	0.999999991570846	"prevalence"	754	750	0.953118951892856	0.999999603233202
"NONMEVIPP_PWY_methylerythritol_phosphate_pwy_I"	"dysbiosis_state"	"dysbiosis_UC"	"dysbiosis_statedysbiosis_UC"	-0.413564950099268	475.886711432549	0.999306605880956	NA	0.999999991570846	"prevalence"	754	750	0.717143087062542	0.999999603233202
"NONOXIPENT_PWY_pentose_phosphate_pwy"	"diagnosis"	"CD"	"diagnosisCD"	1.16135129498001	117.281916413885	0.992099300955399	NA	0.999999991570846	"prevalence"	754	751	0.893948323466314	0.999999603233202
"NONOXIPENT_PWY_pentose_phosphate_pwy"	"diagnosis"	"UC"	"diagnosisUC"	-9.36670711864107	70.6351513599283	0.894504290147169	NA	0.999999991570846	"prevalence"	754	751	0.933361610004203	0.999999603233202
"NONOXIPENT_PWY_pentose_phosphate_pwy"	"dysbiosis_state"	"dysbiosis_CD"	"dysbiosis_statedysbiosis_CD"	-11.0759631101699	92.9078307289664	0.90510539771463	NA	0.999999991570846	"prevalence"	754	751	0.951819310466081	0.999999603233202
"NONOXIPENT_PWY_pentose_phosphate_pwy"	"dysbiosis_state"	"dysbiosis_UC"	"dysbiosis_statedysbiosis_UC"	4.4991415356478	54.2866970794068	0.933949006420599	NA	0.999999991570846	"prevalence"	754	751	0.972663360689523	0.999999603233202
"PEPTIDOGLYCANSYN_PWY_peptidoglycan_biosyn_I"	"age"	"age"	"age"	0.540063773803332	0.686981317159856	0.431785232755331	NA	0.999999991570846	"prevalence"	754	750	0.677131978285087	0.999999603233202
"PEPTIDOGLYCANSYN_PWY_peptidoglycan_biosyn_I"	"antibiotics"	"Yes"	"antibioticsYes"	8.97696449640662	92.1458665649149	0.922391878609785	NA	0.999999991570846	"prevalence"	754	750	0.970367294619431	0.999999603233202
"PEPTIDOGLYCANSYN_PWY_peptidoglycan_biosyn_I"	"diagnosis"	"CD"	"diagnosisCD"	-8.90964287495918	73.5355850108987	0.903563537032603	NA	0.999999991570846	"prevalence"	754	750	0.990700008610338	0.999999603233202
"PEPTIDOGLYCANSYN_PWY_peptidoglycan_biosyn_I"	"diagnosis"	"UC"	"diagnosisUC"	0.0794789288410869	100.675631092139	0.999370105725125	NA	0.999999991570846	"prevalence"	754	750	0.999999603233202	0.999999603233202
"PWY_3841_folate_transformations_II"	"antibiotics"	"Yes"	"antibioticsYes"	0.0819238696411194	1.26433574163442	0.948336444606142	NA	0.999999991570846	"prevalence"	754	738	0.997330877044066	0.999999603233202
"PWY_3841_folate_transformations_II"	"diagnosis"	"UC"	"diagnosisUC"	0.165906643454013	1.62721429766082	0.91879043774787	NA	0.999999991570846	"prevalence"	754	738	0.993405006998817	0.999999603233202
"PWY_5667_CDP_diacylglycerol_biosyn_I"	"diagnosis"	"CD"	"diagnosisCD"	1.45017028980853	879.971524340975	0.998685107496054	NA	0.999999991570846	"prevalence"	754	752	0.685008543883405	0.999999603233202
"PWY_5667_CDP_diacylglycerol_biosyn_I"	"diagnosis"	"UC"	"diagnosisUC"	0.135329376214384	751.124729966809	0.999856245953551	NA	0.999999991570846	"prevalence"	754	752	0.869156649947028	0.999999603233202
"PWY_5667_CDP_diacylglycerol_biosyn_I"	"dysbiosis_state"	"dysbiosis_UC"	"dysbiosis_statedysbiosis_UC"	0.00879884763667103	4437.01348990514	0.99999841774998	NA	0.999999991570846	"prevalence"	754	752	0.999952889440646	0.999999603233202
"PWY_5695_urate_biosyn_inosine_5_phosphate_deg"	"age"	"age"	"age"	0.0528762707945516	0.709712930137275	0.940609561793115	NA	0.999999991570846	"prevalence"	754	752	0.659949132685847	0.999999603233202
"PWY_5695_urate_biosyn_inosine_5_phosphate_deg"	"diagnosis"	"CD"	"diagnosisCD"	2.11726185665157	123202.217001139	0.999986288148155	NA	0.999999991570846	"prevalence"	754	752	0.99824329642936	0.999999603233202
"PWY_5695_urate_biosyn_inosine_5_phosphate_deg"	"dysbiosis_state"	"dysbiosis_UC"	"dysbiosis_statedysbiosis_UC"	0.20893184723699	748178.818455756	0.999999777187631	NA	0.999999991570846	"prevalence"	754	752	0.762376138632946	0.999999603233202
"PWY_6121_5_aminoimidazole_rnt_biosyn_I"	"antibiotics"	"Yes"	"antibioticsYes"	-0.206397115885898	1.24055841642789	0.867862348382018	NA	0.999999991570846	"prevalence"	754	750	0.622238893731461	0.999999603233202
"PWY_6121_5_aminoimidazole_rnt_biosyn_I"	"diagnosis"	"CD"	"diagnosisCD"	10.3483068759484	1098.1271960037	0.992481169656158	NA	0.999999991570846	"prevalence"	754	750	0.918146069986875	0.999999603233202
"PWY_6122_5_aminoimidazole_rnt_biosyn_II"	"diagnosis"	"CD"	"diagnosisCD"	10.3483068759484	1098.1271960037	0.992481169656158	NA	0.999999991570846	"prevalence"	754	750	0.988927368882595	0.999999603233202
"PWY_6126_SP_of_adenosine_nt_de_novo_biosyn_II"	"dysbiosis_state"	"dysbiosis_CD"	"dysbiosis_statedysbiosis_CD"	-0.52891185168966	0.87015143081331	0.543294354648322	NA	0.999999991570846	"prevalence"	754	735	0.700477894400839	0.999999603233202
"PWY_6126_SP_of_adenosine_nt_de_novo_biosyn_II"	"dysbiosis_state"	"dysbiosis_UC"	"dysbiosis_statedysbiosis_UC"	-0.3398074022202	1.08848449816451	0.754900720625346	NA	0.999999991570846	"prevalence"	754	735	0.939926343250025	0.999999603233202
"PWY_6151_S_adenosyl_L_methionine_cyc_I"	"antibiotics"	"Yes"	"antibioticsYes"	-0.499590671787016	0.831425421968106	0.547916899361257	NA	0.999999991570846	"prevalence"	754	743	0.79562087011686	0.999999603233202
"PWY_6151_S_adenosyl_L_methionine_cyc_I"	"diagnosis"	"UC"	"diagnosisUC"	-0.95080586325566	1.16235144851808	0.413356018898546	NA	0.999999991570846	"prevalence"	754	743	0.655848839437437	0.999999603233202
"PWY_6277_SP_of_5_aminoimidazole_rnt_biosyn"	"diagnosis"	"CD"	"diagnosisCD"	10.3483068759484	1098.1271960037	0.992481169656158	NA	0.999999991570846	"prevalence"	754	750	0.988927368882595	0.999999603233202
"PWY_6387_UDP_N_acetylmuramoyl_pentapeptide_biosyn_I"	"age"	"age"	"age"	0.540063773803332	0.686981317159856	0.431785232755331	NA	0.999999991570846	"prevalence"	754	750	0.677131978285087	0.999999603233202
"PWY_6387_UDP_N_acetylmuramoyl_pentapeptide_biosyn_I"	"antibiotics"	"Yes"	"antibioticsYes"	8.97696449640662	92.1458665649149	0.922391878609785	NA	0.999999991570846	"prevalence"	754	750	0.836949823560858	0.999999603233202
"PWY_6387_UDP_N_acetylmuramoyl_pentapeptide_biosyn_I"	"diagnosis"	"CD"	"diagnosisCD"	-8.90964287495918	73.5355850108987	0.903563537032603	NA	0.999999991570846	"prevalence"	754	750	0.912619655921662	0.999999603233202
"PWY_6527_stachyose_deg"	"diagnosis"	"CD"	"diagnosisCD"	0.186434562817424	0.663518580472912	0.77872676622871	NA	0.999999991570846	"prevalence"	754	721	0.707739908167131	0.999999603233202
"PWY_6527_stachyose_deg"	"diagnosis"	"UC"	"diagnosisUC"	0.193279999967948	0.73390085028439	0.792273252371583	NA	0.999999991570846	"prevalence"	754	721	0.798048945832242	0.999999603233202
"PWY_6700_queuosine_biosyn"	"age"	"age"	"age"	-0.00709598288583021	0.288733400973529	0.980392967088182	NA	0.999999991570846	"prevalence"	754	731	0.903428204271828	0.999999603233202
"PWY_6700_queuosine_biosyn"	"antibiotics"	"Yes"	"antibioticsYes"	-0.0786721224237806	0.860035188192678	0.927114797192156	NA	0.999999991570846	"prevalence"	754	731	0.783726695924961	0.999999603233202
"PWY_6703_preQ0_biosyn"	"age"	"age"	"age"	0.0266106960239606	0.303817138244335	0.930204243421098	NA	0.999999991570846	"prevalence"	754	723	0.989841256647202	0.999999603233202
"PWY_6703_preQ0_biosyn"	"diagnosis"	"UC"	"diagnosisUC"	-0.280776520876696	0.94425214580125	0.766196769547167	NA	0.999999991570846	"prevalence"	754	723	0.768466691309521	0.999999603233202
"PWY_6703_preQ0_biosyn"	"dysbiosis_state"	"dysbiosis_UC"	"dysbiosis_statedysbiosis_UC"	0.914581264578016	1.25548744215055	0.466327716548542	NA	0.999999991570846	"prevalence"	754	723	0.715193893875707	0.999999603233202
"PWY_7111_pyruvate_fermentation_to_isobutanol"	"age"	"age"	"age"	0.0528762707945516	0.709712930137275	0.940609561793115	NA	0.999999991570846	"prevalence"	754	752	0.765608958562297	0.999999603233202
"PWY_7111_pyruvate_fermentation_to_isobutanol"	"diagnosis"	"CD"	"diagnosisCD"	2.11726185665157	123202.217001139	0.999986288148155	NA	0.999999991570846	"prevalence"	754	752	0.983513224898604	0.999999603233202
"PWY_7111_pyruvate_fermentation_to_isobutanol"	"diagnosis"	"UC"	"diagnosisUC"	2.86608034353165	199583.835880591	0.999988542151994	NA	0.999999991570846	"prevalence"	754	752	0.925396530942937	0.999999603233202
"PWY_7208_SP_of_pyrimidine_nucleobases_salvage"	"age"	"age"	"age"	0.152902392772339	0.477125938545635	0.748615494815195	NA	0.999999991570846	"prevalence"	754	745	0.698690725957108	0.999999603233202
"PWY_7208_SP_of_pyrimidine_nucleobases_salvage"	"dysbiosis_state"	"dysbiosis_UC"	"dysbiosis_statedysbiosis_UC"	9.88188006625582	97.4230666795657	0.919207017200434	NA	0.999999991570846	"prevalence"	754	745	0.828361112669337	0.999999603233202
"PWY_7220_adenosine_dnt_de_novo_biosyn_II"	"dysbiosis_state"	"dysbiosis_UC"	"dysbiosis_statedysbiosis_UC"	-0.3398074022202	1.08848449816451	0.754900720625346	NA	0.999999991570846	"prevalence"	754	735	0.756305702985414	0.999999603233202
"PWY_7222_guanosine_dnt_de_novo_biosyn_II"	"dysbiosis_state"	"dysbiosis_UC"	"dysbiosis_statedysbiosis_UC"	-0.3398074022202	1.08848449816451	0.754900720625346	NA	0.999999991570846	"prevalence"	754	735	0.756305702985414	0.999999603233202
"PWY_7228_SP_of_guanosine_nt_de_novo_biosyn_I"	"age"	"age"	"age"	0.00563855278812633	0.528472145327057	0.99148710315671	NA	0.999999991570846	"prevalence"	754	734	0.966121907940608	0.999999603233202
"PWY_7228_SP_of_guanosine_nt_de_novo_biosyn_I"	"antibiotics"	"Yes"	"antibioticsYes"	-0.924819594384697	1.18401942018877	0.434752610057949	NA	0.999999991570846	"prevalence"	754	734	0.680495388163699	0.999999603233202
"PWY_7228_SP_of_guanosine_nt_de_novo_biosyn_I"	"diagnosis"	"UC"	"diagnosisUC"	-0.585967432630288	1.65925302252369	0.723974983567744	NA	0.999999991570846	"prevalence"	754	734	0.709662847452948	0.999999603233202
"PWY0_1296_purine_rns_deg"	"antibiotics"	"Yes"	"antibioticsYes"	0.491509517535396	1.6565416158791	0.766689279317366	NA	0.999999991570846	"prevalence"	754	744	0.942782012668142	0.999999603233202
"PWY0_1296_purine_rns_deg"	"diagnosis"	"UC"	"diagnosisUC"	-0.3611261342906	1.16208870002205	0.755986057261275	NA	0.999999991570846	"prevalence"	754	744	0.704248708960515	0.999999603233202
"PWY0_1319_CDP_diacylglycerol_biosyn_II"	"diagnosis"	"CD"	"diagnosisCD"	1.45017028980853	879.971524340975	0.998685107496054	NA	0.999999991570846	"prevalence"	754	752	0.684959879833798	0.999999603233202
"PWY0_1319_CDP_diacylglycerol_biosyn_II"	"diagnosis"	"UC"	"diagnosisUC"	0.135329376214384	751.124729966809	0.999856245953551	NA	0.999999991570846	"prevalence"	754	752	0.869105105380711	0.999999603233202
"PWY0_1319_CDP_diacylglycerol_biosyn_II"	"dysbiosis_state"	"dysbiosis_UC"	"dysbiosis_statedysbiosis_UC"	0.00879884763667103	4437.01348990514	0.99999841774998	NA	0.999999991570846	"prevalence"	754	752	0.999953575699848	0.999999603233202
"PWY66_422_D_galactose_deg_V"	"antibiotics"	"Yes"	"antibioticsYes"	-0.234450596305191	0.817735366632517	0.774336543807859	NA	0.999999991570846	"prevalence"	754	738	0.675751640629118	0.999999603233202
"VALSYN_PWY_L_valine_biosyn"	"age"	"age"	"age"	1.61902176143217	2.57032916970114	0.528767288936695	NA	0.999999991570846	"prevalence"	754	753	0.777001826303469	0.999999603233202
"VALSYN_PWY_L_valine_biosyn"	"diagnosis"	"CD"	"diagnosisCD"	1.43146246377242	1657199.39100416	0.999999310800013	NA	0.999999991570846	"prevalence"	754	753	0.968959676952986	0.999999603233202
"VALSYN_PWY_L_valine_biosyn"	"diagnosis"	"UC"	"diagnosisUC"	4.01368562090384	4709015.26555767	0.999999319930472	NA	0.999999991570846	"prevalence"	754	753	0.785005700030707	0.999999603233202
"PWY_2942_L_lysine_biosyn_III"	"dysbiosis_state"	"dysbiosis_CD"	"dysbiosis_statedysbiosis_CD"	4456.85548011267	9654546.8732042	0.999631670331325	"A large coefficient (>15 in absolute value) or small p-value (< 10^-10) was obtained from a feature present in >95% of samples. Check this is intended."	0.999999991570846	"prevalence"	754	753	1.75844466990935e-07	1.95187358359937e-05
"PWY_5097_L_lysine_biosyn_VI"	"dysbiosis_state"	"dysbiosis_CD"	"dysbiosis_statedysbiosis_CD"	NA	NA	NA	"(maxstephalfit) PIRLS step-halvings failed to reduce deviance in pwrssUpdate"	NA	"prevalence"	754	753	1.48761766208506e-06	8.25627802457207e-05
"PWY_7221_guanosine_rnt_de_novo_biosyn"	"antibiotics"	"Yes"	"antibioticsYes"	NA	NA	NA	"(maxstephalfit) PIRLS step-halvings failed to reduce deviance in pwrssUpdate"	NA	"prevalence"	754	753	0.00117327036532957	0.0325582526378955
"PWY_7221_guanosine_rnt_de_novo_biosyn"	"dysbiosis_state"	"dysbiosis_CD"	"dysbiosis_statedysbiosis_CD"	NA	NA	NA	"(maxstephalfit) PIRLS step-halvings failed to reduce deviance in pwrssUpdate"	NA	"prevalence"	754	753	0.000807153328560592	0.0325582526378955
"PWY_5686_UMP_biosyn"	"dysbiosis_state"	"dysbiosis_CD"	"dysbiosis_statedysbiosis_CD"	NA	NA	NA	"(maxstephalfit) PIRLS step-halvings failed to reduce deviance in pwrssUpdate"	NA	"prevalence"	754	753	0.00346198575304553	0.0698691670160097
"PWY_5686_UMP_biosyn"	"age"	"age"	"age"	NA	NA	NA	"(maxstephalfit) PIRLS step-halvings failed to reduce deviance in pwrssUpdate"	NA	"prevalence"	754	753	0.0050824685691404	0.0805934301677978
"PWY_2942_L_lysine_biosyn_III"	"age"	"age"	"age"	606.368485856207	2191182.08290357	0.999779200436777	"A large coefficient (>15 in absolute value) or small p-value (< 10^-10) was obtained from a feature present in >95% of samples. Check this is intended."	0.999999991570846	"prevalence"	754	753	0.010946643766548	0.127902890324929
"PANTO_PWY_phosphopantothenate_biosyn_I"	"dysbiosis_state"	"dysbiosis_CD"	"dysbiosis_statedysbiosis_CD"	NA	NA	NA	"pwrssUpdate did not converge in (maxit) iterations"	NA	"prevalence"	754	749	0.0161197938414316	0.172021114612233
"PWY_5667_CDP_diacylglycerol_biosyn_I"	"dysbiosis_state"	"dysbiosis_CD"	"dysbiosis_statedysbiosis_CD"	-15.8287544861353	757.655768143642	0.983332008165027	"A large coefficient (>15 in absolute value) or small p-value (< 10^-10) was obtained from a feature present in >95% of samples. Check this is intended."	0.999999991570846	"prevalence"	754	752	0.0203482260935796	0.188221091365611
"PWY0_1319_CDP_diacylglycerol_biosyn_II"	"dysbiosis_state"	"dysbiosis_CD"	"dysbiosis_statedysbiosis_CD"	-15.8287544861353	757.655768143642	0.983332008165027	"A large coefficient (>15 in absolute value) or small p-value (< 10^-10) was obtained from a feature present in >95% of samples. Check this is intended."	0.999999991570846	"prevalence"	754	752	0.0202767885367566	0.188221091365611
"PWY_6737_starch_deg_V"	"dysbiosis_state"	"dysbiosis_CD"	"dysbiosis_statedysbiosis_CD"	NA	NA	NA	"pwrssUpdate did not converge in (maxit) iterations"	NA	"prevalence"	754	751	0.033138433986683	0.23731394661431
"PWY_5686_UMP_biosyn"	"dysbiosis_state"	"dysbiosis_UC"	"dysbiosis_statedysbiosis_UC"	NA	NA	NA	"(maxstephalfit) PIRLS step-halvings failed to reduce deviance in pwrssUpdate"	NA	"prevalence"	754	753	0.0378968058137387	0.254942148201515
"PWY_7219_adenosine_rnt_de_novo_biosyn"	"antibiotics"	"Yes"	"antibioticsYes"	NA	NA	NA	"All logistic values are the same"	NA	"prevalence"	754	754	0.0683709387619086	0.42162078903177
"PWY_5686_UMP_biosyn"	"antibiotics"	"Yes"	"antibioticsYes"	NA	NA	NA	"(maxstephalfit) PIRLS step-halvings failed to reduce deviance in pwrssUpdate"	NA	"prevalence"	754	753	0.0889003384664398	0.448542616807946
"PWY_5097_L_lysine_biosyn_VI"	"age"	"age"	"age"	NA	NA	NA	"(maxstephalfit) PIRLS step-halvings failed to reduce deviance in pwrssUpdate"	NA	"prevalence"	754	753	0.0941039156110193	0.464245983681029
"PWY_7221_guanosine_rnt_de_novo_biosyn"	"age"	"age"	"age"	NA	NA	NA	"(maxstephalfit) PIRLS step-halvings failed to reduce deviance in pwrssUpdate"	NA	"prevalence"	754	753	0.106058341428063	0.503071594209167
"PWY_7219_adenosine_rnt_de_novo_biosyn"	"age"	"age"	"age"	NA	NA	NA	"All logistic values are the same"	NA	"prevalence"	754	754	0.132710613515092	0.55708194381375
"PWY_7219_adenosine_rnt_de_novo_biosyn"	"diagnosis"	"UC"	"diagnosisUC"	NA	NA	NA	"All logistic values are the same"	NA	"prevalence"	754	754	0.138015796890794	0.55708194381375
"PWY_7221_guanosine_rnt_de_novo_biosyn"	"dysbiosis_state"	"dysbiosis_UC"	"dysbiosis_statedysbiosis_UC"	NA	NA	NA	"(maxstephalfit) PIRLS step-halvings failed to reduce deviance in pwrssUpdate"	NA	"prevalence"	754	753	0.136909325044288	0.55708194381375
"PWY_6737_starch_deg_V"	"age"	"age"	"age"	NA	NA	NA	"pwrssUpdate did not converge in (maxit) iterations"	NA	"prevalence"	754	751	0.143037998678233	0.5586548015569
"PWY_5686_UMP_biosyn"	"diagnosis"	"UC"	"diagnosisUC"	NA	NA	NA	"(maxstephalfit) PIRLS step-halvings failed to reduce deviance in pwrssUpdate"	NA	"prevalence"	754	753	0.225150171259258	0.757323303326594
"PWY_7219_adenosine_rnt_de_novo_biosyn"	"diagnosis"	"CD"	"diagnosisCD"	NA	NA	NA	"All logistic values are the same"	NA	"prevalence"	754	754	0.289744282465347	0.846358298780356
"PWY_7219_adenosine_rnt_de_novo_biosyn"	"dysbiosis_state"	"dysbiosis_CD"	"dysbiosis_statedysbiosis_CD"	NA	NA	NA	"All logistic values are the same"	NA	"prevalence"	754	754	0.287227539032471	0.846358298780356
"COA_PWY_1_coenzyme_A_biosyn_II"	"diagnosis"	"UC"	"diagnosisUC"	-36.3121543443527	4941519.84556263	0.999994136842869	"A large coefficient (>15 in absolute value) or small p-value (< 10^-10) was obtained from a feature present in >95% of samples. Check this is intended."	0.999999991570846	"prevalence"	754	751	0.297483086104511	0.846682629682069
"PANTO_PWY_phosphopantothenate_biosyn_I"	"antibiotics"	"Yes"	"antibioticsYes"	NA	NA	NA	"pwrssUpdate did not converge in (maxit) iterations"	NA	"prevalence"	754	749	0.296587612909221	0.846682629682069
"PWY_5686_UMP_biosyn"	"diagnosis"	"CD"	"diagnosisCD"	NA	NA	NA	"(maxstephalfit) PIRLS step-halvings failed to reduce deviance in pwrssUpdate"	NA	"prevalence"	754	753	0.329668822473978	0.881764802279796
"PWY_5097_L_lysine_biosyn_VI"	"antibiotics"	"Yes"	"antibioticsYes"	NA	NA	NA	"(maxstephalfit) PIRLS step-halvings failed to reduce deviance in pwrssUpdate"	NA	"prevalence"	754	753	0.358929802494966	0.926539722719564
"PWY_7221_guanosine_rnt_de_novo_biosyn"	"diagnosis"	"UC"	"diagnosisUC"	NA	NA	NA	"(maxstephalfit) PIRLS step-halvings failed to reduce deviance in pwrssUpdate"	NA	"prevalence"	754	753	0.356774075049023	0.926539722719564
"PWY_6737_starch_deg_V"	"antibiotics"	"Yes"	"antibioticsYes"	NA	NA	NA	"pwrssUpdate did not converge in (maxit) iterations"	NA	"prevalence"	754	751	0.364632883176437	0.930442529484701
"PWY_5097_L_lysine_biosyn_VI"	"diagnosis"	"CD"	"diagnosisCD"	NA	NA	NA	"(maxstephalfit) PIRLS step-halvings failed to reduce deviance in pwrssUpdate"	NA	"prevalence"	754	753	0.392563972133268	0.955005250646792
"PANTO_PWY_phosphopantothenate_biosyn_I"	"diagnosis"	"CD"	"diagnosisCD"	NA	NA	NA	"pwrssUpdate did not converge in (maxit) iterations"	NA	"prevalence"	754	749	0.488269307430954	0.972872429228254
"PANTO_PWY_phosphopantothenate_biosyn_I"	"dysbiosis_state"	"dysbiosis_UC"	"dysbiosis_statedysbiosis_UC"	NA	NA	NA	"pwrssUpdate did not converge in (maxit) iterations"	NA	"prevalence"	754	749	0.50059699764433	0.97468613733999
"COA_PWY_1_coenzyme_A_biosyn_II"	"diagnosis"	"CD"	"diagnosisCD"	-35.8775620689001	4941519.84556264	0.999994207014492	"A large coefficient (>15 in absolute value) or small p-value (< 10^-10) was obtained from a feature present in >95% of samples. Check this is intended."	0.999999991570846	"prevalence"	754	751	0.532613227341784	0.983406375053698
"PWY_2942_L_lysine_biosyn_III"	"dysbiosis_state"	"dysbiosis_UC"	"dysbiosis_statedysbiosis_UC"	-4724.68592068832	16886775.0536144	0.999776762946767	"A large coefficient (>15 in absolute value) or small p-value (< 10^-10) was obtained from a feature present in >95% of samples. Check this is intended."	0.999999991570846	"prevalence"	754	753	0.575868598004418	0.983406375053698
"PWY_7219_adenosine_rnt_de_novo_biosyn"	"dysbiosis_state"	"dysbiosis_UC"	"dysbiosis_statedysbiosis_UC"	NA	NA	NA	"All logistic values are the same"	NA	"prevalence"	754	754	0.542058997788454	0.983406375053698
"COA_PWY_1_coenzyme_A_biosyn_II"	"antibiotics"	"Yes"	"antibioticsYes"	38.5969824633066	8368262.55704335	0.999996319912743	"A large coefficient (>15 in absolute value) or small p-value (< 10^-10) was obtained from a feature present in >95% of samples. Check this is intended."	0.999999991570846	"prevalence"	754	751	0.97078501731871	0.999999603233202
"COA_PWY_1_coenzyme_A_biosyn_II"	"dysbiosis_state"	"dysbiosis_UC"	"dysbiosis_statedysbiosis_UC"	19.1453863719656	48085.3551359281	0.999682318914979	"A large coefficient (>15 in absolute value) or small p-value (< 10^-10) was obtained from a feature present in >95% of samples. Check this is intended."	0.999999991570846	"prevalence"	754	751	0.682191249758578	0.999999603233202
"PANTO_PWY_phosphopantothenate_biosyn_I"	"age"	"age"	"age"	NA	NA	NA	"pwrssUpdate did not converge in (maxit) iterations"	NA	"prevalence"	754	749	0.866565487846238	0.999999603233202
"PANTO_PWY_phosphopantothenate_biosyn_I"	"diagnosis"	"UC"	"diagnosisUC"	NA	NA	NA	"pwrssUpdate did not converge in (maxit) iterations"	NA	"prevalence"	754	749	0.746761113700269	0.999999603233202
"PWY_2942_L_lysine_biosyn_III"	"antibiotics"	"Yes"	"antibioticsYes"	323.301946604361	8766638.82648382	0.999970575081657	"A large coefficient (>15 in absolute value) or small p-value (< 10^-10) was obtained from a feature present in >95% of samples. Check this is intended."	0.999999991570846	"prevalence"	754	753	0.678990552041137	0.999999603233202
"PWY_2942_L_lysine_biosyn_III"	"diagnosis"	"CD"	"diagnosisCD"	-2784.21376038935	5503872.04339239	0.999596378502056	"A large coefficient (>15 in absolute value) or small p-value (< 10^-10) was obtained from a feature present in >95% of samples. Check this is intended."	0.999999991570846	"prevalence"	754	753	0.999870335275132	0.999999603233202
"PWY_2942_L_lysine_biosyn_III"	"diagnosis"	"UC"	"diagnosisUC"	4349.73020927451	6799491.14796681	0.999489582048803	"A large coefficient (>15 in absolute value) or small p-value (< 10^-10) was obtained from a feature present in >95% of samples. Check this is intended."	0.999999991570846	"prevalence"	754	753	0.992425588575392	0.999999603233202
"PWY_5097_L_lysine_biosyn_VI"	"diagnosis"	"UC"	"diagnosisUC"	NA	NA	NA	"(maxstephalfit) PIRLS step-halvings failed to reduce deviance in pwrssUpdate"	NA	"prevalence"	754	753	0.626507772956748	0.999999603233202
"PWY_5097_L_lysine_biosyn_VI"	"dysbiosis_state"	"dysbiosis_UC"	"dysbiosis_statedysbiosis_UC"	NA	NA	NA	"(maxstephalfit) PIRLS step-halvings failed to reduce deviance in pwrssUpdate"	NA	"prevalence"	754	753	0.993277197155138	0.999999603233202
"PWY_5695_urate_biosyn_inosine_5_phosphate_deg"	"antibiotics"	"Yes"	"antibioticsYes"	21.2743948868015	48555.4758282335	0.999650409961226	"A large coefficient (>15 in absolute value) or small p-value (< 10^-10) was obtained from a feature present in >95% of samples. Check this is intended."	0.999999991570846	"prevalence"	754	752	0.914584985331943	0.999999603233202
"PWY_5695_urate_biosyn_inosine_5_phosphate_deg"	"dysbiosis_state"	"dysbiosis_CD"	"dysbiosis_statedysbiosis_CD"	-25.9221467327691	113564.058470564	0.999817874768127	"A large coefficient (>15 in absolute value) or small p-value (< 10^-10) was obtained from a feature present in >95% of samples. Check this is intended."	0.999999991570846	"prevalence"	754	752	0.994639009063153	0.999999603233202
"PWY_6121_5_aminoimidazole_rnt_biosyn_I"	"diagnosis"	"UC"	"diagnosisUC"	-37.5789117904756	234.987099900682	0.872944848581784	"A large coefficient (>15 in absolute value) or small p-value (< 10^-10) was obtained from a feature present in >95% of samples. Check this is intended."	0.999999991570846	"prevalence"	754	750	0.680106770155833	0.999999603233202
"PWY_6121_5_aminoimidazole_rnt_biosyn_I"	"dysbiosis_state"	"dysbiosis_CD"	"dysbiosis_statedysbiosis_CD"	-50.3759523814384	1126.80954127834	0.964341081708229	"A large coefficient (>15 in absolute value) or small p-value (< 10^-10) was obtained from a feature present in >95% of samples. Check this is intended."	0.999999991570846	"prevalence"	754	750	0.987679944931893	0.999999603233202
"PWY_6121_5_aminoimidazole_rnt_biosyn_I"	"dysbiosis_state"	"dysbiosis_UC"	"dysbiosis_statedysbiosis_UC"	16.6880751564327	1186.1360492347	0.988774712427473	"A large coefficient (>15 in absolute value) or small p-value (< 10^-10) was obtained from a feature present in >95% of samples. Check this is intended."	0.999999991570846	"prevalence"	754	750	0.906748497962695	0.999999603233202
"PWY_6122_5_aminoimidazole_rnt_biosyn_II"	"diagnosis"	"UC"	"diagnosisUC"	-37.5789117904756	234.987099900682	0.872944848581784	"A large coefficient (>15 in absolute value) or small p-value (< 10^-10) was obtained from a feature present in >95% of samples. Check this is intended."	0.999999991570846	"prevalence"	754	750	0.693757757891206	0.999999603233202
"PWY_6122_5_aminoimidazole_rnt_biosyn_II"	"dysbiosis_state"	"dysbiosis_CD"	"dysbiosis_statedysbiosis_CD"	-50.3759523814384	1126.80954127834	0.964341081708229	"A large coefficient (>15 in absolute value) or small p-value (< 10^-10) was obtained from a feature present in >95% of samples. Check this is intended."	0.999999991570846	"prevalence"	754	750	0.998728441546261	0.999999603233202
"PWY_6122_5_aminoimidazole_rnt_biosyn_II"	"dysbiosis_state"	"dysbiosis_UC"	"dysbiosis_statedysbiosis_UC"	16.6880751564327	1186.1360492347	0.988774712427473	"A large coefficient (>15 in absolute value) or small p-value (< 10^-10) was obtained from a feature present in >95% of samples. Check this is intended."	0.999999991570846	"prevalence"	754	750	0.736401345408295	0.999999603233202
"PWY_6277_SP_of_5_aminoimidazole_rnt_biosyn"	"diagnosis"	"UC"	"diagnosisUC"	-37.5789117904756	234.987099900682	0.872944848581784	"A large coefficient (>15 in absolute value) or small p-value (< 10^-10) was obtained from a feature present in >95% of samples. Check this is intended."	0.999999991570846	"prevalence"	754	750	0.693757757891206	0.999999603233202
"PWY_6277_SP_of_5_aminoimidazole_rnt_biosyn"	"dysbiosis_state"	"dysbiosis_CD"	"dysbiosis_statedysbiosis_CD"	-50.3759523814384	1126.80954127834	0.964341081708229	"A large coefficient (>15 in absolute value) or small p-value (< 10^-10) was obtained from a feature present in >95% of samples. Check this is intended."	0.999999991570846	"prevalence"	754	750	0.998728441546261	0.999999603233202
"PWY_6277_SP_of_5_aminoimidazole_rnt_biosyn"	"dysbiosis_state"	"dysbiosis_UC"	"dysbiosis_statedysbiosis_UC"	16.6880751564327	1186.1360492347	0.988774712427473	"A large coefficient (>15 in absolute value) or small p-value (< 10^-10) was obtained from a feature present in >95% of samples. Check this is intended."	0.999999991570846	"prevalence"	754	750	0.736401345408295	0.999999603233202
"PWY_6385_peptidoglycan_biosyn_III"	"antibiotics"	"Yes"	"antibioticsYes"	22.7221314321886	82329.5690945101	0.999779791904324	"A large coefficient (>15 in absolute value) or small p-value (< 10^-10) was obtained from a feature present in >95% of samples. Check this is intended."	0.999999991570846	"prevalence"	754	748	0.996964663641461	0.999999603233202
"PWY_6385_peptidoglycan_biosyn_III"	"diagnosis"	"CD"	"diagnosisCD"	-20.1360808000844	19520.442940934	0.999176951814833	"A large coefficient (>15 in absolute value) or small p-value (< 10^-10) was obtained from a feature present in >95% of samples. Check this is intended."	0.999999991570846	"prevalence"	754	748	0.86097127034366	0.999999603233202
"PWY_6385_peptidoglycan_biosyn_III"	"diagnosis"	"UC"	"diagnosisUC"	-19.6928247025414	19520.4429530666	0.999195069591335	"A large coefficient (>15 in absolute value) or small p-value (< 10^-10) was obtained from a feature present in >95% of samples. Check this is intended."	0.999999991570846	"prevalence"	754	748	0.752200862547576	0.999999603233202
"PWY_6737_starch_deg_V"	"diagnosis"	"CD"	"diagnosisCD"	NA	NA	NA	"pwrssUpdate did not converge in (maxit) iterations"	NA	"prevalence"	754	751	0.958923809243424	0.999999603233202
"PWY_6737_starch_deg_V"	"diagnosis"	"UC"	"diagnosisUC"	NA	NA	NA	"pwrssUpdate did not converge in (maxit) iterations"	NA	"prevalence"	754	751	0.679886484869468	0.999999603233202
"PWY_6737_starch_deg_V"	"dysbiosis_state"	"dysbiosis_UC"	"dysbiosis_statedysbiosis_UC"	NA	NA	NA	"pwrssUpdate did not converge in (maxit) iterations"	NA	"prevalence"	754	751	0.812979311918949	0.999999603233202
"PWY_7111_pyruvate_fermentation_to_isobutanol"	"antibiotics"	"Yes"	"antibioticsYes"	21.2743948868015	48555.4758282335	0.999650409961226	"A large coefficient (>15 in absolute value) or small p-value (< 10^-10) was obtained from a feature present in >95% of samples. Check this is intended."	0.999999991570846	"prevalence"	754	752	0.998488532556915	0.999999603233202
"PWY_7111_pyruvate_fermentation_to_isobutanol"	"dysbiosis_state"	"dysbiosis_CD"	"dysbiosis_statedysbiosis_CD"	-25.9221467327691	113564.058470564	0.999817874768127	"A large coefficient (>15 in absolute value) or small p-value (< 10^-10) was obtained from a feature present in >95% of samples. Check this is intended."	0.999999991570846	"prevalence"	754	752	0.983886007977199	0.999999603233202
"PWY_7221_guanosine_rnt_de_novo_biosyn"	"diagnosis"	"CD"	"diagnosisCD"	NA	NA	NA	"(maxstephalfit) PIRLS step-halvings failed to reduce deviance in pwrssUpdate"	NA	"prevalence"	754	753	0.816658112945116	0.999999603233202
"VALSYN_PWY_L_valine_biosyn"	"antibiotics"	"Yes"	"antibioticsYes"	20.2150204663829	42225.0198189256	0.999618016707168	"A large coefficient (>15 in absolute value) or small p-value (< 10^-10) was obtained from a feature present in >95% of samples. Check this is intended."	0.999999991570846	"prevalence"	754	753	0.690152537781237	0.999999603233202
"VALSYN_PWY_L_valine_biosyn"	"dysbiosis_state"	"dysbiosis_CD"	"dysbiosis_statedysbiosis_CD"	-30.448344768903	1379370.08651815	0.99998238742131	"A large coefficient (>15 in absolute value) or small p-value (< 10^-10) was obtained from a feature present in >95% of samples. Check this is intended."	0.999999991570846	"prevalence"	754	753	0.732625387418925	0.999999603233202
