feature	Feature1	Feature3	Feature4	Feature5	Feature6	Feature8	Feature9	Feature10	Feature12	Feature14	Feature15	Feature16	Feature17	Feature18	Feature19	Feature20	Feature21	Feature22	Feature23	Feature24	Feature25	Feature26	Feature27	Feature28	Feature29	Feature30	Feature31	Feature32	Feature33	Feature34	Feature35	Feature36	Feature37	Feature38	Feature39	Feature40	Feature41	Feature42	Feature43	Feature44	Feature45	Feature46	Feature47	Feature48	Feature49	Feature51	Feature52	Feature53	Feature54	Feature55	Feature56	Feature58	Feature59	Feature60	Feature61	Feature62	Feature63	Feature64	Feature65	Feature66	Feature67	Feature68	Feature69	Feature71	Feature72	Feature74	Feature75	Feature76	Feature78	Feature79	Feature80	Feature81	Feature82	Feature83	Feature84	Feature85	Feature86	Feature87	Feature88	Feature89	Feature91	Feature93	Feature94	Feature95	Feature96	Feature97	Feature98	Feature99	Feature100
Sample1	NA	3.90447537591884	NA	NA	NA	9.02127909448903	NA	NA	NA	NA	-1.88733869524299	NA	NA	NA	NA	NA	-2.88733869524299	NA	2.55891753464657	NA	NA	NA	NA	NA	NA	NA	NA	NA	-1.20926679013035	NA	-0.68570483407334	-3.6243042894092	-1.20926679013035	NA	NA	8.19081211249166	NA	NA	NA	-3.20926679013035	-3.6243042894092	NA	NA	NA	NA	0.744929520256522	NA	NA	NA	NA	NA	-2.20926679013035	NA	NA	NA	NA	NA	NA	-3.6243042894092	NA	NA	NA	NA	-1.03934178868804	NA	NA	NA	-0.887338695242991	NA	NA	-1.20926679013035	NA	NA	NA	NA	1.0001865754986	NA	NA	3.80475368018458	NA	NA	1.31429516592666	NA	NA	NA	NA	NA	NA	NA
Sample2	NA	NA	NA	NA	7.50085934697314	5.61129295022218	NA	1.44023952084522	NA	NA	NA	NA	NA	NA	NA	NA	-1.1245450979383	NA	NA	NA	NA	NA	NA	NA	NA	NA	NA	NA	-1.00906788051837	5.47908124704789	-2.3875795037721	NA	1.94870388409234	NA	NA	9.88947537237663	NA	NA	-2.1245450979383	NA	0.648044405958624	NA	-1.25007598002216	NA	-2.3875795037721	-0.539582597217147	NA	NA	NA	-3.70950759865946	NA	NA	NA	NA	NA	-1.90215267660186	NA	NA	NA	NA	-1.3875795037721	NA	NA	-0.250075980022162	NA	NA	NA	2.65681461558636	NA	-1.3875795037721	-0.62204475740912	NA	NA	NA	1.44023952084522	NA	NA	-0.124545097938303	0.197382996949059	NA	6.69988333747824	NA	-1.70950759865946	NA	NA	NA	NA	-0.62204475740912	NA
Sample3	NA	3.67855283989851	NA	NA	NA	5.78306332886471	NA	NA	NA	NA	NA	NA	NA	2.17119937100684	NA	NA	3.54005229120157	NA	NA	NA	NA	NA	NA	NA	NA	4.55098185135983	NA	NA	-1.06146138578343	0.0557221535869083	NA	NA	-1.12963288842501	NA	1.25602080407274	5.34059956522588	NA	NA	NA	-1.41140385684039	0.876172733256196	NA	NA	NA	-7.08382919881188	2.0760421379665	NA	NA	NA	NA	-6.08382919881188	-2.08382919881189	NA	NA	NA	-0.42561771606009	NA	NA	-2.17693860320337	NA	-4.49886669809073	NA	NA	NA	NA	NA	NA	3.71707070110842	NA	0.383776351271112	1.33823556736093	NA	5.31571576781555	NA	-7.08382919881188	NA	NA	NA	NA	3.91405592901723	4.84875467047741	NA	NA	NA	NA	NA	NA	NA	-1.08382919881189
Sample4	NA	NA	NA	NA	NA	10.8443279928543	NA	NA	NA	NA	NA	NA	NA	NA	0.654503433974233	2.9764315288616	0.654503433974233	3.65450343397423	NA	NA	NA	NA	NA	NA	NA	4.23946593469539	NA	NA	0.654503433974233	2.9764315288616	NA	NA	NA	NA	NA	14.2313420336988	NA	NA	NA	NA	NA	NA	NA	NA	NA	NA	NA	NA	NA	NA	NA	NA	NA	NA	0.654503433974233	NA	NA	5.65450343397423	NA	NA	NA	NA	NA	NA	NA	NA	NA	3.23946593469539	NA	NA	NA	NA	NA	NA	NA	NA	NA	NA	NA	NA	3.82442843541655	2.23946593469539	NA	NA	NA	NA	NA	NA	NA
Sample5	NA	NA	NA	NA	NA	4.88166801190526	NA	-2.2476150050397	NA	NA	NA	NA	NA	NA	NA	NA	NA	NA	NA	NA	NA	NA	NA	-5.56954309992706	NA	9.80743012557718	NA	NA	1.04516674418814	8.8981898010887	NA	NA	0.158377354636135	NA	NA	4.94517095421142	NA	NA	NA	NA	NA	NA	NA	NA	NA	1.15837735463614	NA	NA	NA	NA	NA	-0.711562104799492	NA	NA	NA	0.0743130898476608	NA	-2.11011148128977	NA	NA	NA	NA	NA	1.86508512770966	NA	2.95401885612995	NA	5.75857079490659	NA	-3.56954309992706	-0.045981143870051	NA	5.17276633615693	NA	NA	-1.86910338178597	NA	NA	7.85028543915611	NA	3.60787643806217	2.05981352015255	NA	-2.76218817786946	NA	-5.56954309992706	NA	-1.2476150050397	NA
Sample6	NA	5.30183076038638	NA	NA	NA	10.2259441267016	NA	NA	NA	NA	NA	-0.837720592012409	NA	-2.15964868689977	NA	3.64125121302053	NA	NA	NA	-0.459208968758679	NA	NA	NA	NA	NA	4.57167034412529	NA	NA	1.56827176766343	NA	-2.15964868689977	NA	NA	NA	NA	NA	NA	NA	NA	NA	NA	NA	0.647706235157833	NA	-4.15964868689977	0.927814154350568	NA	NA	NA	NA	NA	-2.15964868689977	3.72299436246207	NA	NA	-1.83772059201241	NA	11.3201000052012	NA	NA	NA	NA	NA	-0.252758091291252	NA	NA	NA	NA	NA	-2.57468618617861	-4.15964868689977	NA	NA	NA	NA	-1.15964868689977	1.906440503558	NA	1.86271912612868	-0.352293764842167	1.54079103124132	NA	NA	NA	NA	NA	NA	NA	NA
Sample7	NA	NA	NA	NA	NA	7.29587039420265	NA	1.42845333503098	NA	NA	NA	NA	NA	NA	NA	NA	NA	NA	NA	NA	NA	NA	NA	-4.6376358554268	NA	10.5959276521913	NA	NA	2.0628038627143	NA	-1.46771085398448	NA	NA	NA	NA	NA	NA	NA	NA	NA	NA	NA	-0.882748353263327	NA	-5.6376358554268	0.932219752904152	NA	NA	-3.6376358554268	NA	4.3665846108914	-4.05267335470564	NA	-5.6376358554268	NA	-4.6376358554268	NA	NA	-3.05267335470564	NA	-3.31570776053943	NA	0.647766363435453	0.571817510202154	NA	2.7886288992753	-1.9371961372857	3.47349981480791	NA	NA	NA	NA	NA	NA	NA	NA	NA	NA	9.82333190714363	NA	3.24500719393505	1.88592610063022	NA	-0.389708341983211	NA	NA	-5.6376358554268	NA	NA
Sample8	NA	NA	NA	NA	NA	4.84215414242399	NA	-5.76656271159658	NA	NA	NA	-5.18160021087542	NA	NA	NA	NA	NA	NA	NA	NA	NA	-1.30713109295928	NA	NA	6.4291170738994	3.88089571485834	NA	NA	0.81086611643917	4.77259609951145	2.36786360862435	NA	0.103802007986825	NA	NA	1.10380200798683	NA	-2.76656271159658	NA	-2.59663771015427	NA	NA	NA	NA	NA	NA	NA	NA	NA	NA	NA	5.11569821750322	NA	NA	NA	NA	NA	NA	NA	NA	-2.59663771015427	NA	NA	1.8258943256715	NA	NA	NA	-0.812366401209704	NA	NA	-3.76656271159658	NA	1.50022382909832	-5.76656271159658	NA	NA	NA	NA	NA	NA	5.57078043567747	6.65681586492191	NA	NA	NA	NA	NA	NA	NA
Sample9	NA	2.9275244391404	NA	NA	NA	10.7194108457853	NA	NA	NA	NA	NA	0.342561938419244	NA	NA	NA	NA	NA	NA	NA	NA	NA	-1.82736306302307	NA	NA	NA	7.51693284489275	NA	NA	3.90055739154013	NA	NA	NA	1.34256193841924	NA	NA	0.494565031864294	NA	NA	NA	-2.82736306302307	1.17263693697693	NA	0.632068555614229	NA	NA	-0.0200081409654639	NA	NA	NA	NA	NA	-1.24240056230191	NA	NA	NA	0.342561938419244	NA	NA	NA	NA	NA	NA	-2.82736306302307	1.17263693697693	NA	2.69619889303394	NA	-0.827363063023068	NA	-1.24240056230191	NA	6.02750532023717	5.7613515725592	NA	NA	NA	-1.24240056230191	NA	NA	-2.82736306302307	NA	NA	NA	NA	NA	-1.82736306302307	NA	NA	NA
Sample10	NA	NA	NA	NA	NA	13.2424258910973	NA	1.7331457230094	NA	NA	1.14818322228825	0.148183222288246	NA	NA	NA	NA	4.47011131717561	NA	NA	NA	NA	0.148183222288246	NA	NA	NA	NA	NA	NA	NA	NA	NA	NA	NA	NA	NA	12.9379206233554	NA	NA	NA	NA	NA	NA	NA	NA	NA	NA	NA	NA	NA	NA	NA	NA	NA	NA	NA	0.148183222288246	1.7331457230094	3.14818322228825	NA	NA	NA	NA	NA	2.14818322228825	NA	NA	NA	NA	NA	NA	NA	NA	NA	NA	NA	NA	NA	NA	9.78480784283189	NA	NA	4.39611073573183	NA	NA	NA	NA	NA	NA	NA
Sample11	4.73332166755971	NA	NA	NA	NA	NA	NA	NA	NA	8.48820916972318	NA	NA	NA	NA	NA	4.73332166755971	NA	NA	NA	NA	NA	NA	NA	NA	NA	NA	NA	NA	NA	NA	NA	NA	NA	NA	NA	6.05524976244708	NA	NA	NA	NA	NA	NA	NA	NA	NA	NA	NA	NA	NA	NA	15.5220400002502	NA	NA	NA	NA	NA	NA	NA	NA	NA	NA	NA	NA	NA	NA	NA	NA	NA	NA	NA	NA	17.9089491827473	NA	13.4714139271802	NA	NA	NA	NA	9.25688362361673	NA	6.73332166755971	NA	NA	NA	NA	NA	NA	NA	NA
Sample12	NA	NA	NA	NA	NA	7.31872504527717	NA	0.361429496231406	NA	NA	NA	NA	NA	NA	NA	NA	0.542001741873227	NA	NA	NA	NA	NA	NA	NA	NA	NA	NA	NA	1.20942640278636	5.50438745007345	-0.738106177319509	NA	-3.54546109937711	NA	8.22189575474857	12.8604780939653	NA	NA	-1.54546109937711	NA	-0.738106177319509	NA	NA	NA	NA	-1.22353300448975	NA	NA	NA	NA	NA	1.58382191756785	NA	NA	NA	2.88080365532499	NA	NA	NA	0.913970519260184	NA	NA	NA	1.09839509039761	NA	2.6244639020652	NA	1.77646699551025	NA	NA	NA	NA	NA	NA	NA	-1.96049859865596	NA	NA	NA	NA	5.07292440288149	NA	NA	-1.54546109937711	NA	NA	NA	NA	NA
Sample13	NA	NA	NA	NA	NA	4.09860759694066	NA	NA	NA	NA	NA	NA	NA	NA	NA	NA	NA	NA	NA	NA	NA	NA	NA	NA	NA	5.14654207400436	NA	NA	1.21108232619907	NA	-1.11084576868829	NA	NA	NA	NA	2.84335054169858	NA	NA	NA	NA	NA	-2.11084576868829	-2.11084576868829	NA	NA	-1.11084576868829	NA	NA	NA	NA	2.05907923275402	NA	NA	NA	NA	-1.11084576868829	NA	NA	-2.11084576868829	NA	-1.11084576868829	NA	3.1370817447553	NA	NA	NA	NA	NA	NA	1.79604482692023	NA	NA	NA	NA	NA	NA	-0.525883267967134	NA	10.2200711094263	NA	NA	NA	NA	-2.11084576868829	NA	NA	-2.11084576868829	NA	NA
Sample14	NA	NA	NA	-2.53490033883763	NA	9.10421422434178	NA	-1.36497533739532	NA	NA	-1.72754541678002	-2.94993783811647	NA	NA	NA	NA	-1.94993783811647	NA	NA	-2.21297224395027	3.19980928138821	-1.94993783811647	NA	NA	NA	NA	NA	NA	0.465099661162372	NA	NA	NA	NA	NA	11.2426118436283	8.71198867743672	NA	1.85741708394113	NA	NA	0.594382678107339	NA	NA	-4.53490033883763	NA	-2.94993783811647	NA	NA	NA	NA	NA	-4.53490033883763	NA	NA	NA	2.53118885162014	NA	NA	0.465099661162372	NA	0.822651665780456	NA	2.01968851284001	NA	NA	NA	NA	5.81050490788017	NA	0.165539379303464	NA	NA	NA	NA	-1.07546872020033	-2.53490033883763	NA	NA	NA	NA	3.5631317441229	NA	NA	0.594382678107339	NA	NA	NA	NA	NA
Sample15	NA	NA	NA	NA	NA	11.9480276614408	NA	0.456086167387972	NA	NA	NA	NA	NA	NA	NA	NA	NA	NA	NA	NA	NA	NA	NA	NA	NA	NA	NA	NA	-1.63137667386237	NA	-1.63137667386237	NA	NA	NA	NA	7.60762508390322	NA	NA	NA	NA	4.08286884380376	NA	NA	NA	NA	NA	NA	NA	NA	NA	NA	-2.63137667386237	NA	NA	-0.309448578975005	-0.309448578975005	NA	NA	NA	NA	-0.309448578975005	NA	NA	0.953585826858789	NA	NA	NA	2.4771477829158	NA	NA	NA	NA	NA	NA	NA	-0.824021751804763	1.690551421025	NA	9.02437763628185	NA	3.568295670974	NA	NA	-2.04641417314121	NA	NA	NA	NA	NA
Sample16	NA	4.38900404050288	NA	NA	NA	5.0922033449363	NA	-3.44177522706605	NA	NA	-4.02673772778721	-5.02673772778721	NA	0.673701990353883	NA	7.76075677190955	NA	NA	NA	NA	NA	NA	NA	NA	NA	NA	NA	NA	-0.567306109149912	2.81875232315717	-4.02673772778721	NA	-1.8568127263449	NA	3.73481350465727	9.38019800841507	NA	NA	NA	NA	-3.44177522706605	NA	-0.778810214343624	-5.02673772778721	NA	-1.21938280572961	NA	NA	NA	NA	NA	-0.168756732659637	NA	NA	NA	2.20208096270867	NA	NA	NA	NA	NA	NA	-1.11984713217869	NA	NA	NA	NA	4.68922426246793	NA	NA	NA	NA	8.20117899641428	NA	NA	NA	NA	NA	NA	NA	6.39216900347069	NA	NA	-5.02673772778721	NA	NA	NA	NA	NA
Sample17	NA	NA	NA	NA	NA	8.79926875619274	NA	NA	NA	NA	NA	NA	NA	NA	NA	NA	NA	NA	NA	NA	NA	NA	NA	NA	NA	12.3875134016142	NA	NA	2.32585290811974	NA	NA	NA	NA	NA	5.6270224428403	8.08074041028321	NA	NA	NA	NA	0.518497986062135	NA	NA	NA	NA	NA	NA	NA	NA	NA	NA	1.10346048678329	NA	NA	NA	NA	NA	NA	4.60596082731248	NA	-0.481502013937865	NA	NA	NA	NA	NA	NA	12.1587429222845	NA	NA	NA	NA	NA	NA	NA	NA	NA	NA	NA	NA	4.2733854882256	5.72795135169109	NA	NA	NA	NA	NA	-0.481502013937865	NA
Sample18	NA	3.67428095768808	NA	NA	NA	5.81440008261772	-0.12048614300117	NA	NA	NA	NA	NA	NA	-0.744977007908963	NA	0.736149681827653	NA	NA	NA	-1.08201199518653	NA	NA	NA	NA	NA	7.61705811900287	NA	NA	2.23230291559095	NA	1.43161172381436	NA	2.43161172381436	NA	NA	4.32200910209333	NA	-2.52258458657252	NA	NA	NA	NA	-0.903674753928022	NA	-3.74497700790896	-3.00801141374276	NA	NA	NA	NA	NA	3.08157147938195	NA	NA	NA	-2.08201199518653	NA	2.91798800481347	NA	NA	-2.62949979048903	NA	NA	0.313916681144605	NA	NA	-3.00801141374276	3.99648997849218	NA	-3.74497700790896	1.26251752863796	NA	5.77891160841003	7.68390654410123	NA	NA	-0.575052006466651	1.26251752863796	-0.12048614300117	NA	NA	NA	NA	NA	NA	NA	-2.87050788999282	NA	NA
Sample19	NA	3.43847097491014	NA	NA	NA	1.9132736190473	NA	-4.93221643189708	NA	NA	NA	NA	NA	NA	NA	NA	NA	NA	NA	0.112177687461377	NA	NA	NA	NA	NA	NA	NA	NA	1.15524640935326	3.29178524230103	NA	NA	NA	NA	NA	9.36613258376111	NA	NA	2.27723693373187	NA	NA	NA	NA	NA	NA	2.67511388185253	NA	NA	NA	NA	NA	NA	NA	NA	NA	-3.93221643189708	NA	NA	NA	NA	-1.93221643189708	NA	NA	-0.684288918453491	NA	3.09568956467281	NA	5.40874633235462	NA	NA	NA	NA	4.06778356810292	NA	NA	-0.472784813259779	-4.93221643189708	NA	13.1823189657631	NA	3.90698735619987	NA	-1.02532583628856	-4.93221643189708	NA	NA	NA	-0.472784813259779	NA
Sample20	NA	NA	NA	NA	NA	6.00681898617595	-0.719155824072281	NA	NA	NA	NA	NA	NA	NA	NA	NA	NA	NA	0.280844175927719	NA	NA	NA	NA	NA	NA	9.38787438602556	NA	NA	-1.52651074612989	4.27115077972388	-4.52651074612989	NA	-1.06707912749259	NA	NA	NA	NA	NA	-2.20458265124252	NA	NA	NA	-0.0670791274925878	NA	NA	-1.94154824540873	NA	NA	NA	NA	NA	NA	NA	NA	NA	NA	NA	NA	-0.941548245408729	NA	NA	NA	NA	1.45076917737003	NA	NA	NA	4.34076799357978	NA	NA	-1.06707912749259	NA	NA	NA	-0.526510746129885	NA	NA	NA	NA	NA	3.87863071700646	1.45076917737003	NA	NA	NA	NA	NA	NA	NA
Sample21	NA	3.54387654175011	NA	NA	NA	6.32543346599764	NA	NA	NA	NA	-0.00890555322189199	-1.18947779886371	NA	NA	NA	1.81652094175773	NA	NA	NA	NA	NA	0.427193561584781	NA	NA	NA	5.77476678977081	NA	NA	-5.09636839447223	-0.452512204697507	-0.481658550357023	NA	NA	NA	NA	3.89515345160346	NA	-0.704050971693471	NA	NA	NA	NA	0.032914622472735	NA	NA	-2.18947779886371	NA	NA	-6.09636839447223	NA	NA	-0.670103639770134	NA	NA	NA	NA	NA	NA	NA	NA	NA	NA	NA	-2.18947779886371	NA	3.76936487637953	-1.70405097169347	7.93386766188956	NA	NA	1.28733589800182	NA	5.820257527739	NA	NA	NA	NA	-2.18947779886371	-1.77444029958487	NA	5.45197189320392	NA	NA	NA	NA	NA	NA	NA	NA
Sample22	-3.95387968687175	4.62920308063119	NA	NA	NA	5.09441255709791	NA	NA	NA	NA	-0.448351653644996	4.36869232458104	NA	NA	NA	NA	-0.890869889345947	NA	NA	NA	NA	NA	NA	NA	NA	NA	NA	NA	-0.394912394683536	NA	NA	NA	-1.43930651404199	NA	NA	3.82935244098568	NA	NA	NA	-0.684419011878521	NA	NA	NA	NA	NA	-2.85434401332083	NA	NA	NA	NA	NA	-6.1762721082082	NA	NA	NA	-0.0958986917441754	NA	-4.43930651404199	NA	NA	-3.51330709548577	NA	0.896976873822443	-2.33496985422725	NA	NA	NA	2.05414868688419	NA	NA	-2.23767265287234	NA	NA	NA	NA	NA	-0.310023497097023	-1.45745386075225	2.30216047235916	NA	1.66083015724346	NA	NA	NA	NA	NA	NA	-1.38619517758243	NA
Sample23	NA	4.58201965307555	NA	-3.77553235154253	NA	10.8626772750911	NA	-3.77553235154253	NA	NA	NA	NA	NA	NA	NA	4.56876355637329	NA	NA	2.50986986731972	-1.45360425665517	1.22446764845747	NA	NA	NA	NA	3.11928541176541	NA	NA	-0.0750926334014391	NA	-3.77553235154253	NA	2.17866395884434	NA	NA	NA	NA	NA	NA	NA	-1.77553235154253	NA	NA	NA	-0.968177429484927	-0.968177429484927	NA	NA	NA	NA	1.92490736659856	-1.77553235154253	NA	NA	NA	1.71632074478714	NA	NA	0.0318225705150729	NA	-2.77553235154253	NA	NA	2.00582736198213	NA	NA	-2.19056985082138	0.394392649899781	NA	NA	-2.77553235154253	NA	6.16991148483538	-0.316100732905234	NA	NA	NA	-0.190569850821375	NA	NA	3.64232016334337	NA	NA	NA	NA	-2.77553235154253	NA	-0.775532351542531	NA
Sample24	NA	NA	NA	NA	NA	9.96032266835431	NA	NA	NA	NA	NA	NA	NA	NA	NA	NA	NA	NA	NA	NA	NA	NA	NA	NA	NA	NA	NA	NA	NA	NA	NA	NA	NA	NA	NA	NA	NA	NA	NA	NA	NA	NA	NA	NA	NA	NA	NA	NA	NA	NA	9.96032266835431	NA	NA	NA	NA	NA	NA	NA	NA	NA	NA	NA	NA	NA	NA	NA	NA	NA	NA	NA	NA	NA	NA	24.0447158562707	NA	NA	NA	NA	NA	NA	NA	NA	NA	NA	NA	NA	NA	NA	NA
Sample25	NA	NA	NA	NA	NA	10.6460293303025	NA	-4.8119606663813	NA	NA	NA	NA	-1.8119606663813	0.491820081795807	NA	NA	0.454825874313605	0.11877667118159	NA	-3.8119606663813	1.90913852232589	NA	-3.49003257149393	NA	NA	9.29390693033934	NA	NA	2.15958288756948	NA	-1.16810447660657	NA	5.81192082363216	NA	NA	4.71258104865455	NA	NA	NA	NA	NA	NA	0.337786453123386	NA	-3.00460574432369	NA	9.50936852941697	NA	-2.1115209482402	NA	7.27018837497258	5.01458782090962	NA	NA	NA	NA	NA	-1.352529047744	-1.56403315293771	NA	NA	NA	NA	6.40508824717504	6.61299290487975	NA	NA	5.39199903685817	NA	-1.56403315293771	NA	NA	NA	NA	NA	-2.22699816566014	0.563078764965629	NA	1.14223564400558	NA	NA	5.03822617126448	NA	0.0706823829805449	NA	NA	NA	NA	NA
Sample26	NA	4.06310843996821	NA	NA	NA	9.30191682444609	NA	NA	NA	NA	NA	NA	NA	NA	NA	9.88154809534092	NA	-3.67160118025763	NA	NA	NA	NA	NA	NA	NA	8.80235818543713	NA	NA	1.57632633318596	5.4052144167932	NA	NA	NA	NA	NA	1.13575374179998	NA	NA	NA	NA	-0.501676178815317	NA	NA	NA	NA	0.135753741799975	NA	NA	NA	NA	NA	-1.34967308537027	NA	NA	NA	3.46795017214116	NA	NA	NA	NA	NA	NA	NA	-0.212169561620332	NA	NA	-2.08663867953647	3.65032691462973	-2.67160118025763	NA	NA	NA	-0.212169561620332	1.91336132046353	NA	-1.34967308537027	NA	NA	NA	NA	NA	4.32275225660123	NA	0.0288385378834631	NA	-3.67160118025763	NA	-0.864246258200025	NA
Sample27	NA	NA	NA	NA	NA	8.2516871809689	-0.0607263762176478	NA	NA	NA	NA	NA	NA	NA	NA	NA	NA	NA	NA	NA	NA	NA	NA	NA	NA	8.73223216567336	NA	NA	0.781732346795872	NA	NA	NA	-4.91870737134522	-4.33374487062406	7.50965280135907	10.4529501776846	NA	NA	NA	NA	NA	NA	NA	NA	NA	2.68120547084191	NA	NA	NA	NA	NA	NA	NA	NA	NA	-2.0118167757367	NA	3.72695106106349	NA	NA	-2.11135244928762	NA	NA	-2.0118167757367	NA	NA	NA	NA	NA	NA	0.540724247292077	NA	NA	NA	-0.52638994856646	0.71064924873439	NA	1.86265234217944	NA	NA	NA	2.02965986023946	NA	-3.59677927645786	NA	NA	NA	NA	NA
Sample28	NA	2.2913676448715	NA	NA	NA	13.423738843604	NA	NA	NA	NA	NA	NA	NA	NA	NA	NA	NA	NA	NA	NA	NA	NA	NA	NA	NA	NA	NA	NA	-1.03056045001586	4.64186489195563	NA	NA	NA	NA	NA	7.55440205070529	NA	NA	NA	NA	3.77679447204174	NA	NA	NA	NA	-1.03056045001586	NA	NA	NA	NA	NA	NA	NA	NA	NA	NA	NA	NA	NA	NA	NA	NA	NA	-0.0305604500158622	NA	NA	NA	2.55440205070529	NA	NA	NA	NA	4.25484176884639	7.28685216374901	NA	NA	NA	NA	9.80074679378619	NA	5.47723419018283	NA	NA	NA	NA	NA	NA	NA	NA
Sample29	NA	NA	NA	NA	NA	6.03901743872043	-1.13132494882081	1.412995567403	NA	NA	NA	NA	NA	NA	NA	6.41685476285863	3.28371255045803	NA	0.512531240953914	NA	NA	NA	NA	NA	NA	NA	NA	NA	-0.506834083913017	NA	-3.3943593546546	NA	-5.71628744954197	NA	NA	8.77944268490337	NA	NA	NA	NA	-4.71628744954197	NA	NA	NA	2.51253124095391	-0.858306454414395	NA	NA	NA	NA	0.927568740232758	NA	NA	NA	NA	-2.01584773140087	NA	NA	0.349801740915806	NA	-0.0158477314008747	NA	NA	-0.961399947378498	NA	3.4760053649288	NA	0.913069170537643	NA	NA	NA	NA	NA	3.1416935455856	NA	NA	5.05849961005921	NA	2.59659550574239	-3.3943593546546	5.04110255982467	NA	NA	-1.13132494882081	NA	NA	NA	NA	NA
Sample30	NA	4.4318696934245	NA	NA	NA	9.37046914876036	NA	NA	NA	NA	NA	NA	NA	NA	NA	NA	NA	NA	NA	NA	2.84690719270335	NA	NA	NA	NA	7.49076338247807	NA	NA	NA	2.84690719270335	NA	NA	NA	NA	NA	NA	NA	NA	NA	NA	NA	NA	NA	NA	NA	NA	NA	NA	NA	NA	NA	NA	NA	NA	NA	NA	NA	NA	NA	NA	NA	NA	3.84690719270335	2.84690719270335	NA	NA	NA	2.84690719270335	NA	NA	2.84690719270335	17.3999964547808	NA	NA	NA	NA	NA	NA	2.84690719270335	NA	NA	NA	NA	NA	NA	NA	NA	NA	NA
Sample31	NA	NA	NA	NA	NA	4.44939379643158	NA	-6.59226535520563	NA	NA	NA	NA	NA	NA	NA	NA	NA	NA	NA	NA	NA	NA	NA	NA	NA	6.00695013981209	NA	NA	-1.037676503528	NA	NA	NA	-4.00730285448448	NA	NA	3.90159009403519	NA	NA	NA	NA	NA	NA	NA	NA	0.0224444889095752	NA	NA	NA	NA	NA	NA	NA	NA	NA	NA	-2.00730285448448	NA	NA	NA	NA	0.756462799025445	NA	NA	2.66982949016455	NA	NA	-2.42234035376332	9.46140603038957	NA	NA	-1.00730285448448	NA	NA	NA	NA	-3.27033726031827	0.227913607209555	1.24062465895911	-2.13283373656834	NA	NA	1.02978646425074	NA	-2.06870339914862	NA	NA	NA	NA	NA
Sample32	NA	NA	NA	NA	NA	8.28933231334002	NA	2.82014612717699	NA	NA	NA	NA	NA	NA	NA	NA	NA	NA	NA	NA	NA	NA	NA	NA	NA	4.68479427428211	NA	NA	-0.786511444643483	4.75405693671922	NA	NA	-0.438588141223177	NA	NA	11.6070740242959	NA	NA	NA	NA	NA	NA	NA	NA	NA	NA	NA	NA	NA	-4.24594306328078	3.87299800944273	NA	3.8987151795511	NA	NA	-0.924014968393419	NA	NA	-1.92401496839342	NA	NA	NA	-0.438588141223177	-0.158480222030441	NA	NA	NA	5.91644826547612	NA	NA	NA	NA	NA	NA	NA	NA	NA	NA	7.27320172471663	NA	5.77086522440577	NA	NA	NA	NA	NA	NA	NA	NA
Sample33	NA	NA	NA	-2.40724334179705	NA	8.94461610197418	NA	NA	NA	NA	NA	NA	NA	NA	0.938531495044684	NA	NA	NA	-2.9922058425182	NA	NA	NA	-0.992205842518202	NA	NA	NA	NA	NA	1.51558879768049	NA	NA	NA	-0.82228084107589	NA	NA	6.54209703993643	NA	NA	NA	NA	-1.67027774763084	NA	-0.599888419739442	NA	NA	4.31385584691014	NA	NA	NA	NA	NA	-2.1848509204606	NA	NA	NA	0.86577515260937	-3.40724334179705	0.651650347256523	-1.40724334179705	NA	-4.9922058425182	NA	NA	0.985074080981714	NA	NA	NA	7.21541862570856	NA	NA	2.33871103559641	NA	NA	NA	NA	NA	-4.9922058425182	NA	1.36534616209988	NA	NA	1.69429468466502	NA	NA	NA	NA	NA	NA	NA
Sample34	NA	NA	NA	NA	NA	11.5240906131956	NA	NA	NA	7.60030603627451	NA	1.56283133085585	NA	NA	NA	NA	NA	NA	NA	NA	NA	-3.68509618258774	NA	NA	NA	6.17288481253984	NA	NA	2.58169035810716	NA	NA	NA	1.8694926690899	NA	NA	2.56283133085585	NA	NA	-3.68509618258774	NA	NA	NA	NA	-2.10013368186658	NA	NA	NA	NA	NA	NA	NA	-1.36316808770037	5.37829889870077	NA	NA	1.35929793677072	NA	0.899866318133419	-0.877741260530133	NA	-0.515171181145425	NA	NA	4.01534353555336	NA	NA	NA	5.22179441302078	NA	NA	NA	NA	NA	1.06979131957573	NA	-1.36316808770037	NA	-2.10013368186658	2.4023666586626	NA	5.91109357355667	5.34004337969077	NA	NA	NA	NA	NA	NA	NA
Sample35	6.75174060111183	3.74378999707228	NA	NA	NA	3.44049341595908	NA	NA	NA	NA	1.10015836874885	NA	NA	NA	NA	NA	-0.276109560365421	0.299104963804173	NA	NA	NA	NA	NA	-4.09811125838743	NA	NA	NA	NA	1.56213936963797	NA	NA	NA	3.23408517195376	NA	2.94862299942554	NA	NA	NA	NA	NA	0.0718137430548861	NA	-1.09811125838743	NA	NA	NA	NA	NA	NA	NA	NA	2.32695474673105	2.65486665376741	NA	NA	2.95717117711376	NA	5.31476097681564	-0.565616177560406	NA	-4.90546618044503	NA	NA	2.0282244745072	NA	NA	NA	4.11308176142662	NA	NA	-1.44603456180773	NA	NA	NA	-6.90546618044503	NA	NA	NA	NA	NA	4.91411419470997	NA	NA	-2.62006396158278	NA	NA	NA	NA	NA
Sample36	NA	3.07976125297355	NA	NA	NA	12.1056293387442	NA	-1.75312876119119	5.69395446501846	NA	NA	NA	-0.168166260470037	NA	NA	NA	NA	NA	0.416796240251119	-1.16816626047004	NA	NA	-2.75312876119119	NA	NA	NA	NA	NA	1.24687123880881	1.63918866158757	NA	-1.16816626047004	NA	NA	0.706302857446104	11.8698381835993	NA	NA	-0.168166260470037	NA	4.47568992930469	NA	NA	-1.16816626047004	NA	NA	NA	NA	NA	NA	NA	-0.431200666303831	NA	NA	NA	NA	NA	10.7248824099849	NA	NA	NA	NA	NA	1.05422616086641	NA	NA	NA	3.24687123880881	NA	NA	-0.753128761191193	NA	3.12951428817065	-1.75312876119119	NA	0.0542261608664107	NA	1.05422616086641	-1.75312876119119	NA	6.06705020122399	NA	NA	NA	NA	NA	NA	NA	NA
Sample37	NA	NA	NA	NA	NA	5.83019783861403	NA	NA	-0.411111796065044	NA	NA	NA	NA	NA	NA	NA	NA	NA	NA	NA	4.56118127476511	NA	NA	NA	7.05543021173544	8.90078456611454	NA	NA	-1.23423403398096	5.09461347484619	0.0195225582648184	NA	NA	NA	NA	0.820213750041412	NA	NA	-0.234234033980964	NA	NA	NA	NA	NA	-3.3497112514009	-2.61274565723469	NA	NA	-3.3497112514009	NA	NA	NA	NA	NA	NA	-2.61274565723469	NA	NA	2.51653735971027	NA	-4.93467375212206	NA	NA	-1.23423403398096	NA	NA	NA	3.19975256809887	NA	NA	NA	NA	NA	NA	NA	NA	-0.686746238678471	NA	NA	-1.02778315651354	5.10561596890366	NA	NA	-0.934673752122057	NA	-2.3497112514009	NA	-0.686746238678471	-1.61274565723469
Sample38	NA	3.35331474315065	NA	NA	NA	9.87947924535647	NA	NA	NA	NA	NA	NA	NA	NA	NA	NA	2.96518511733532	NA	NA	NA	NA	NA	NA	NA	NA	5.47944462671328	NA	NA	2.39581947166519	3.66272688664619	-1.88030493360905	NA	-3.88030493360905	-2.07295001155145	NA	NA	NA	NA	NA	1.74905168647056	NA	NA	NA	NA	NA	NA	NA	NA	NA	NA	-1.17986521546796	2.34851375688683	NA	NA	NA	-2.2953424328879	NA	NA	-3.2953424328879	NA	NA	NA	NA	3.06806229797563	NA	4.87958324961278	-1.88030493360905	NA	NA	NA	-4.88030493360905	NA	2.7563196869346	NA	NA	NA	NA	0.95258508055569	NA	NA	5.44612455351325	2.74905168647056	NA	NA	NA	-4.88030493360905	NA	NA	NA
Sample39	NA	3.20155980275014	NA	NA	NA	7.81332236281501	NA	NA	NA	NA	NA	NA	NA	NA	NA	NA	NA	NA	NA	-1.12036829213722	NA	NA	NA	NA	NA	8.26549410850424	NA	NA	1.20155980275014	0.879631707862781	NA	NA	-1.12036829213722	-1.12036829213722	NA	12.461185386679	NA	-0.120368292137219	NA	NA	1.20155980275014	NA	NA	NA	NA	1.20155980275014	NA	NA	NA	NA	3.52348789763751	NA	NA	NA	NA	NA	NA	9.49801721012139	NA	NA	NA	NA	NA	NA	NA	NA	NA	2.04955670930509	NA	NA	NA	NA	6.61434132808862	NA	NA	NA	-0.120368292137219	NA	5.84541599252487	NA	7.49434155197799	NA	NA	0.464594208583938	NA	NA	NA	NA	NA
Sample40	NA	NA	NA	NA	NA	8.93535947128282	NA	NA	NA	NA	0.350396970561667	NA	NA	0.350396970561667	NA	NA	2.35039697056167	NA	NA	NA	NA	NA	NA	NA	NA	1.35039697056167	NA	NA	4.80982858919896	4.35039697056167	NA	NA	1.93535947128282	NA	NA	4.52032197200398	NA	NA	NA	NA	NA	NA	NA	NA	NA	NA	NA	NA	NA	NA	14.2938275309453	NA	NA	NA	NA	NA	NA	NA	NA	NA	NA	NA	NA	2.35039697056167	NA	NA	NA	NA	NA	NA	NA	NA	NA	NA	NA	0.350396970561667	NA	NA	2.93535947128282	NA	4.15775189261927	NA	NA	NA	NA	NA	NA	NA	NA
Sample41	NA	NA	NA	NA	NA	10.2208786320309	NA	NA	NA	NA	NA	NA	NA	NA	NA	13.5522241947154	-1.48648050004998	NA	NA	NA	NA	NA	NA	NA	NA	-0.486480500049983	NA	NA	2.42041009555853	1.68344450139233	-1.48648050004998	NA	NA	NA	4.42041009555853	NA	NA	NA	NA	NA	NA	NA	2.21395921809111	NA	NA	NA	NA	NA	NA	NA	NA	NA	NA	NA	NA	NA	NA	NA	NA	NA	NA	NA	-0.486480500049983	NA	NA	NA	NA	2.97295111858731	NA	1.32087442200762	NA	NA	NA	7.22432593364937	NA	NA	NA	NA	NA	NA	4.49079942344993	-0.486480500049983	NA	-0.486480500049983	NA	-1.48648050004998	NA	NA	NA
Sample42	NA	NA	NA	NA	NA	7.01757131234897	-1.63961951592737	1.4110065571426	NA	NA	NA	NA	NA	NA	NA	6.26383199571438	0.253465280156118	1.38591557617977	NA	NA	NA	NA	NA	-3.44697443798497	NA	8.68552529164354	NA	NA	1.01245718065232	3.62984115906586	-4.44697443798497	NA	NA	NA	NA	9.55179226337654	NA	NA	NA	NA	NA	NA	1.78184425251091	-0.359511596734635	NA	0.0124571806523233	NA	NA	NA	NA	NA	NA	6.5245691159658	NA	NA	-2.86201193726382	NA	NA	NA	NA	-4.44697443798497	NA	1.5072218724019	-0.359511596734635	NA	NA	-2.86201193726382	NA	NA	NA	NA	NA	NA	NA	NA	NA	NA	NA	11.5857170501315	NA	5.97403841779425	-1.27704943654266	NA	NA	NA	NA	-2.12504634309761	NA	-3.44697443798497
Sample43	NA	3.2279698281083	NA	NA	NA	4.82023712945269	NA	NA	NA	NA	NA	NA	NA	NA	NA	NA	NA	NA	NA	NA	NA	NA	NA	-5.39408199134808	NA	3.13729946916823	NA	NA	NA	NA	0.583197932151836	NA	0.249774198426645	NA	NA	5.97715013702154	NA	NA	NA	NA	NA	NA	1.27834335062342	NA	NA	-0.934650372710783	NA	NA	NA	NA	NA	-3.80911949062692	NA	NA	0.190880509373076	NA	NA	NA	NA	NA	-5.39408199134808	NA	NA	3.69603042831621	NA	1.7556651281566	NA	NA	NA	NA	-2.58672706929048	8.41397719972077	1.89132022751417	7.67603895312874	NA	NA	-0.439885680961205	NA	10.3867909354132	NA	NA	0.360805510815389	NA	-2.58672706929048	NA	NA	NA	NA	-1.93465037271078
Sample44	NA	NA	NA	0.883395739915054	NA	9.28000052109691	NA	NA	NA	NA	NA	NA	NA	NA	NA	NA	NA	NA	NA	NA	NA	NA	NA	NA	NA	NA	NA	NA	0.883395739915054	NA	0.883395739915054	NA	NA	NA	NA	NA	NA	NA	NA	NA	NA	NA	NA	NA	NA	NA	NA	NA	NA	NA	0.883395739915054	NA	NA	NA	NA	5.27571316269381	NA	NA	NA	NA	NA	NA	NA	0.883395739915054	NA	NA	NA	2.46835824063621	NA	NA	NA	NA	NA	15.5869208590007	NA	NA	NA	NA	9.2453395136503	NA	6.27571316269381	0.883395739915054	NA	NA	NA	NA	NA	NA	NA
Sample45	NA	NA	NA	NA	NA	10.746950343208	NA	NA	NA	NA	NA	0.712054871220839	NA	NA	NA	5.91533846960958	NA	1.6735807234062	-1.1208351429439	NA	NA	NA	NA	NA	NA	3.95864964088291	NA	NA	-1.66140352430661	2.01871620945489	NA	NA	1.04908985849841	NA	NA	NA	NA	NA	NA	NA	NA	NA	NA	NA	NA	NA	NA	NA	NA	NA	NA	4.17608106393539	NA	NA	-0.79890704805654	-3.1208351429439	NA	NA	-0.872907629500317	NA	NA	NA	NA	-2.53587264222275	NA	2.96131389840997	NA	NA	NA	NA	NA	NA	NA	3.71521521211417	NA	-2.53587264222275	NA	NA	-1.66140352430661	NA	4.40859541120225	NA	NA	NA	-2.1208351429439	NA	NA	NA	NA
Sample46	NA	NA	NA	NA	NA	6.81950529790233	NA	NA	NA	NA	NA	NA	NA	NA	NA	NA	NA	NA	NA	NA	NA	NA	NA	NA	NA	NA	NA	NA	NA	NA	NA	NA	NA	NA	NA	14.3819051013142	NA	NA	NA	NA	NA	NA	NA	NA	NA	NA	NA	NA	NA	NA	NA	NA	2.80455495643635	NA	NA	0.219592455715198	NA	6.7273870959139	0.219592455715198	4.46751996915878	NA	NA	NA	NA	NA	NA	NA	NA	NA	NA	NA	NA	NA	NA	1.2195924557152	NA	NA	NA	11.4933880549295	NA	NA	NA	NA	NA	NA	NA	NA	NA	NA
Sample47	NA	NA	NA	NA	NA	7.65375092122256	NA	NA	NA	NA	NA	-3.44318380484252	NA	NA	NA	NA	NA	NA	NA	NA	NA	-1.94068346431334	NA	-4.44318380484252	5.18313364191833	7.02136194549142	NA	NA	-0.0739499951768004	NA	-3.02814630556368	NA	-2.56871468692638	NA	NA	3.72339775352542	-4.02814630556368	-5.02814630556368	NA	NA	NA	NA	NA	NA	NA	NA	NA	-2.32770658742258	NA	NA	NA	3.24797809971056	NA	NA	1.65835422161954	1.44758712540272	NA	NA	NA	NA	0.0379428848940969	-6.02814630556368	-2.22079138350607	0.181307060065274	NA	NA	NA	NA	NA	NA	NA	NA	NA	NA	NA	NA	NA	NA	NA	NA	5.65001365197908	-0.246786592039016	NA	NA	NA	-5.02814630556368	NA	NA	NA
Sample48	NA	NA	NA	NA	NA	7.88468026268694	NA	1.2017563560434	NA	NA	NA	-1.92994932316842	NA	NA	NA	NA	NA	NA	5.34123903647412	-2.55798054578146	NA	-1.26252466225529	NA	NA	NA	NA	NA	NA	1.3045159304686	7.14434957888591	NA	NA	-2.11052156881024	NA	NA	NA	NA	NA	NA	-4.43244966369761	NA	NA	-2.01741216441876	0.322437838465863	NA	-1.76948465097518	NA	NA	NA	NA	2.87740559888918	1.32243783846586	NA	NA	NA	1.19204120121019	NA	-0.432449663697606	NA	NA	-3.21005724236116	NA	NA	0.724054821982385	NA	NA	NA	-0.0632158540318869	NA	-3.6954840695314	NA	NA	NA	NA	NA	NA	-0.732009945556514	NA	2.91922577458381	NA	NA	NA	NA	-0.625094741640002	-5.01741216441876	NA	NA	NA	NA
Sample49	5.15436350802151	NA	NA	NA	8.21558225002132	7.3086916544128	NA	2.28763003888497	NA	NA	NA	NA	NA	NA	NA	NA	2.00752211969224	NA	NA	NA	NA	NA	NA	NA	NA	-0.21487030164421	NA	NA	3.10705779324315	NA	NA	NA	-1.79983280236537	NA	NA	4.22253501066309	NA	NA	NA	NA	NA	-1.79983280236537	1.00752211969224	NA	NA	NA	NA	NA	NA	NA	7.19168904371033	NA	NA	NA	NA	NA	NA	NA	NA	NA	NA	NA	-1.79983280236537	3.90060691577573	NA	2.28763003888497	NA	5.34991431713932	NA	NA	NA	NA	NA	NA	NA	NA	NA	NA	13.4107243996392	NA	4.38999175651465	2.44809471107822	NA	-0.21487030164421	NA	NA	NA	NA	NA
Sample50	NA	NA	NA	NA	NA	10.6957241993667	NA	NA	NA	NA	NA	NA	NA	NA	NA	NA	NA	NA	NA	NA	NA	NA	NA	NA	NA	3.08469940205934	NA	NA	3.08469940205934	NA	NA	NA	NA	NA	NA	7.4066274969467	NA	NA	NA	NA	NA	NA	NA	NA	NA	NA	NA	NA	NA	NA	NA	NA	NA	NA	NA	2.08469940205934	NA	4.89205432411695	NA	NA	NA	NA	NA	NA	NA	NA	NA	NA	NA	NA	NA	NA	NA	NA	NA	NA	NA	NA	14.1277266856539	NA	5.08469940205934	NA	NA	NA	NA	NA	NA	NA	NA
Sample51	NA	4.03636556059849	NA	NA	NA	3.42064526910101	NA	NA	NA	NA	NA	1.40998269542836	NA	NA	NA	1.4085921458837	NA	NA	5.6758953328806	NA	NA	-2.67887069536664	NA	NA	NA	NA	NA	NA	2.99494519614952	1.08457571040363	-4.13712026146678	NA	-0.111357165401696	NA	NA	3.63879397321391	NA	NA	-0.255579094875135	NA	0.755402043853504	NA	NA	-3.32420581406727	NA	-0.619787812811925	NA	NA	NA	NA	NA	4.67928687178437	4.48040511531203	NA	NA	-8.34657362709573	NA	1.59496311131968	-2.65076535768628	NA	-5.17664862565342	NA	NA	1.60956048753264	NA	NA	NA	5.23333152635561	NA	-1.2104369391097	NA	NA	NA	NA	NA	NA	NA	NA	5.01171126808467	NA	3.94589180785354	NA	NA	-4.08604607687251	NA	-5.17664862565342	NA	NA	NA
Sample52	NA	3.88769189256321	NA	1.20002460830799	NA	7.99552317267581	NA	NA	NA	NA	NA	NA	NA	NA	NA	NA	NA	NA	3.92794506287119	NA	NA	NA	NA	NA	4.720970616158	6.32500748781933	NA	NA	-1.38493789241316	NA	NA	NA	-1.43074158202629	NA	NA	4.08368615050486	NA	NA	NA	NA	-0.21501289097085	NA	0.32930762525296	-0.657017437849963	NA	NA	NA	NA	-1.52695689728559	NA	NA	-4.0630097975258	3.37661334003132	NA	NA	-2.0630097975258	NA	NA	-2.29747505116282	NA	NA	NA	NA	1.8293812283876	NA	NA	NA	NA	NA	NA	-2.0630097975258	NA	5.36367428432382	NA	NA	NA	NA	NA	NA	NA	3.66218601970086	NA	NA	-2.79997539169201	NA	-3.0630097975258	NA	NA	-3.21501289097085
Sample53	NA	NA	NA	0.185736437989165	6.0964386475477	7.77498629711342	NA	-2.79154348551075	NA	NA	NA	NA	NA	-0.299690389181077	NA	NA	-0.0101837719860917	6.88419306985116	NA	NA	NA	NA	NA	-3.46961539062339	NA	1.69227229175351	NA	NA	0.162652824876124	-0.704080644260412	NA	NA	NA	NA	1.29591935573959	6.5932402645826	NA	NA	NA	NA	-1.79154348551075	0.716251154687945	NA	NA	NA	NA	NA	NA	NA	NA	NA	NA	NA	NA	NA	NA	NA	5.28727446445123	-0.933562490383179	NA	NA	NA	NA	-2.09110376736966	NA	3.49847536142187	NA	6.82316635860446	NA	NA	-1.79154348551075	NA	7.28142648303131	NA	NA	-1.88465288990223	NA	NA	NA	NA	2.85591494094417	-2.2065809847896	NA	NA	NA	NA	NA	-0.433991480892668	-2.79154348551075
Sample54	NA	5.3033066553431	-4.45539246077039	0.673890556174576	NA	3.61913132477245	NA	NA	NA	NA	-3.01481986938441	0.589001658588063	-2.35585678721948	-0.3438841455534	NA	NA	NA	NA	NA	NA	NA	-2.94081928794063	NA	-5.262747382828	NA	7.06704895539271	NA	NA	-2.17528454157766	5.52066015934552	NA	-2.5623076646869	0.902159543847693	NA	NA	NA	NA	-0.562307664686903	NA	NA	-1.05329401719904	NA	NA	-4.94081928794063	NA	-3.262747382828	NA	NA	NA	NA	NA	-3.8033157641907	NA	NA	NA	-2.50785988066453	NA	6.73081023069126	NA	NA	-3.5623076646869	NA	-5.262747382828	-0.61889119305327	NA	NA	NA	1.52188746272953	NA	NA	0.667989954734892	NA	-0.0928223813856824	NA	-5.262747382828	-0.481387669303335	-0.940819287940632	NA	NA	NA	6.96298725859457	NA	NA	-3.8033157641907	NA	0.0771026200566299	NA	NA	NA
Sample55	NA	NA	NA	NA	NA	4.73176766054814	NA	2.06907313201509	NA	NA	-1.65467814424781	0.981690580997174	NA	NA	NA	NA	NA	NA	NA	NA	NA	NA	NA	-3.97660623913517	NA	6.75368906376559	NA	NA	2.97347787357667	NA	NA	NA	-5.60463746174821	NA	NA	NA	NA	NA	NA	NA	-3.4493592362703	NA	NA	NA	NA	-0.209200697125273	NA	NA	NA	NA	NA	-5.36362936224442	NA	NA	NA	1.52745326618523	NA	NA	NA	NA	2.4673123801308	NA	-2.1937043608021	NA	NA	NA	NA	4.0700363200163	NA	-1.18142603102367	NA	NA	NA	NA	-5.47910657966435	NA	0.334674611552684	NA	NA	NA	2.3999660718044	3.75790415509561	NA	-0.266407554531749	NA	NA	NA	NA	NA
Sample56	NA	3.58157737723013	NA	NA	NA	8.40350237491235	NA	NA	NA	NA	2.33364986378655	NA	-0.666350136213452	0.81907669095679	NA	NA	1.1816467703415	NA	-0.666350136213452	NA	NA	-2.98827823110081	NA	NA	NA	11.6142466650232	NA	NA	0.0117217688991861	1.33364986378655	-1.40331573037966	NA	0.596684269620342	NA	NA	7.30863797577847	NA	NA	NA	NA	NA	NA	NA	NA	NA	NA	NA	NA	NA	NA	NA	NA	2.84461178306393	NA	NA	0.181646770341498	NA	NA	NA	NA	NA	NA	NA	0.596684269620342	NA	3.56631062057682	NA	3.61163461108631	NA	NA	-0.18092330904321	NA	10.2239141408077	NA	NA	NA	NA	NA	0.918612364507705	NA	3.36927377351727	6.04514477043664	NA	NA	NA	NA	NA	NA	NA
Sample57	7.17952142908801	5.20753580525761	NA	NA	NA	14.8338064454635	NA	NA	NA	NA	NA	NA	NA	1.50709608711652	NA	NA	NA	3.09205858783767	NA	NA	NA	NA	NA	NA	NA	13.0868834166435	NA	NA	1.50709608711652	NA	NA	NA	NA	NA	NA	3.82902418200388	NA	NA	NA	NA	NA	NA	NA	NA	NA	2.50709608711652	NA	NA	NA	NA	NA	NA	NA	NA	NA	1.50709608711652	NA	NA	NA	NA	NA	NA	NA	NA	NA	NA	NA	1.50709608711652	NA	NA	NA	6.93336084181862	NA	NA	NA	NA	NA	NA	NA	NA	5.31445100917412	NA	NA	NA	NA	NA	NA	NA	NA
Sample58	NA	NA	NA	NA	NA	3.41410264971758	NA	-0.267478041172197	NA	NA	NA	NA	NA	NA	NA	NA	3.70055284925023	1.26015128448301	4.05351293446111	-1.72690965980949	NA	NA	2.24052247773407	NA	NA	9.19745219626545	NA	NA	-2.21233648697974	0.563767501093428	NA	NA	2.81888224363098	NA	-2.5342645818671	3.76723161311545	NA	NA	NA	-3.94930208114594	1.35447866703116	NA	NA	NA	NA	1.68973709233101	NA	NA	NA	-1.14194715908834	NA	NA	NA	NA	2.07306573188251	-1.40498156492213	NA	5.34071676578668	NA	NA	1.91694652996523	NA	NA	2.20720240453405	NA	NA	NA	3.65555997701292	NA	NA	NA	NA	NA	NA	NA	3.4271851125311	NA	NA	NA	4.13018270268087	3.86019811274322	NA	-6.5342645818671	-1.107999827165	-5.5342645818671	NA	NA	NA	NA
Sample59	NA	NA	NA	NA	9.88445380688372	11.2244203343269	NA	NA	NA	NA	NA	NA	NA	NA	NA	NA	NA	NA	NA	NA	NA	-1.07192235036595	NA	NA	NA	9.41088560636072	NA	NA	-0.486959849644789	3.60050299160555	-1.07192235036595	NA	NA	-1.07192235036595	NA	8.92737303665747	NA	0.250005744521417	2.38750926827135	NA	NA	NA	-0.0719223503659456	NA	NA	NA	NA	NA	NA	NA	6.36270587727078	NA	NA	NA	NA	NA	NA	NA	NA	NA	NA	NA	-2.07192235036595	0.513040150355211	NA	NA	NA	3.57193383940878	NA	NA	NA	NA	NA	NA	NA	0.513040150355211	NA	NA	6.39568319971705	NA	5.06762900203285	2.97247176899251	NA	NA	NA	NA	NA	NA	NA
Sample60	NA	3.65768770451793	NA	NA	NA	5.68871460013855	NA	NA	NA	NA	NA	1.35651816979737	NA	NA	NA	NA	NA	NA	NA	NA	NA	-1.45083675226024	NA	NA	NA	12.0379448451359	NA	NA	2.90671525235785	NA	-1.45083675226024	NA	NA	NA	4.1037520994174	NA	NA	NA	NA	NA	-2.45083675226024	NA	NA	NA	NA	-1.45083675226024	NA	NA	NA	NA	NA	-2.45083675226024	NA	NA	NA	1.00859486637706	NA	NA	NA	NA	NA	-2.45083675226024	NA	NA	NA	NA	NA	3.33052296126442	NA	-1.45083675226024	-0.450836752260239	NA	NA	NA	NA	1.13412574846092	NA	0.871091342627124	NA	NA	2.75861661336871	3.19301943751449	NA	-2.45083675226024	NA	1.24960296588085	NA	NA	-2.45083675226024
Sample61	NA	NA	NA	NA	NA	11.3025261078851	NA	1.80686402283758	NA	NA	NA	NA	NA	NA	NA	NA	NA	NA	NA	NA	NA	-3.05111697228999	NA	NA	NA	NA	NA	NA	-1.12511755373377	7.10597727981782	-0.913613448540059	NA	NA	NA	NA	7.27193778805165	NA	NA	NA	NA	NA	NA	NA	NA	NA	-1.91361344854006	NA	NA	NA	NA	NA	-2.7880825664562	NA	NA	NA	1.83640829845159	NA	2.06989842867137	NA	NA	-5.37304506717736	NA	NA	0.816779491702661	NA	2.81183027573093	NA	NA	NA	-3.7880825664562	NA	NA	NA	NA	-0.418848756790482	NA	-0.729188877402632	2.20438376085839	-3.05111697228999	NA	NA	NA	NA	NA	NA	NA	-0.0876428483151084	NA	NA
Sample62	7.06574330842193	NA	NA	NA	NA	8.48263058637459	NA	-0.40928516526639	NA	NA	NA	NA	NA	NA	NA	NA	NA	NA	2.81534572826606	NA	NA	NA	NA	NA	4.64269212551113	10.9486253649479	NA	NA	4.2790411732226	3.23707788011891	-1.23240740318231	NA	3.20157919889752	NA	NA	-0.540529698544642	NA	NA	-4.9328471213234	-4.9328471213234	NA	NA	NA	-3.9328471213234	2.05583756544876	NA	NA	NA	NA	NA	NA	NA	NA	NA	NA	-2.61091902643604	NA	NA	-1.61091902643604	NA	NA	-1.47341550268611	NA	0.559005975006272	NA	NA	-1.9328471213234	3.375491908816	NA	-2.1254921992658	NA	NA	NA	NA	NA	NA	NA	NA	4.59462988473699	NA	4.52042351268722	2.60631168978463	NA	NA	NA	0.997890216239484	NA	NA	-2.1254921992658
Sample63	NA	3.69958161091333	NA	NA	NA	4.74477038467958	NA	-2.49681560189018	NA	NA	-1.13424552250547	-6.88913302466894	NA	NA	NA	NA	NA	NA	NA	NA	-0.98224242906042	NA	NA	NA	NA	NA	NA	NA	2.00265067854937	8.56346215265688	NA	NA	-4.88913302466894	NA	NA	4.35938758026949	NA	NA	NA	NA	2.97350433288986	NA	-2.13424552250547	NA	NA	NA	NA	NA	NA	NA	NA	4.15662663671374	NA	NA	NA	-0.41339959370254	NA	NA	NA	NA	NA	NA	NA	1.86241103442016	NA	NA	NA	6.23821651639018	NA	NA	1.45071697821569	NA	7.07095943512112	NA	NA	-0.44618952882021	-0.429701406031641	NA	NA	-0.98224242906042	NA	NA	NA	-2.30417052394778	NA	NA	NA	NA	NA
Sample64	NA	4.29383862323914	NA	NA	8.45435378079767	11.2948374843788	NA	NA	NA	NA	2.24175011209069	NA	NA	NA	NA	NA	NA	NA	NA	NA	NA	NA	NA	NA	NA	7.75605805924806	NA	NA	-0.0383578071020496	NA	-2.2607502284385	NA	0.241750112090686	NA	NA	6.38550845155153	NA	NA	NA	NA	3.30403439034503	NA	NA	NA	NA	-3.84571272915965	NA	NA	NA	NA	NA	-3.84571272915965	NA	NA	NA	-1.52378463427229	NA	NA	-1.2607502284385	NA	-3.84571272915965	NA	NA	6.42575029874472	NA	2.98717728500509	NA	1.90917477300381	NA	NA	-2.84571272915965	NA	4.71652969506142	NA	NA	NA	NA	NA	NA	NA	3.22037646129812	0.546604693619107	NA	-3.84571272915965	NA	-1.03835780710205	NA	NA	NA
Sample65	NA	NA	NA	NA	NA	9.87258797528314	NA	1.1145622175776	NA	NA	NA	NA	NA	-1.00805706908636	NA	NA	-0.676851160610984	NA	NA	NA	NA	NA	NA	-3.64032528458587	NA	NA	NA	NA	-1.43869142341622	NA	NA	NA	1.18749374003145	NA	NA	NA	NA	NA	NA	-4.96225337947323	NA	NA	0.480690116375496	-4.37729087875208	NA	1.47237484816349	NA	NA	NA	NA	NA	NA	5.62505534886031	NA	NA	NA	NA	NA	NA	NA	-1.64032528458587	-5.96225337947323	0.819106334051427	2.68160281030149	NA	NA	NA	4.22509869372726	NA	NA	-3.37729087875208	NA	NA	-5.96225337947323	NA	-2.96225337947323	NA	NA	7.81129796695527	NA	4.97364830279435	2.15148878657596	NA	NA	NA	NA	NA	NA	NA
Sample66	NA	NA	NA	NA	NA	8.9001497336265	NA	0.796989886103374	NA	NA	-5.56056211851471	NA	NA	NA	NA	-3.75320719645711	NA	NA	NA	NA	NA	NA	NA	NA	NA	NA	NA	NA	1.16053707019248	NA	-3.75320719645711	NA	NA	NA	NA	5.62678995468579	NA	-5.56056211851471	NA	NA	NA	NA	NA	NA	3.03376248541014	NA	NA	NA	NA	NA	NA	NA	NA	NA	NA	-4.23863402362735	NA	NA	NA	NA	-4.23863402362735	NA	NA	1.08329407126001	NA	1.09764936423708	NA	NA	NA	NA	NA	NA	NA	NA	NA	0.743218629662393	NA	3.98246970174053	NA	NA	4.10566188428847	1.85729039637119	NA	NA	NA	1.83175530426405	NA	NA	NA
Sample67	NA	4.31553473777447	NA	NA	NA	8.11473113644491	NA	-4.25432087055648	NA	NA	NA	NA	NA	-2.25432087055648	NA	NA	-2.66935836983532	NA	NA	-1.93239277566912	NA	-1.44696594849888	NA	NA	NA	NA	NA	NA	NA	NA	0.205110748080816	NA	-3.25432087055648	NA	3.82249472649435	NA	NA	NA	NA	NA	-1.44696594849888	NA	NA	-0.553881152415389	NA	NA	NA	NA	NA	NA	NA	NA	NA	NA	NA	-1.44696594849888	NA	NA	NA	NA	-2.25432087055648	NA	-0.347430274947963	NA	10.6533678706277	NA	NA	0.699875439830394	-0.794889251919184	NA	-2.66935836983532	NA	7.96998233881691	3.9936066428871	NA	NA	-0.553881152415389	NA	NA	NA	3.38230374998717	-0.0063933571128955	NA	NA	NA	NA	NA	NA	NA
Sample68	NA	3.42538663624243	NA	NA	NA	8.34553332855321	NA	NA	NA	NA	NA	-0.596981176786026	NA	-1.59698117678603	NA	NA	0.210373745271578	NA	NA	NA	NA	-1.59698117678603	NA	-2.59698117678603	NA	NA	NA	NA	NA	NA	NA	NA	NA	NA	NA	2.40301882321397	NA	NA	NA	-1.59698117678603	0.210373745271578	NA	NA	NA	NA	NA	NA	NA	NA	NA	NA	2.79533624599273	NA	NA	NA	NA	NA	4.32188206048857	-1.01201867606487	NA	NA	-2.59698117678603	-2.59698117678603	3.23590883737872	NA	NA	-1.59698117678603	NA	NA	NA	NA	NA	4.26099981834155	NA	NA	-2.59698117678603	NA	NA	10.2745390855431	NA	3.82928357791607	4.33375616077686	NA	-1.59698117678603	NA	NA	NA	NA	NA
Sample69	-2.26371561858316	5.50612222504628	NA	NA	NA	10.3249990169991	NA	NA	NA	NA	NA	-1.678753117862	NA	NA	NA	NA	NA	NA	2.88603150092152	NA	NA	-1.09379061714084	NA	NA	NA	NA	NA	NA	-0.356825022974639	2.24407902161554	-1.678753117862	NA	1.40870972338834	NA	NA	9.48960560936188	NA	NA	NA	NA	-0.356825022974639	NA	-0.563275900442065	-4.26371561858316	NA	NA	NA	NA	NA	NA	4.33247413756125	3.42977133891617	NA	NA	NA	1.1286018041956	NA	NA	NA	NA	NA	NA	NA	2.80237357187461	NA	NA	NA	6.321246882138	NA	-3.26371561858316	0.906209382859155	NA	4.35099422553205	NA	NA	-1.9417875236958	NA	-1.45636069652555	-1.09379061714084	NA	4.19980875468802	1.02168660027909	NA	NA	NA	NA	NA	NA	NA
Sample70	NA	NA	NA	-1.45007482837905	NA	11.8419303892357	NA	NA	NA	NA	NA	-1.45007482837905	NA	NA	NA	0.134887672342111	NA	NA	3.68742869537089	NA	NA	NA	NA	NA	NA	5.05771981181965	NA	NA	-0.964648001208803	4.93880351043294	-1.77200292326641	NA	-2.77200292326641	-2.18704042254525	-0.964648001208803	NA	NA	NA	NA	NA	-0.772002923266408	NA	NA	NA	NA	3.00935679025825	NA	NA	NA	NA	NA	-3.77200292326641	NA	NA	NA	NA	NA	NA	1.47592459017718	NA	NA	NA	-0.964648001208803	-3.77200292326641	NA	2.75155903279061	NA	1.35728009367856	NA	NA	NA	NA	NA	NA	NA	NA	3.00935679025825	NA	NA	NA	5.27512098884762	3.06088709089833	NA	-0.602077921824095	NA	-0.187040422545251	NA	NA	NA
Sample71	NA	NA	NA	NA	5.1062135866549	NA	NA	NA	NA	NA	NA	NA	NA	NA	NA	NA	NA	NA	NA	-0.940722229625632	4.13424966744151	NA	NA	NA	NA	NA	NA	-2.12627788278171	0.621256953094685	NA	NA	-3.47677512986584	-3.51330100589096	NA	1.82151660075428	NA	NA	NA	NA	NA	-5.09826350661211	NA	-0.856188719413964	-2.25954441364517	NA	NA	NA	NA	NA	NA	NA	NA	NA	NA	NA	-4.47677512986584	NA	NA	NA	NA	-2.75430910539475	NA	NA	NA	NA	NA	NA	3.12870438819583	NA	NA	NA	NA	NA	1.8095515972247	NA	NA	NA	NA	NA	NA	5.44855676918805	1.03260401904885	NA	0.491315622179414	-2.89181262914469	1.9669972628979	NA	NA	-4.04381572258974
Sample72	NA	NA	NA	NA	NA	12.2802865850478	NA	NA	NA	NA	NA	NA	NA	NA	NA	NA	NA	NA	NA	NA	NA	NA	NA	NA	NA	NA	NA	NA	NA	NA	NA	NA	NA	NA	NA	14.2561292664531	NA	NA	NA	NA	NA	NA	NA	NA	NA	NA	NA	NA	NA	NA	NA	NA	5.19813754369389	NA	NA	NA	NA	NA	NA	NA	NA	NA	NA	5.19813754369389	NA	NA	NA	5.78310004441504	NA	NA	NA	NA	NA	19.9004455294976	NA	NA	NA	5.19813754369389	NA	NA	6.19813754369389	NA	NA	NA	NA	NA	NA	NA	NA
Sample73	NA	NA	NA	NA	NA	10.9688586775286	NA	1.47225452295296	NA	NA	NA	NA	NA	NA	NA	12.1014972894997	NA	NA	NA	NA	NA	NA	NA	-1.52774547704704	NA	5.79418261784032	NA	NA	NA	NA	NA	NA	0.0572170236741171	NA	NA	8.95203478698206	NA	NA	NA	NA	NA	NA	0.0572170236741171	NA	NA	NA	NA	NA	NA	NA	NA	NA	NA	NA	NA	-0.527745477047039	NA	NA	NA	NA	-0.527745477047039	NA	-1.52774547704704	NA	NA	4.11611071272769	NA	3.11611071272769	NA	3.37914511856148	NA	NA	NA	NA	NA	-0.527745477047039	NA	NA	NA	NA	7.85595881542701	4.53834371341073	NA	NA	NA	NA	NA	NA	NA
Sample74	NA	4.98052627884512	NA	NA	NA	5.28724950212115	NA	-3.3887075308206	NA	NA	NA	NA	NA	NA	NA	NA	NA	NA	1.95706730602113	NA	NA	NA	NA	NA	NA	11.1467096131114	NA	NA	2.02632996845824	5.37505812268932	-0.651741936654394	NA	1.25514865895412	NA	NA	8.65796177437588	NA	NA	NA	NA	-0.329813841767032	NA	-0.651741936654394	NA	-3.97367003154176	-2.16631510948415	NA	NA	NA	NA	NA	-4.97367003154176	NA	NA	NA	-1.06677943593324	NA	NA	NA	NA	NA	NA	NA	1.36617997134287	NA	NA	NA	6.34600208940524	NA	NA	-0.581352608762996	NA	NA	NA	-3.3887075308206	0.383881973076327	NA	-3.97367003154176	3.56936178871348	NA	5.58666280267069	1.19625496990056	NA	-0.581352608762996	NA	NA	NA	NA	NA
Sample75	NA	5.60412097276088	NA	NA	NA	6.81098897303022	NA	NA	NA	NA	-4.70421805737853	NA	NA	NA	NA	4.36590288709829	NA	NA	NA	NA	NA	NA	NA	-5.70421805737853	NA	NA	NA	NA	0.318149755649927	NA	-2.11925555665737	NA	NA	NA	NA	0.982282469804691	NA	NA	NA	NA	NA	NA	0.318149755649927	-2.89686313532092	-2.89686313532092	-0.14962920570089	NA	NA	NA	NA	9.15982295909648	NA	NA	NA	-1.53429305593622	-4.11925555665737	NA	NA	-5.70421805737853	NA	0.295781942621472	NA	-5.70421805737853	-0.27795330267643	NA	NA	-3.11925555665737	3.11596090503666	NA	-2.53429305593622	-2.24478643874123	NA	NA	NA	NA	-2.38228996249117	NA	NA	5.55258032870086	NA	6.69345657556974	NA	NA	-3.70421805737853	NA	NA	NA	NA	NA
Sample76	NA	4.22301980907604	NA	-1.07305112761491	NA	8.08721839538641	NA	NA	NA	NA	NA	1.89334047974227	NA	NA	NA	NA	NA	NA	NA	NA	NA	NA	-1.03557642219625	NA	NA	3.60086229601599	NA	NA	-1.15105363961619	NA	-1.51362371900089	NA	-4.73601614033734	NA	NA	-1.36678233067162	NA	NA	NA	NA	-2.73601614033734	NA	NA	NA	NA	0.838892695719892	NA	NA	NA	NA	NA	-0.513623719000893	NA	NA	NA	-0.462997645930926	NA	5.2512478717352	-0.513623719000893	NA	-6.3209786410585	NA	NA	-0.171231521553816	NA	NA	NA	1.60383386254728	NA	-2.62053892291741	-0.298610828030043	NA	4.70485302727353	NA	NA	NA	2.53700235406907	NA	NA	-5.3209786410585	3.22591581882914	NA	NA	NA	NA	NA	NA	NA	-0.191695624113531
Sample77	NA	5.03884405543779	NA	NA	NA	7.68593797038377	NA	NA	NA	NA	NA	NA	NA	NA	NA	7.7297351987889	NA	1.76739233245903	NA	NA	NA	NA	NA	NA	NA	NA	NA	NA	0.812103981265427	2.73381922431737	-0.752680637518099	NA	-5.92260563896041	NA	NA	2.26721891991961	NA	NA	NA	NA	-2.33764313823926	NA	NA	-1.25018029698892	NA	-3.22216592081932	NA	NA	NA	NA	NA	2.53066499505021	NA	NA	0.0315906714264638	0.561210138303845	NA	4.23852624402389	NA	NA	-6.92260563896041	NA	NA	2.15420995809042	NA	3.81633104271573	-4.33764313823926	1.68102070602578	NA	NA	NA	NA	NA	NA	NA	-2.06462464383284	-4.33764313823926	NA	NA	NA	5.28196550528879	-0.856516448502639	NA	-2.27874944918569	NA	NA	NA	NA	NA
Sample78	NA	NA	NA	NA	NA	5.37690027282387	NA	1.1106816105228	NA	NA	NA	NA	NA	NA	NA	NA	NA	NA	NA	NA	NA	NA	NA	NA	NA	NA	NA	NA	2.16988386444566	6.16269260534848	-4.5617437314487	NA	-4.85125034864368	NA	NA	NA	NA	NA	NA	NA	-3.11428475447747	NA	-1.93371250883565	NA	-4.21382042802839	0.421768145762735	NA	NA	NA	NA	NA	NA	NA	NA	NA	0.915462588916577	NA	NA	NA	NA	NA	-2.3487500081145	-0.451319741755045	1.44439105472341	NA	NA	NA	3.57454834401563	NA	1.82431470085838	1.62987634109294	NA	1.89470402874978	-0.377319160311269	-0.194626862795078	NA	NA	NA	NA	NA	3.558611979441	1.72365848741355	NA	0.102945961743194	NA	-0.156989205431713	NA	-1.04389542658608	NA
Sample79	NA	NA	NA	NA	NA	5.99213913208055	NA	NA	NA	NA	NA	NA	NA	NA	NA	NA	NA	NA	NA	NA	NA	NA	NA	NA	NA	NA	NA	NA	-2.14228718814038	4.47242265597483	2.71569380698719	NA	1.50156900163435	NA	NA	NA	NA	NA	NA	NA	NA	NA	NA	-2.14228718814038	1.76460340746814	-1.14228718814038	NA	NA	NA	NA	6.8119091222465	NA	NA	NA	NA	NA	NA	NA	NA	0.317144430496917	NA	NA	NA	0.665067733917224	NA	NA	NA	1.38127476791663	NA	NA	NA	NA	NA	12.3233429836049	NA	NA	NA	NA	4.89663180115192	NA	3.41230166353726	0.0276378133019328	NA	NA	NA	NA	NA	NA	NA
Sample80	NA	NA	NA	NA	8.29134857272368	5.86857526168259	NA	2.89251393361021	NA	NA	NA	-0.662074918067425	NA	NA	NA	NA	0.303709366594662	NA	NA	NA	NA	-3.20264329943013	-3.49214991662511	-1.53279190112246	NA	NA	-1.80409392293985	NA	2.25976601900706	2.63942127691512	-0.138512962010413	-4.34014682318006	-2.20264329943013	NA	-3.07711241734627	3.93597758209417	NA	NA	NA	-6.66207491806743	NA	NA	NA	NA	NA	-1.41414740462384	NA	NA	NA	NA	NA	4.5929536517513	NA	NA	NA	-0.98964957609593	NA	-1.57461207681709	NA	NA	NA	NA	-0.322224915182801	2.56914626264376	NA	NA	-1.96163519992633	3.90302716029289	NA	NA	NA	NA	NA	NA	NA	NA	NA	NA	NA	NA	5.18537398591501	-1.57461207681709	NA	NA	-5.07711241734627	-5.07711241734627	NA	NA	NA
Sample81	NA	NA	NA	-1.35512258448637	NA	6.4833810361419	NA	NA	NA	NA	-0.00148562987166708	NA	NA	NA	NA	NA	0.118808603846045	1.35759546343316	NA	NA	NA	NA	-2.52504758592868	NA	NA	10.4373966029754	NA	NA	1.30784242823606	NA	NA	NA	0.47495241407132	NA	NA	NA	NA	NA	NA	NA	-1.35512258448637	NA	NA	-3.52504758592868	NA	-0.43758474467834	NA	NA	NA	NA	-1.94008508520752	4.05991491479248	NA	NA	NA	-1.06561596729138	NA	NA	-3.52504758592868	NA	NA	NA	-0.824607867787588	1.72287992751491	NA	NA	NA	5.95876819133558	NA	NA	2.3204424650157	NA	10.4219500417043	NA	NA	NA	NA	NA	10.0156858893323	NA	4.95271068051521	NA	NA	-2.20311949104132	NA	NA	NA	NA	NA
Sample82	NA	NA	NA	NA	NA	7.97416796233376	NA	-0.0919212281240168	NA	NA	NA	0.908078771875983	NA	NA	NA	14.104757733541	NA	NA	NA	NA	NA	NA	NA	NA	NA	9.08798786189092	NA	NA	3.8149693674845	5.26563077649407	-0.0919212281240168	NA	NA	NA	6.11753213750493	0.908078771875983	NA	NA	NA	NA	3.60851849001708	NA	NA	NA	NA	NA	NA	NA	NA	NA	NA	-0.0919212281240168	NA	NA	NA	0.908078771875983	-0.0919212281240168	NA	NA	NA	NA	NA	NA	0.908078771875983	NA	NA	NA	5.74096878604072	NA	-0.0919212281240168	NA	NA	NA	NA	NA	NA	NA	NA	NA	1.90807877187598	5.26563077649407	NA	NA	NA	NA	5.0780037733183	NA	NA	NA
Sample83	NA	NA	NA	NA	NA	8.71388171144399	NA	NA	NA	NA	NA	3.11794050298577	NA	1.21104990737725	NA	NA	NA	NA	NA	NA	NA	-3.37391259334391	NA	NA	NA	8.79005149806836	NA	NA	-1.37391259334391	NA	NA	NA	1.08551902529339	NA	NA	NA	NA	NA	-0.373912593343909	-3.37391259334391	NA	NA	NA	NA	NA	0.532978002264609	NA	NA	NA	NA	7.96315174534083	2.64845521968455	NA	NA	-2.37391259334391	-0.0519844984565467	NA	NA	NA	NA	NA	NA	NA	2.98363941127417	NA	NA	-1.05198449845655	6.2554440267357	NA	NA	NA	NA	-0.203987591901597	11.6947817264816	NA	NA	0.626087406656091	NA	-3.37391259334391	NA	4.11794050298577	NA	NA	NA	NA	NA	NA	NA	NA
Sample84	NA	NA	NA	NA	9.23922941088756	10.0117131444585	NA	NA	NA	NA	NA	NA	NA	-1.25429250580273	NA	NA	NA	NA	1.06763558908463	NA	NA	-2.83925500652389	NA	NA	NA	NA	NA	NA	0.861184711617201	NA	-0.839255006523891	NA	-1.25429250580273	NA	NA	4.71533384515375	NA	0.620176612113406	NA	NA	0.482673088363471	NA	NA	NA	NA	-2.83925500652389	NA	NA	NA	NA	NA	NA	NA	NA	NA	0.861184711617201	NA	NA	0.482673088363471	NA	NA	NA	NA	1.33066999491842	NA	NA	-0.254292505802735	5.68038124631932	NA	NA	0.620176612113406	NA	NA	NA	NA	NA	NA	0.482673088363471	NA	-1.83925500652389	NA	3.99363500764085	NA	NA	NA	NA	NA	NA	NA
Sample85	NA	NA	NA	NA	NA	10.5796209594164	NA	NA	NA	NA	NA	-1.87281334826678	NA	NA	NA	NA	NA	-2.06545842620918	NA	NA	NA	NA	NA	NA	NA	NA	NA	NA	1.75654327181283	NA	-2.87281334826678	NA	NA	NA	NA	5.89950122565487	NA	NA	NA	NA	NA	NA	NA	NA	NA	-2.06545842620918	NA	NA	NA	NA	NA	1.4847386563513	NA	NA	NA	4.60292008269962	NA	9.9878371928392	NA	NA	-0.872813348266783	NA	NA	-0.624885834823197	NA	NA	NA	0.741896495848426	NA	NA	NA	NA	NA	NA	NA	-1.41338172962949	NA	NA	8.32624547538624	NA	NA	-1.28785084754563	NA	0.171580771091671	NA	NA	NA	NA	NA
Sample86	NA	5.5859889646854	NA	NA	NA	3.33317922986207	NA	-4.87139191438713	NA	NA	NA	NA	NA	NA	NA	NA	NA	4.25272939744206	-0.46200097824943	NA	NA	NA	NA	NA	NA	3.12296152247173	NA	NA	NA	NA	NA	NA	NA	NA	-2.34782995833012	2.65217004166988	NA	NA	NA	NA	1.21607092686321	NA	NA	NA	-5.28642941366598	NA	0.0943923702749549	NA	NA	NA	-4.87139191438713	-0.567611166210029	NA	-5.87139191438713	NA	NA	NA	NA	NA	NA	-3.54946381949977	NA	NA	-0.531541911502508	NA	NA	-1.34782995833012	0.529487521895052	NA	NA	NA	NA	NA	2.09727487880808	NA	-2.62346440094355	NA	2.5715515814616	NA	0.808088185118314	4.43637811750357	-1.58598969552488	-4.06403699232953	-2.17095219624604	NA	NA	NA	-0.642573223891251	NA
Sample87	NA	NA	NA	NA	NA	7.95927583855978	NA	-0.358136775205094	NA	NA	NA	NA	NA	NA	NA	NA	NA	NA	NA	NA	NA	NA	NA	NA	NA	7.61225676270958	NA	NA	-1.0951023693713	3.81178822623722	-2.68006487009246	NA	-1.68006487009246	NA	NA	NA	NA	-0.358136775205094	NA	NA	NA	NA	0.319935129907543	-1.68006487009246	NA	0.641863224794906	NA	NA	NA	NA	0.641863224794906	NA	NA	NA	-2.68006487009246	NA	NA	10.4879803981316	NA	NA	-2.68006487009246	NA	NA	1.12729005196515	NA	NA	NA	-1.68006487009246	NA	NA	NA	NA	NA	NA	NA	0.127290051965148	NA	NA	7.55115631061873	NA	NA	2.02037484804864	NA	-1.68006487009246	NA	NA	NA	-0.358136775205094	-2.68006487009246
Sample88	5.31845590298056	NA	NA	NA	NA	3.67677081224746	NA	NA	NA	NA	NA	6.23435687403731	NA	NA	NA	NA	NA	NA	4.44803686403719	NA	NA	-0.37851162325373	NA	NA	NA	5.85030706724215	NA	NA	-2.37851162325373	NA	NA	NA	-3.37851162325373	NA	NA	9.63026712502677	NA	NA	0.528378972354789	NA	0.206450877467426	NA	-0.571156701196126	NA	NA	-3.37851162325373	NA	NA	NA	NA	NA	-1.79354912253257	NA	NA	NA	-2.37851162325373	NA	2.90689059560852	-3.37851162325373	NA	NA	NA	NA	0.708951217996609	NA	NA	NA	3.90689059560852	NA	NA	NA	NA	NA	NA	NA	0.428843298803874	NA	-1.05658352836637	NA	NA	NA	NA	NA	NA	NA	NA	NA	NA	-3.37851162325373
Sample89	NA	NA	NA	NA	NA	8.08378419192659	NA	-2.33620298726025	NA	NA	NA	NA	NA	-1.8142502840649	NA	NA	NA	NA	NA	NA	NA	NA	NA	-3.66740889573563	NA	NA	NA	NA	-1.19534045142041	NA	0.230143835293555	NA	0.15318185347867	NA	2.53700448209197	1.34273566166992	NA	NA	NA	NA	NA	NA	1.1498842633781	NA	-4.6216052061225	NA	NA	NA	NA	-3.57721108676405	NA	NA	NA	NA	NA	0.400762606905951	NA	NA	NA	NA	-8.6216052061225	NA	-4.37367769267892	2.26256531298593	NA	NA	NA	-2.02169236393538	NA	NA	NA	NA	NA	NA	-3.6216052061225	NA	1.99402443084559	NA	NA	NA	3.54831979531981	NA	NA	-3.86671770395903	NA	NA	NA	NA	NA
Sample90	NA	4.54591017079221	NA	NA	NA	7.96378351716501	NA	-5.11586792697978	NA	NA	NA	NA	NA	NA	NA	NA	2.97688921394008	NA	NA	NA	NA	NA	NA	NA	NA	NA	NA	NA	-2.20897733137126	NA	0.391926713218921	NA	-0.830465708117527	NA	-2.79393983209241	4.34867782335416	NA	NA	-3.30851300492217	NA	0.0134150899651913	NA	NA	NA	-3.30851300492217	-1.53090542625862	NA	NA	NA	-1.20897733137126	NA	-1.94594292553746	NA	NA	NA	-0.443442585008279	NA	NA	NA	NA	-6.11586792697978	NA	NA	NA	NA	NA	NA	2.800011451856	NA	NA	-2.41542820883868	NA	8.56091559692786	NA	NA	NA	NA	4.08380441785659	NA	NA	5.81634682498861	7.85791911176498	NA	-0.758315922361692	NA	NA	NA	NA	NA
Sample91	NA	NA	NA	NA	NA	8.01664489281228	NA	-2.14385685474341	NA	NA	-4.72881935546457	NA	NA	NA	NA	NA	-0.205257399407553	NA	NA	NA	NA	NA	NA	NA	NA	NA	NA	NA	0.271180644535434	6.72856152360797	NA	NA	0.85614314525659	NA	2.58406359981979	NA	NA	NA	NA	NA	NA	0.763033740865109	NA	NA	NA	-1.72881935546457	NA	NA	NA	NA	NA	-3.72881935546457	4.69114082238332	NA	NA	0.519108157979019	NA	NA	-4.72881935546457	NA	-3.14385685474341	NA	NA	2.60209752265005	NA	NA	NA	2.67206008081762	NA	NA	NA	NA	NA	NA	-0.821928759856048	NA	NA	NA	NA	NA	4.73674704934483	1.3797051013136	NA	-3.14385685474341	NA	NA	NA	NA	NA
Sample92	NA	NA	NA	NA	NA	7.93924301013322	NA	NA	NA	NA	NA	NA	NA	NA	NA	NA	2.75787706815419	NA	NA	NA	NA	NA	NA	NA	NA	7.00870350094066	NA	NA	2.42904060392465	2.56128840222309	NA	NA	NA	NA	7.25441920781758	1.63318132070488	NA	NA	NA	NA	1.29614633342731	NA	NA	NA	NA	-1.95178118001628	NA	NA	NA	NA	NA	-2.53674368073743	NA	NA	NA	1.19117677382577	NA	9.88912784404149	-2.53674368073743	NA	NA	NA	NA	NA	NA	2.48562413229102	NA	2.16369603740366	NA	NA	NA	NA	NA	NA	NA	3.06316916144969	NA	NA	NA	NA	6.9278020695965	2.24461603278723	NA	-4.53674368073743	NA	3.62312765604096	NA	NA	NA
Sample93	NA	3.80351662398554	NA	NA	NA	10.3514696097093	NA	NA	NA	NA	3.56849659432135	3.18516795476984	NA	NA	NA	NA	-1.57940210079097	NA	NA	NA	NA	-1.33839400128717	NA	NA	NA	6.96257447496454	NA	NA	0.0904492975167025	5.84914841363019	NA	NA	NA	NA	-0.338394001287172	1.91536259095861	NA	NA	NA	NA	0.283094375459098	-0.0388337194282639	-1.45387121870711	NA	NA	-3.03883371942826	NA	NA	NA	NA	NA	1.46896092077043	NA	NA	NA	-5.03883371942826	NA	NA	NA	NA	NA	NA	-0.283946217264795	NA	NA	NA	NA	NA	NA	NA	-1.57940210079097	NA	1.13109128201405	NA	NA	-4.03883371942826	-0.579402100790967	NA	NA	NA	1.89190361813462	-2.03883371942826	NA	NA	NA	2.99458928210919	NA	NA	NA
Sample94	1.57307535540724	3.16293665554124	NA	NA	NA	8.60098135197713	1.46616015149073	NA	NA	NA	NA	-4.04163448870796	NA	NA	NA	NA	-1.34119477056687	NA	NA	NA	NA	NA	NA	-5.04163448870796	NA	4.38881806295757	NA	NA	0.384630265994134	NA	NA	NA	1.22515205198694	NA	2.52822111962298	NA	NA	0.0876485282370025	NA	NA	3.28928238940665	NA	-0.397778298933239	NA	NA	-1.34119477056687	NA	NA	NA	NA	NA	-1.87170948726565	NA	NA	NA	-3.45667198798681	NA	-1.45667198798681	NA	NA	NA	NA	-0.954171647457624	NA	NA	NA	NA	NA	NA	NA	-5.04163448870796	NA	4.94420744829538	8.60986573194477	NA	NA	NA	NA	NA	NA	4.67432750154718	3.94988735736773	NA	-5.04163448870796	NA	2.18718420178792	NA	NA	NA
Sample95	4.23228424304899	3.47329234255279	NA	NA	NA	6.26187412995821	NA	NA	NA	NA	NA	NA	NA	NA	NA	-0.227147375588304	NA	NA	NA	NA	NA	NA	NA	NA	NA	10.6870618610486	NA	NA	1.35781512513285	-0.614170498697551	NA	NA	-1.99268212195128	NA	8.36068528225542	NA	NA	NA	-4.31461021683864	NA	3.47980564951146	NA	-0.729647716117487	-2.31461021683864	NA	1.61612712072424	NA	NA	NA	NA	NA	-2.72964771611749	NA	NA	NA	-0.507255294781039	NA	NA	NA	NA	-3.31461021683864	NA	NA	NA	NA	NA	NA	1.23997863483899	NA	NA	0.20895173921837	NA	0.543370778288929	NA	NA	-1.72964771611749	NA	NA	NA	-0.407719621230125	4.34716788093334	NA	NA	NA	NA	4.09478071929906	NA	NA	NA
Sample96	NA	NA	NA	NA	NA	5.35765735311869	NA	NA	NA	NA	NA	NA	NA	NA	NA	NA	NA	NA	NA	NA	NA	NA	NA	NA	NA	NA	NA	NA	NA	NA	NA	NA	NA	NA	NA	NA	NA	NA	NA	NA	NA	NA	NA	NA	NA	2.77269485239753	NA	NA	NA	NA	NA	4.35765735311869	NA	NA	NA	NA	NA	NA	NA	NA	NA	NA	NA	NA	NA	NA	NA	2.77269485239753	NA	NA	NA	NA	NA	17.1802945682879	NA	NA	NA	NA	NA	NA	5.58004977445514	NA	NA	NA	NA	NA	2.77269485239753	NA	NA
Sample97	NA	5.04808054835732	NA	NA	NA	7.22256203220033	NA	NA	NA	NA	-0.764417676976243	NA	NA	NA	NA	NA	3.78709834065177	-2.50138327114245	NA	NA	NA	NA	NA	NA	NA	NA	NA	NA	1.51356707032352	NA	-5.08634577186361	NA	-2.50138327114245	NA	NA	NA	NA	NA	NA	NA	NA	NA	NA	NA	NA	NA	NA	NA	NA	NA	NA	2.70155678752783	NA	NA	NA	1.35659772398512	NA	NA	1.02217868491456	NA	-1.17945517625509	NA	-4.08634577186361	3.22653718342075	NA	NA	-1.62691415322631	1.96893666363758	NA	NA	-2.50138327114245	NA	NA	NA	NA	NA	2.18977863341063	NA	8.06514651148172	NA	4.45087262867499	NA	NA	-5.08634577186361	NA	NA	NA	-0.13214946147673	NA
Sample98	-2.84334660042036	NA	NA	NA	NA	10.2889121243841	NA	4.14533808635181	NA	NA	NA	NA	NA	NA	NA	NA	NA	NA	2.7416159003008	NA	NA	NA	NA	NA	NA	5.97363702283502	NA	NA	-2.84334660042036	NA	1.06354399518816	NA	-3.84334660042036	NA	4.02083954423392	7.14675736343714	NA	NA	NA	NA	-2.2583840996992	NA	NA	NA	4.44667224651226	NA	NA	NA	NA	NA	NA	3.21193583508083	NA	NA	NA	NA	NA	9.91446007177687	NA	NA	NA	NA	NA	NA	NA	NA	NA	NA	NA	1.15665339957964	NA	NA	NA	NA	-2.84334660042036	NA	0.5489708223584	1.5489708223584	NA	NA	4.09916790491888	-0.521418505532998	NA	NA	NA	1.40458091302322	-3.84334660042036	-1.521418505533	0.244116240829979
Sample99	NA	2.42114377397298	NA	NA	NA	8.94480312716359	NA	NA	NA	NA	NA	2.59802153605706	NA	NA	NA	0.87158660938302	NA	NA	NA	-3.90977310414164	NA	NA	NA	NA	NA	6.42617546106066	NA	NA	4.3663513011326	3.09022689585836	-3.90977310414164	NA	-1.58784500925428	NA	4.54143800769069	-4.90977310414164	NA	NA	NA	NA	-0.386211148084627	NA	1.04442320624524	NA	NA	NA	NA	NA	NA	NA	NA	-1.58784500925428	3.87486174141588	NA	NA	NA	NA	NA	-4.90977310414164	NA	NA	NA	NA	2.3663513011326	NA	NA	NA	4.36168992376273	NA	-1.90977310414164	0.675189396579516	NA	6.70539670970196	NA	NA	NA	NA	-0.51745568136288	NA	NA	4.4323015638575	NA	NA	NA	NA	NA	NA	NA	NA
Sample100	NA	NA	NA	-5.54010291463682	NA	7.73369268457745	NA	-1.14778549185806	NA	NA	NA	NA	NA	-1.29217540119323	NA	NA	-0.732747992579211	NA	NA	NA	NA	NA	NA	NA	NA	NA	NA	NA	3.68389875956129	3.19460670558902	NA	NA	NA	NA	NA	6.0974276368885	NA	NA	NA	NA	NA	NA	NA	0.799747088247809	2.57363925141237	NA	NA	NA	NA	NA	NA	NA	NA	NA	NA	-2.95514041391566	NA	10.5101708949615	NA	NA	-2.21817481974945	NA	NA	-0.218174819749453	NA	NA	NA	NA	NA	-0.410819897691849	NA	10.2628677551843	NA	NA	NA	NA	NA	4.60455532819507	1.33026180494659	NA	2.7908139634778	NA	NA	NA	NA	NA	NA	-0.732747992579211	NA
