"feature"	"metadata"	"value"	"name"	"coef"	"null_hypothesis"	"stderr"	"pval_individual"	"qval_individual"	"pval_joint"	"qval_joint"	"error"	"model"	"N"	"N_not_zero"
"Phocaeicola_sartorii"	"reads"	"reads"	"reads"	1.55951353409454	0	0.184725834707205	3.1111576308074e-17	3.37871718705684e-14	6.22231526161483e-17	3.62138748225983e-14	NA	"prevalence"	685	205
"Faecalibacterium_prausnitzii"	"dysbiosis_state"	"dysbiosis_CD"	"dysbiosis_statedysbiosis_CD"	-4.8871884642326	0	0.692345481277849	1.67841578904678e-12	9.11379773452403e-10	3.35683157809074e-12	9.76837989224405e-10	NA	"prevalence"	685	573
"Bacteroides_eggerthii"	"reads"	"reads"	"reads"	1.61400943707461	0	0.246210782416267	5.54940224878807e-11	2.00888361406128e-08	1.10988044972681e-10	2.15316807247002e-08	NA	"prevalence"	685	119
"Blautia_faecis"	"dysbiosis_state"	"dysbiosis_CD"	"dysbiosis_statedysbiosis_CD"	-2.56274815912588	0	0.40006591104329	1.49568370874811e-10	4.06078126925112e-08	2.9913674172725e-10	4.35243959213149e-08	NA	"prevalence"	685	469
"Bacteroides_uniformis"	"dysbiosis_state"	"dysbiosis_CD"	"dysbiosis_statedysbiosis_CD"	-3.47554673333928	0	0.556380985659394	4.19207272833974e-10	7.58765163829494e-08	8.38414545492214e-10	8.13262109127447e-08	NA	"prevalence"	685	553
"Dysosmobacter_welbionis"	"dysbiosis_state"	"dysbiosis_CD"	"dysbiosis_statedysbiosis_CD"	-2.86797528132257	0	0.457823765354046	3.74347132037201e-10	7.58765163829494e-08	7.48694263934264e-10	8.13262109127447e-08	NA	"prevalence"	685	524
"Fusicatenibacter_saccharivorans"	"dysbiosis_state"	"dysbiosis_CD"	"dysbiosis_statedysbiosis_CD"	-2.49171690638375	0	0.400909798475133	5.12737114079104e-10	7.95475008414152e-08	1.02547422789531e-09	8.52608572335811e-08	NA	"prevalence"	685	484
"Parabacteroides_distasonis"	"dysbiosis_state"	"dysbiosis_CD"	"dysbiosis_statedysbiosis_CD"	-3.27178527626914	0	0.532531394190657	8.05522738896288e-10	1.09349711805171e-07	1.6110454771437e-09	1.17203558462204e-07	NA	"prevalence"	685	484
"Clostridium_fessum"	"dysbiosis_state"	"dysbiosis_CD"	"dysbiosis_statedysbiosis_CD"	-3.59200789077878	0	0.591841995300723	1.28548366392683e-09	1.39603525902454e-07	2.57096732620118e-09	1.49630298384909e-07	NA	"prevalence"	685	391
"Clostridium_sp_AF34_10BH"	"dysbiosis_state"	"dysbiosis_CD"	"dysbiosis_statedysbiosis_CD"	-3.30027688101065	0	0.542641801250528	1.18788882190913e-09	1.39603525902454e-07	2.37577764240717e-09	1.49630298384909e-07	NA	"prevalence"	685	377
"Eubacterium_rectale"	"dysbiosis_state"	"dysbiosis_CD"	"dysbiosis_statedysbiosis_CD"	-2.82101624854131	0	0.469404207035937	1.85774681857822e-09	1.83410276815995e-07	3.71549363370521e-09	1.96583390437858e-07	NA	"prevalence"	685	514
"Phocaeicola_dorei"	"reads"	"reads"	"reads"	0.827662975624539	0	0.139453622619658	2.9377197730849e-09	2.65863639464183e-07	5.87543953753958e-09	2.8495881757067e-07	NA	"prevalence"	685	310
"Clostridiales_bacterium"	"dysbiosis_state"	"dysbiosis_CD"	"dysbiosis_statedysbiosis_CD"	-3.88157702708863	0	0.668337168483544	6.32943033209567e-09	5.28750872358146e-07	1.26588606241296e-08	5.66727452557187e-07	NA	"prevalence"	685	407
"Clostridium_sp_AT4"	"dysbiosis_state"	"dysbiosis_CD"	"dysbiosis_statedysbiosis_CD"	3.06589351579884	-0.594461452578271	0.593407844024312	1.89306477206096e-08	1.46847738747015e-06	3.78612950828498e-08	1.46901824921457e-06	NA	"abundance"	685	229
"Escherichia_coli"	"dysbiosis_state"	"dysbiosis_CD"	"dysbiosis_statedysbiosis_CD"	1.96377765146394	-0.594461452578271	0.406780237494899	3.73349625530324e-08	2.53411058328707e-06	3.73349625530324e-08	1.46901824921457e-06	NA	"abundance"	685	327
"Anaerostipes_hadrus"	"dysbiosis_state"	"dysbiosis_CD"	"dysbiosis_statedysbiosis_CD"	-2.31491761531241	0	0.420532638961542	3.69739556760082e-08	2.53411058328707e-06	7.3947909984943e-08	2.6898552257023e-06	NA	"prevalence"	685	468
"Roseburia_inulinivorans"	"dysbiosis_state"	"dysbiosis_CD"	"dysbiosis_statedysbiosis_CD"	-2.25456553620911	0	0.413184513636094	4.85450949899161e-08	3.10117489170876e-06	9.70901876232058e-08	3.32391112921799e-06	NA	"prevalence"	685	349
"Bacteroides_faecis"	"reads"	"reads"	"reads"	1.05301148960054	0	0.194033658816299	5.73243099479007e-08	3.45856670019001e-06	1.14648616609725e-07	3.70697193704778e-06	NA	"prevalence"	685	203
"Bacteroides_thetaiotaomicron"	"dysbiosis_state"	"dysbiosis_CD"	"dysbiosis_statedysbiosis_CD"	-3.28261359521258	0	0.60808014164339	6.72663270764387e-08	3.84480164236908e-06	1.34532649628119e-07	4.12094747808237e-06	NA	"prevalence"	685	453
"Ruthenibacterium_lactatiformans"	"reads"	"reads"	"reads"	0.620187191522132	0	0.115382754307226	7.65646816755025e-08	4.15746221497979e-06	1.53129357488855e-07	4.45606430292567e-06	NA	"prevalence"	685	336
"Blautia_wexlerae"	"dysbiosis_state"	"dysbiosis_CD"	"dysbiosis_statedysbiosis_CD"	-1.90070224691436	0	0.360970014231771	1.39777462128916e-07	6.74903328440892e-06	2.79554904720093e-07	7.23376996465098e-06	NA	"prevalence"	685	558
"Clostridium_leptum"	"dysbiosis_state"	"dysbiosis_CD"	"dysbiosis_statedysbiosis_CD"	-3.29257241617122	0	0.623985434117659	1.3154419960505e-07	6.74903328440892e-06	2.63088381906224e-07	7.23376996465098e-06	NA	"prevalence"	685	232
"Roseburia_hominis"	"dysbiosis_state"	"dysbiosis_CD"	"dysbiosis_statedysbiosis_CD"	-2.1044323515254	0	0.399973068895939	1.42935327386192e-07	6.74903328440892e-06	2.85870634341877e-07	7.23376996465098e-06	NA	"prevalence"	685	351
"Blautia_faecis"	"reads"	"reads"	"reads"	0.70327008210071	0	0.136318750241452	2.48256266955751e-07	1.12335960797477e-05	4.96512472280328e-07	1.2040427452798e-05	NA	"prevalence"	685	469
"Bacteroides_xylanisolvens"	"dysbiosis_state"	"dysbiosis_CD"	"dysbiosis_statedysbiosis_CD"	-2.73913614303282	0	0.536801325351243	3.34841511812994e-07	1.45455152731565e-05	6.6968291150715e-07	1.55902181798864e-05	NA	"prevalence"	685	456
"Collinsella_aerofaciens"	"reads"	"reads"	"reads"	0.742520073850555	0	0.14611085208552	3.73687093435788e-07	1.56086224412025e-05	7.47374047229534e-07	1.67296805956765e-05	NA	"prevalence"	685	288
"Bacteroides_ovatus"	"dysbiosis_state"	"dysbiosis_CD"	"dysbiosis_statedysbiosis_CD"	-2.87137455173985	0	0.566085591760389	3.92968228754462e-07	1.5806055423235e-05	7.85936303084896e-07	1.69412936442744e-05	NA	"prevalence"	685	499
"Alistipes_shahii"	"dysbiosis_state"	"dysbiosis_CD"	"dysbiosis_statedysbiosis_CD"	-3.5703172547751	0	0.705981401679444	4.25368185763261e-07	1.64982089192465e-05	8.50736190588429e-07	1.76831593900881e-05	NA	"prevalence"	685	255
"Dorea_longicatena"	"dysbiosis_state"	"dysbiosis_CD"	"dysbiosis_statedysbiosis_CD"	-2.55758381455665	0	0.507182792018851	4.58946382695645e-07	1.71867507450852e-05	9.17892554759509e-07	1.78249845229484e-05	NA	"prevalence"	685	429
"Veillonella_dispar"	"dysbiosis_state"	"dysbiosis_CD"	"dysbiosis_statedysbiosis_CD"	2.29570632069547	-0.594461452578271	0.519542608953424	5.47940030088702e-07	1.9835429089211e-05	1.09587975993913e-06	2.05742587188572e-05	NA	"abundance"	685	204
"GGB33469_SGB15236"	"dysbiosis_state"	"dysbiosis_CD"	"dysbiosis_statedysbiosis_CD"	-5.73393887253099	-0.594461452578271	0.950267766015083	9.18813635203524e-07	3.07115966389071e-05	9.18813635203524e-07	1.78249845229484e-05	NA	"abundance"	685	108
"Clostridiales_bacterium"	"reads"	"reads"	"reads"	0.801717510267757	0	0.163441692543668	9.33225312231983e-07	3.07115966389071e-05	1.86644975355448e-06	3.29173865626882e-05	NA	"prevalence"	685	407
"Eubacterium_siraeum"	"dysbiosis_state"	"dysbiosis_CD"	"dysbiosis_statedysbiosis_CD"	-2.9772300342891	0	0.606411843434549	9.12696834233876e-07	3.07115966389071e-05	1.82539283545224e-06	3.29173865626882e-05	NA	"prevalence"	685	229
"Veillonella_parvula"	"dysbiosis_state"	"dysbiosis_CD"	"dysbiosis_statedysbiosis_CD"	2.14468957323166	-0.594461452578271	0.520772617381345	1.70488217251719e-06	4.74744112654788e-05	3.40976143841117e-06	5.08841322347512e-05	NA	"abundance"	685	233
"Clostridium_sp_AM22_11AC"	"reads"	"reads"	"reads"	0.934865671447654	0	0.195094627536246	1.65244183112242e-06	4.74744112654788e-05	3.30488093168084e-06	5.08841322347512e-05	NA	"prevalence"	685	285
"Dysosmobacter_welbionis"	"reads"	"reads"	"reads"	0.856166256277054	0	0.178205520170892	1.55235165382898e-06	4.74744112654788e-05	3.10470089786231e-06	5.08841322347512e-05	NA	"prevalence"	685	524
"Fusicatenibacter_saccharivorans"	"antibiotics"	"Yes"	"antibioticsYes"	-1.92868102589973	0	0.40197617539465	1.60259099662034e-06	4.74744112654788e-05	3.20517942494279e-06	5.08841322347512e-05	NA	"prevalence"	685	484
"Odoribacter_splanchnicus"	"dysbiosis_state"	"dysbiosis_CD"	"dysbiosis_statedysbiosis_CD"	-3.82215650465798	0	0.795709743191895	1.5595040192204e-06	4.74744112654788e-05	3.11900560638802e-06	5.08841322347512e-05	NA	"prevalence"	685	359
"Phocaeicola_vulgatus"	"dysbiosis_state"	"dysbiosis_CD"	"dysbiosis_statedysbiosis_CD"	-2.71009988415178	0	0.566014042605688	1.68415109001232e-06	4.74744112654788e-05	3.36829934365974e-06	5.08841322347512e-05	NA	"prevalence"	685	544
"Flavonifractor_plautii"	"dysbiosis_state"	"dysbiosis_CD"	"dysbiosis_statedysbiosis_CD"	-2.00083384907858	0	0.418812090629561	1.77574271766484e-06	4.82114147846003e-05	3.55148228206747e-06	5.16740672040818e-05	NA	"prevalence"	685	559
"Blautia_obeum"	"reads"	"reads"	"reads"	0.664980403000187	0	0.140808382791914	2.32858827506501e-06	6.02106396838237e-05	4.65717112780666e-06	6.61091121069141e-05	NA	"prevalence"	685	378
"Candidatus_Cibionibacter_quicibialis"	"dysbiosis_state"	"dysbiosis_CD"	"dysbiosis_statedysbiosis_CD"	-3.23307981022906	0	0.687719287847016	2.58685128048789e-06	6.53330346653454e-05	5.17369586917624e-06	7.1692642758585e-05	NA	"prevalence"	685	407
"Bilophila_wadsworthia"	"dysbiosis_state"	"dysbiosis_CD"	"dysbiosis_statedysbiosis_CD"	-2.62889149864811	0	0.559961851715101	2.66908269870045e-06	6.5877813881561e-05	5.33815827339844e-06	7.22513515143695e-05	NA	"prevalence"	685	337
"Clostridium_sp_AF34_10BH"	"reads"	"reads"	"reads"	0.632642201779311	0	0.135103766888254	2.8320467120423e-06	6.83467273172875e-05	5.66408540359603e-06	7.49204023839293e-05	NA	"prevalence"	685	377
"Blautia_obeum"	"dysbiosis_state"	"dysbiosis_CD"	"dysbiosis_statedysbiosis_CD"	-2.23326582433149	0	0.48145336833532	3.5079049009009e-06	8.28170591821387e-05	7.01579749640501e-06	9.07376476201715e-05	NA	"prevalence"	685	378
"Clostridiaceae_bacterium"	"reads"	"reads"	"reads"	0.658444635218023	0	0.143884838978035	4.73516214014575e-06	0.000109412469876559	9.470301858531e-06	0.000119819906123153	NA	"prevalence"	685	465
"Clostridium_symbiosum"	"dysbiosis_state"	"dysbiosis_CD"	"dysbiosis_statedysbiosis_CD"	1.87487246990892	-0.594461452578271	0.490388776597705	5.53822415365178e-06	0.000120596024879931	1.10764176353768e-05	0.000131895162233029	NA	"abundance"	685	250
"Sutterella_wadsworthensis"	"dysbiosis_state"	"dysbiosis_CD"	"dysbiosis_statedysbiosis_CD"	1.34218899805978	-0.594461452578271	0.36391573597504	5.55230317126755e-06	0.000120596024879931	1.11045755144646e-05	0.000131895162233029	NA	"abundance"	685	243
"Clostridiaceae_bacterium"	"dysbiosis_state"	"dysbiosis_CD"	"dysbiosis_statedysbiosis_CD"	-1.91614163137354	0	0.421330471046963	5.42004991899285e-06	0.000120596024879931	1.08400704610446e-05	0.000131895162233029	NA	"prevalence"	685	465
"Phocaeicola_vulgatus"	"dysbiosis_state"	"dysbiosis_CD"	"dysbiosis_statedysbiosis_CD"	-2.43310175122686	-0.594461452578271	0.349424074915722	6.66666642318387e-06	0.000139230764145725	3.36829934365974e-06	5.08841322347512e-05	NA	"abundance"	685	544
"Bacteroides_ovatus"	"reads"	"reads"	"reads"	0.177940541220461	-0.207987406172782	0.0771018301863824	7.7059226644853e-06	0.000153743585797207	1.54117859477265e-05	0.000174292145556732	NA	"abundance"	685	499
"Ruminococcus_gnavus"	"dysbiosis_state"	"dysbiosis_CD"	"dysbiosis_statedysbiosis_CD"	1.44234018760399	-0.594461452578271	0.401535150736349	7.78627736542022e-06	0.000153743585797207	1.55724941047252e-05	0.000174292145556732	NA	"abundance"	685	373
"Ruthenibacterium_lactatiformans"	"dysbiosis_state"	"dysbiosis_CD"	"dysbiosis_statedysbiosis_CD"	-1.8184938570341	0	0.406535656438595	7.70766579734663e-06	0.000153743585797207	1.54152721865812e-05	0.000174292145556732	NA	"prevalence"	685	336
"Flavonifractor_plautii"	"reads"	"reads"	"reads"	0.681928730834307	0	0.152909984323464	8.20842868910443e-06	0.000159184884935132	1.64167899999073e-05	0.000180274939244265	NA	"prevalence"	685	559
"Lachnospira_eligens"	"dysbiosis_state"	"dysbiosis_CD"	"dysbiosis_statedysbiosis_CD"	-2.06937506422141	0	0.468084131967991	9.82693494589033e-06	0.000187228971074331	1.96537733231302e-05	0.000211824001371515	NA	"prevalence"	685	355
"Candidatus_Cibionibacter_quicibialis"	"reads"	"reads"	"reads"	0.806982064411285	0	0.183858820656529	1.13799907008577e-05	0.000213080515536749	2.2759851897527e-05	0.00024084061462474	NA	"prevalence"	685	407
"Enterocloster_bolteae"	"dysbiosis_state"	"dysbiosis_CD"	"dysbiosis_statedysbiosis_CD"	1.28786549920469	-0.594461452578271	0.374186780177994	1.25243317230178e-05	0.000226690404186622	2.50485065871504e-05	0.000255758435679326	NA	"abundance"	685	423
"Coprococcus_comes"	"dysbiosis_state"	"dysbiosis_CD"	"dysbiosis_statedysbiosis_CD"	-2.27945771378668	0	0.521739684917642	1.24841928332549e-05	0.000226690404186622	2.49682298114391e-05	0.000255758435679326	NA	"prevalence"	685	320
"Clostridium_sp_AT4"	"reads"	"reads"	"reads"	0.58592208118528	0	0.134540593235103	1.33076862304961e-05	0.000236920446660964	2.66151953664794e-05	0.000267069719022259	NA	"prevalence"	685	229
"Enterocloster_bolteae"	"reads"	"reads"	"reads"	0.534518742509319	0	0.123313955657515	1.46014254174915e-05	0.000255760451667673	2.92026376333587e-05	0.000288066696654488	NA	"prevalence"	685	423
"Eubacterium_rectale"	"antibiotics"	"Yes"	"antibioticsYes"	-1.83928851647717	0	0.428316217092644	1.75300362802862e-05	0.000302184434926838	3.50597652584004e-05	0.000334504645580148	NA	"prevalence"	685	514
"Bacteroides_fragilis"	"dysbiosis_state"	"dysbiosis_CD"	"dysbiosis_statedysbiosis_CD"	-2.44436739007271	0	0.5750694562415	2.13236433824943e-05	0.000353342572756251	4.26468320672215e-05	0.000390551599238179	NA	"prevalence"	685	392
"Collinsella_SGB14861"	"dysbiosis_state"	"dysbiosis_CD"	"dysbiosis_statedysbiosis_CD"	-2.3085519611772	0	0.543066871218922	2.128624601721e-05	0.000353342572756251	4.25720389301505e-05	0.000390551599238179	NA	"prevalence"	685	273
"Ruminococcus_torques"	"reads"	"reads"	"reads"	0.557018567451863	0	0.131094413371176	2.14738580128109e-05	0.000353342572756251	4.29472548990438e-05	0.000390551599238179	NA	"prevalence"	685	463
"Clostridium_leptum"	"reads"	"reads"	"reads"	0.531914268902	0	0.126014159608744	2.43148148594564e-05	0.000389907245711836	4.86290385086912e-05	0.000430570366365894	NA	"prevalence"	685	232
"Parabacteroides_merdae"	"dysbiosis_state"	"dysbiosis_CD"	"dysbiosis_statedysbiosis_CD"	-2.09876734816949	0	0.497320665345575	2.4414081683614e-05	0.000389907245711836	4.88275673198437e-05	0.000430570366365894	NA	"prevalence"	685	343
"Lachnospira_eligens"	"reads"	"reads"	"reads"	0.555976435440848	0	0.132762797590627	2.81742675384874e-05	0.000443438471692715	5.63477412876235e-05	0.00048946843924473	NA	"prevalence"	685	355
"Klebsiella_pneumoniae"	"dysbiosis_state"	"dysbiosis_CD"	"dysbiosis_statedysbiosis_CD"	2.83087373200784	-0.594461452578271	0.739585050527628	3.06817116251609e-05	0.000465044038047161	3.06817116251609e-05	0.000297612602764061	NA	"abundance"	685	76
"Clostridium_fessum"	"reads"	"reads"	"reads"	0.730771841214608	0	0.175361318869325	3.08316489313035e-05	0.000465044038047161	6.16623472720312e-05	0.00052775714871062	NA	"prevalence"	685	391
"Blautia_wexlerae"	"reads"	"reads"	"reads"	0.598516349976285	0	0.143951700122115	3.2138604739363e-05	0.000478116777355455	6.42761765888114e-05	0.000542155576444757	NA	"prevalence"	685	558
"Bacteroides_uniformis"	"dysbiosis_state"	"dysbiosis_CD"	"dysbiosis_statedysbiosis_CD"	-2.06141041178769	-0.594461452578271	0.287935495235152	3.49562691232247e-05	0.000513006868484081	8.38414545492214e-10	8.13262109127447e-08	NA	"abundance"	685	553
"Clostridium_sp_AF36_4"	"dysbiosis_state"	"dysbiosis_CD"	"dysbiosis_statedysbiosis_CD"	-2.50180540030666	0	0.605097034810903	3.55647096264037e-05	0.000514976995390326	7.11281544042367e-05	0.000591379798046654	NA	"prevalence"	685	198
"Clostridium_sp_AM22_11AC"	"dysbiosis_state"	"dysbiosis_CD"	"dysbiosis_statedysbiosis_CD"	-2.37354836257955	0	0.578560404069828	4.0869670770593e-05	0.000576421590348883	8.17376712111971e-05	0.00066071284229051	NA	"prevalence"	685	285
"Bilophila_wadsworthia"	"reads"	"reads"	"reads"	0.604090860952483	0	0.148331601954317	4.64971805881806e-05	0.000647383822035438	9.29921991885586e-05	0.000741389862023851	NA	"prevalence"	685	337
"GGB3746_SGB5089"	"dysbiosis_state"	"dysbiosis_CD"	"dysbiosis_statedysbiosis_CD"	-1.86903137104322	0	0.46335983112848	5.49171030033611e-05	0.000754936377995572	0.00010983119011852	0.000863807468229441	NA	"prevalence"	685	242
"Prevotella_copri_clade_A"	"reads"	"reads"	"reads"	0.65139673994931	0	0.162207148488442	5.92363157970264e-05	0.000804132986944634	0.000118469122652944	0.000907224070842279	NA	"prevalence"	685	111
"Bifidobacterium_longum"	"antibiotics"	"Yes"	"antibioticsYes"	1.63294914362658	-0.163407017474692	0.413660795355532	6.3649939958845e-05	0.000842973595064703	0.000127295828602833	0.000949822721113447	NA	"abundance"	685	348
"Clostridium_sp_AF20_17LB"	"dysbiosis_state"	"dysbiosis_CD"	"dysbiosis_statedysbiosis_CD"	-2.32130495564001	0	0.580184440204213	6.30813267976921e-05	0.000842973595064703	0.000126158674341593	0.000949822721113447	NA	"prevalence"	685	260
"Roseburia_sp_AF02_12"	"reads"	"reads"	"reads"	0.811034250592919	0	0.203091003344113	6.51181615064619e-05	0.000852027992723104	0.000130232082637966	0.000959431292345521	NA	"prevalence"	685	100
"Sutterella_wadsworthensis"	"dysbiosis_state"	"dysbiosis_CD"	"dysbiosis_statedysbiosis_CD"	-3.67552863423418	0	0.921275039957783	6.61818640049928e-05	0.00085563695606455	1.11045755144646e-05	0.000131895162233029	NA	"prevalence"	685	243
"Eubacterium_ventriosum"	"dysbiosis_state"	"dysbiosis_CD"	"dysbiosis_statedysbiosis_CD"	-4.14108923010696	0	1.04028716151177	6.87075870855303e-05	0.000877840465586894	0.000137410453438538	0.000999661048765361	NA	"prevalence"	685	168
"Coprococcus_comes"	"reads"	"reads"	"reads"	0.633054495809573	0	0.159726940339309	7.39038974955642e-05	0.000933251542792823	0.000147802333205064	0.00106198713488083	NA	"prevalence"	685	320
"Dorea_longicatena"	"reads"	"reads"	"reads"	0.6227312430331	0	0.157353518456249	7.57288329730972e-05	0.000942750532990061	0.000151451931090051	0.00107129217506264	NA	"prevalence"	685	429
"Firmicutes_bacterium_AF16_15"	"reads"	"reads"	"reads"	0.532927386259988	0	0.134732597840853	7.63923083822517e-05	0.000942750532990061	0.000152778780979724	0.00107129217506264	NA	"prevalence"	685	331
"Roseburia_faecis"	"dysbiosis_state"	"dysbiosis_CD"	"dysbiosis_statedysbiosis_CD"	-1.58809434490007	0	0.401877881250085	7.76032096139068e-05	0.00094693354652475	0.000155200396969671	0.00107531703614701	NA	"prevalence"	685	420
"Faecalibacterium_SGB15346"	"dysbiosis_state"	"dysbiosis_CD"	"dysbiosis_statedysbiosis_CD"	-3.34025953206422	-0.594461452578271	0.657527967928389	8.13628645452194e-05	0.000970989790067124	8.13628645452194e-05	0.00066071284229051	NA	"abundance"	685	318
"Roseburia_inulinivorans"	"antibiotics"	"Yes"	"antibioticsYes"	-1.44806497296855	0	0.367319243649355	8.07201444301879e-05	0.000970989790067124	0.000161433773118659	0.00110534654064776	NA	"prevalence"	685	349
"Faecalibacterium_prausnitzii"	"dysbiosis_state"	"dysbiosis_CD"	"dysbiosis_statedysbiosis_CD"	-1.90858810392156	-0.594461452578271	0.265646105383326	9.50203737362442e-05	0.0011216535421474	3.35683157809074e-12	9.76837989224405e-10	NA	"abundance"	685	573
"Ruminococcus_bicirculans"	"antibiotics"	"Yes"	"antibioticsYes"	-1.72251815376922	0	0.444006418995021	0.000104676003313683	0.00122234558708236	0.000209341049561696	0.00140041943499893	NA	"prevalence"	685	236
"Lachnospira_pectinoschiza"	"dysbiosis_state"	"dysbiosis_CD"	"dysbiosis_statedysbiosis_CD"	-2.39535711447954	0	0.618978727230638	0.000108900685985516	0.00125815047851351	0.000217789512611623	0.00144038064022687	NA	"prevalence"	685	189
"Haemophilus_parainfluenzae"	"dysbiosis_state"	"dysbiosis_CD"	"dysbiosis_statedysbiosis_CD"	1.36723825878401	-0.594461452578271	0.454559704485687	0.000114233596147238	0.00130587037279896	0.000114233596147238	0.000886452706102569	NA	"abundance"	685	276
"Bacteroides_fragilis"	"dysbiosis_state"	"dysbiosis_CD"	"dysbiosis_statedysbiosis_CD"	1.00560505049488	-0.594461452578271	0.364430751996911	0.000133902187441885	0.00151476849543632	4.26468320672215e-05	0.000390551599238179	NA	"abundance"	685	392
"Faecalibacterium_SGB15315"	"dysbiosis_state"	"dysbiosis_CD"	"dysbiosis_statedysbiosis_CD"	-3.18454861875835	0	0.834782390779252	0.000136279550995669	0.00152576899362161	0.000272540529875318	0.0017822313301959	NA	"prevalence"	685	224
"Firmicutes_bacterium_AF16_15"	"age"	"age"	"age"	-1.38020634126733	-0.199122639925785	0.272416601660149	0.000185881026678403	0.00201866794972746	0.000185881026678403	0.00125793904100966	NA	"abundance"	685	331
"Waltera_intestinalis"	"dysbiosis_state"	"dysbiosis_CD"	"dysbiosis_statedysbiosis_CD"	-1.97969484044819	0	0.529539103495015	0.000185103556008329	0.00201866794972746	0.000370172848690211	0.00239378442153003	NA	"prevalence"	685	176
"GGB9480_SGB14874"	"dysbiosis_state"	"dysbiosis_CD"	"dysbiosis_statedysbiosis_CD"	-3.70067202089489	0	0.992879381982292	0.000193609541491181	0.00208178180256854	0.000387181598327805	0.00247626033216244	NA	"prevalence"	685	162
"Fusicatenibacter_saccharivorans"	"reads"	"reads"	"reads"	0.525537658805012	0	0.141338542090209	0.000200576095325908	0.00213554548552879	0.0004011119598818	0.00251018452313127	NA	"prevalence"	685	484
"Bacteroides_finegoldii"	"reads"	"reads"	"reads"	0.697726651998297	0	0.188453820324803	0.000213590874644549	0.00225203582392214	0.000427136128227367	0.00264460879391838	NA	"prevalence"	685	97
"Lacrimispora_amygdalina"	"reads"	"reads"	"reads"	0.53307973060177	0	0.146010922188698	0.000261264062589484	0.00272819973050173	0.000522459866268569	0.0031674129392532	NA	"prevalence"	685	338
"Haemophilus_parainfluenzae"	"age"	"age"	"age"	-1.09796110465239	0	0.301673672871728	0.000273098421910675	0.00282461796376184	0.000546122261073301	0.0032767335664398	NA	"prevalence"	685	276
"Enterocloster_bolteae"	"antibiotics"	"Yes"	"antibioticsYes"	1.26731592241925	-0.163407017474692	0.355659781748591	0.000280420004731532	0.00286266330330175	0.000560761374084011	0.00331574221409718	NA	"abundance"	685	423
"Bacteroides_uniformis"	"reads"	"reads"	"reads"	0.67906484914466	0	0.187005668220706	0.000282048778502106	0.00286266330330175	0.000564018005490757	0.00331574221409718	NA	"prevalence"	685	553
"Bacteroides_caccae"	"dysbiosis_state"	"dysbiosis_CD"	"dysbiosis_statedysbiosis_CD"	-2.10369390741653	0	0.580473293599297	0.000289968160995761	0.00291579095223515	0.000579852240457131	0.0033747400394605	NA	"prevalence"	685	408
"GGB3746_SGB5089"	"reads"	"reads"	"reads"	0.462468733670139	0	0.127836314804515	0.000297274866641581	0.00296183949699777	0.000594461360936826	0.00342551002044785	NA	"prevalence"	685	242
"Anaerostipes_hadrus"	"antibiotics"	"Yes"	"antibioticsYes"	-1.43118841538336	0	0.396643214332671	0.000308267759265234	0.00301602510416256	0.000616440489519066	0.0034831880087388	NA	"prevalence"	685	468
"Parasutterella_excrementihominis"	"dysbiosis_state"	"dysbiosis_CD"	"dysbiosis_statedysbiosis_CD"	-3.07005646713128	0	0.850428131165823	0.000306181856398889	0.00301602510416256	0.000612269965468591	0.0034831880087388	NA	"prevalence"	685	242
"Oscillibacter_sp_ER4"	"dysbiosis_state"	"dysbiosis_CD"	"dysbiosis_statedysbiosis_CD"	-2.90312814330504	0	0.806439651252753	0.000318300049888017	0.00308637369802131	0.000636498784854276	0.00352802183604941	NA	"prevalence"	685	190
"Roseburia_hominis"	"antibiotics"	"Yes"	"antibioticsYes"	-1.23317793917489	0	0.343586997005519	0.000331785070127969	0.0031886600545042	0.000663460058923178	0.00357927942413459	NA	"prevalence"	685	351
"Enterocloster_bolteae"	"dysbiosis_state"	"dysbiosis_CD"	"dysbiosis_statedysbiosis_CD"	-1.58970679978961	0	0.443343291595898	0.000336143982325071	0.00320221372635989	2.50485065871504e-05	0.000255758435679326	NA	"prevalence"	685	423
"Bacteroides_cellulosilyticus"	"dysbiosis_state"	"dysbiosis_CD"	"dysbiosis_statedysbiosis_CD"	-3.10837245776886	0	0.874082690199267	0.000376323860049858	0.00352316993115643	0.000752506100452074	0.00398144136784643	NA	"prevalence"	685	167
"GGB3746_SGB5089"	"antibiotics"	"Yes"	"antibioticsYes"	-1.67514472773497	0	0.470936942754421	0.000375047413466894	0.00352316993115643	0.00074995416637144	0.00398144136784643	NA	"prevalence"	685	242
"Bifidobacterium_longum"	"dysbiosis_state"	"dysbiosis_CD"	"dysbiosis_statedysbiosis_CD"	1.24725845625299	-0.594461452578271	0.473778864004781	0.000380463490563413	0.00353148163035783	0.000760782228659174	0.00398896627999675	NA	"abundance"	685	348
"Enterocloster_clostridioformis"	"age"	"age"	"age"	1.48378370708274	-0.199122639925785	0.376135861779212	0.000392398711504639	0.00361139831096642	0.000392398711504639	0.00248234837060543	NA	"abundance"	685	183
"Dialister_invisus"	"dysbiosis_state"	"dysbiosis_CD"	"dysbiosis_statedysbiosis_CD"	-1.91426072905603	0	0.540731397219517	0.00039992637070954	0.00364974822345009	0.000799692800317091	0.00415554651593346	NA	"prevalence"	685	350
"Bifidobacterium_longum"	"reads"	"reads"	"reads"	0.462043668982171	0	0.131108520469678	0.000424873309619957	0.00384510345206061	0.000849566101910688	0.00437564133904443	NA	"prevalence"	685	348
"Clostridium_symbiosum"	"reads"	"reads"	"reads"	0.423624765295386	0	0.120289921955427	0.000428792486758197	0.00384850116214382	0.000857401110519694	0.00437725830107423	NA	"prevalence"	685	250
"Alistipes_putredinis"	"dysbiosis_state"	"dysbiosis_CD"	"dysbiosis_statedysbiosis_CD"	-1.7413191704108	0	0.497012878521134	0.000459066816690219	0.0040864472370949	0.000917922891038253	0.00464548802247185	NA	"prevalence"	685	376
"Lactobacillus_acidophilus"	"dysbiosis_state"	"dysbiosis_CD"	"dysbiosis_statedysbiosis_CD"	5.6256640234147	-0.594461452578271	1.45699555606743	0.000505636688570848	0.00446440198201578	0.000505636688570848	0.00309769002892877	NA	"abundance"	685	23
"Roseburia_hominis"	"reads"	"reads"	"reads"	0.41119295509878	0	0.118946453143085	0.000546308925374838	0.00478460881416995	0.00109231939730773	0.0054335887968641	NA	"prevalence"	685	351
"Eisenbergiella_massiliensis"	"dysbiosis_state"	"dysbiosis_CD"	"dysbiosis_statedysbiosis_CD"	-2.16317281325462	0	0.62954410471975	0.00059016584990158	0.00512736090394493	0.00117998340407277	0.00581991814551145	NA	"prevalence"	685	204
"Faecalibacterium_SGB15315"	"antibiotics"	"Yes"	"antibioticsYes"	-2.30727376076939	-0.163407017474692	0.596706545753656	0.000624041727305631	0.00537864536391996	0.000624041727305631	0.0034922335124219	NA	"abundance"	685	224
"Bacteroides_xylanisolvens"	"dysbiosis_state"	"dysbiosis_CD"	"dysbiosis_statedysbiosis_CD"	-2.19328738965713	-0.594461452578271	0.418898474390229	0.000632758165909004	0.00541082967068645	6.6968291150715e-07	1.55902181798864e-05	NA	"abundance"	685	456
"Lactobacillus_acidophilus"	"age"	"age"	"age"	-2.46747580231319	-0.199122639925785	0.540391643833507	0.000646572460304	0.00548576321789175	0.000646572460304	0.00355004879148046	NA	"abundance"	685	23
"GGB16040_SGB9347"	"antibiotics"	"Yes"	"antibioticsYes"	3.56147111395497	-0.163407017474692	0.981113115489521	0.000664196181798171	0.00559160506537065	0.000664196181798171	0.00357927942413459	NA	"abundance"	685	42
"Clostridium_sp_AF34_10BH"	"antibiotics"	"Yes"	"antibioticsYes"	-1.30218880949942	0	0.382876863551397	0.000671240513844605	0.00560743998488647	0.00134203046386178	0.00650884774972965	NA	"prevalence"	685	377
"Dorea_longicatena"	"antibiotics"	"Yes"	"antibioticsYes"	-1.4763820886947	0	0.43512840540714	0.000691366210747251	0.00573147866314133	0.00138225443425714	0.00664852959287318	NA	"prevalence"	685	429
"Roseburia_faecis"	"antibiotics"	"Yes"	"antibioticsYes"	-1.31449570258218	0	0.388125881390661	0.000707189153410447	0.00581823803487686	0.00141387819032219	0.00674489431776653	NA	"prevalence"	685	420
"Ruminococcus_bromii"	"dysbiosis_state"	"dysbiosis_CD"	"dysbiosis_statedysbiosis_CD"	2.04221830073229	-0.594461452578271	0.7457308786423	0.000811672331405008	0.00662764023989352	0.00162268585083645	0.00761615455795816	NA	"abundance"	685	164
"Bacteroides_uniformis"	"reads"	"reads"	"reads"	0.0637314893979604	-0.207987406172782	0.0724688372529963	0.000835731481879134	0.00677316708448313	0.000564018005490757	0.00331574221409718	NA	"abundance"	685	553
"Clostridium_sp_AT4"	"dysbiosis_state"	"dysbiosis_CD"	"dysbiosis_statedysbiosis_CD"	-1.63894082949518	0	0.490959340227027	0.00084310446646001	0.00678230704130052	3.78612950828498e-08	1.46901824921457e-06	NA	"prevalence"	685	229
"Lacrimispora_amygdalina"	"age"	"age"	"age"	-1.52179635295098	0	0.456870651314449	0.000865616778666421	0.00691220457082157	0.00173048426492533	0.00805713473749235	NA	"prevalence"	685	338
"Alistipes_finegoldii"	"dysbiosis_state"	"dysbiosis_CD"	"dysbiosis_statedysbiosis_CD"	-2.22596116141862	0	0.669620958293696	0.000886691736419865	0.00702881186680272	0.00177259725060429	0.00818771110993412	NA	"prevalence"	685	280
"GGB9708_SGB15234"	"dysbiosis_state"	"dysbiosis_CD"	"dysbiosis_statedysbiosis_CD"	-3.85920066534517	0	1.16489256535988	0.000923260281756195	0.00721338608623905	0.00184566815396452	0.00845810130399489	NA	"prevalence"	685	119
"Bacteroides_caccae"	"reads"	"reads"	"reads"	0.602387533221167	0	0.181971887279414	0.00093185057774255	0.00722849805306006	0.00186283280998586	0.00847006793290446	NA	"prevalence"	685	408
"Ruminococcus_lactaris"	"dysbiosis_state"	"dysbiosis_CD"	"dysbiosis_statedysbiosis_CD"	-2.92161270490032	0	0.886821589150028	0.000986052605404089	0.0075947030458783	0.00197113291106755	0.00882373508046432	NA	"prevalence"	685	96
"Clostridium_symbiosum"	"reads"	"reads"	"reads"	-0.719462586471617	-0.207987406172782	0.148957511766159	0.000994868043471576	0.0076086386986629	0.000857401110519694	0.00437725830107423	NA	"abundance"	685	250
"Dysosmobacter_sp_BX15"	"dysbiosis_state"	"dysbiosis_CD"	"dysbiosis_statedysbiosis_CD"	-2.98405372382845	-0.594461452578271	0.688669996219447	0.00102939735977933	0.00778027340370627	0.00102939735977933	0.00516473502923766	NA	"abundance"	685	241
"Gemmiger_formicilis"	"reads"	"reads"	"reads"	0.489464558846405	0	0.149147277321399	0.00103163846236989	0.00778027340370627	0.00206221264682274	0.00909248303371846	NA	"prevalence"	685	191
"Ruminococcus_bromii"	"antibiotics"	"Yes"	"antibioticsYes"	-1.46048404978947	0	0.446760868088491	0.00107908860639854	0.00808200156240565	0.00215701278057663	0.00943895818267367	NA	"prevalence"	685	164
"Escherichia_coli"	"antibiotics"	"Yes"	"antibioticsYes"	-1.0802025125026	0	0.331346405261625	0.00111396528980546	0.00822970275325664	0.00222668966094402	0.00967114464678673	NA	"prevalence"	685	327
"Veillonella_dispar"	"antibiotics"	"Yes"	"antibioticsYes"	-1.39676286802595	0	0.429618062088466	0.00114929689086545	0.00843335421270187	0.00229727289838754	0.00990379871749297	NA	"prevalence"	685	204
"Clostridium_sp_AF20_17LB"	"reads"	"reads"	"reads"	0.456581264754334	0	0.140896868283196	0.00119305530876631	0.00869569171355846	0.00238468723656284	0.010205058615291	NA	"prevalence"	685	260
"Bacteroides_stercoris"	"dysbiosis_state"	"dysbiosis_CD"	"dysbiosis_statedysbiosis_CD"	-2.17505713494728	-0.594461452578271	0.438071019087631	0.00121604616688689	0.00880417424826108	0.00121604616688689	0.00594738545485857	NA	"abundance"	685	326
"Anaerostipes_hadrus"	"reads"	"reads"	"reads"	0.451244221764391	0	0.140275436909763	0.00129608973513469	0.00926022008129128	0.00259049962166786	0.0108506768082723	NA	"prevalence"	685	468
"Lacrimispora_amygdalina"	"dysbiosis_state"	"dysbiosis_CD"	"dysbiosis_statedysbiosis_CD"	-1.43235239888448	0	0.445047042445938	0.00128894785025431	0.00926022008129128	0.00257623431394795	0.0108506768082723	NA	"prevalence"	685	338
"Vescimonas_coprocola"	"dysbiosis_state"	"dysbiosis_CD"	"dysbiosis_statedysbiosis_CD"	-2.98390406791569	0	0.928275942357976	0.00130691013482568	0.00927649938837053	0.00261211225555085	0.0108589238052186	NA	"prevalence"	685	206
"Ruminococcus_bromii"	"dysbiosis_state"	"dysbiosis_CD"	"dysbiosis_statedysbiosis_CD"	-1.74286103729104	0	0.544610011217244	0.00137332185099254	0.00968459435180455	0.00162268585083645	0.00761615455795816	NA	"prevalence"	685	164
"Eisenbergiella_massiliensis"	"dysbiosis_state"	"dysbiosis_CD"	"dysbiosis_statedysbiosis_CD"	1.97612491303868	-0.594461452578271	0.772752162407511	0.00150108942577351	0.0105173104283228	0.00117998340407277	0.00581991814551145	NA	"abundance"	685	204
"Bacteroides_finegoldii"	"dysbiosis_state"	"dysbiosis_CD"	"dysbiosis_statedysbiosis_CD"	-2.61425201660119	0	0.824447877327556	0.00151960949002412	0.0105788199113217	0.00303690976704606	0.0125353296767433	NA	"prevalence"	685	97
"GGB9480_SGB14874"	"antibiotics"	"Yes"	"antibioticsYes"	-1.46687047107242	0	0.464569635719134	0.00159137816160381	0.0110078769649792	0.00318022383875439	0.0130344385503877	NA	"prevalence"	685	162
"Alistipes_dispar"	"dysbiosis_state"	"dysbiosis_CD"	"dysbiosis_statedysbiosis_CD"	3.28315665121796	-0.594461452578271	1.11662135964029	0.00161273493867963	0.0110415808735777	0.00322286896337682	0.0131168513054917	NA	"abundance"	685	40
"Clostridium_sp_AM22_11AC"	"antibiotics"	"Yes"	"antibioticsYes"	1.37098746168685	-0.163407017474692	0.455027152340815	0.00161658504502657	0.0110415808735777	0.00161658504502657	0.00761615455795816	NA	"abundance"	685	285
"Clostridium_sp_AF36_4"	"antibiotics"	"Yes"	"antibioticsYes"	-1.67572023086967	0	0.532450499708588	0.00164850618222433	0.0111892357118476	0.00329429479181582	0.0133144414502556	NA	"prevalence"	685	198
"Parasutterella_excrementihominis"	"reads"	"reads"	"reads"	0.539185475947981	0	0.171914636769585	0.00171061508948429	0.0115386831501859	0.0034183039749842	0.0137203649202814	NA	"prevalence"	685	242
"Bacteroides_thetaiotaomicron"	"antibiotics"	"Yes"	"antibioticsYes"	0.899316659595132	-0.163407017474692	0.300509034541608	0.00190471467734935	0.0126903076049165	0.00190471467734935	0.00859336389315754	NA	"abundance"	685	453
"Parasutterella_SGB9260"	"dysbiosis_state"	"dysbiosis_CD"	"dysbiosis_statedysbiosis_CD"	-3.39358457052168	-0.594461452578271	0.854428616713767	0.00198609844594644	0.0131518470262063	0.00198609844594644	0.00882373508046432	NA	"abundance"	685	92
"Roseburia_intestinalis"	"antibiotics"	"Yes"	"antibioticsYes"	-1.03185445451325	0	0.334399578645915	0.00203078348926989	0.0133662476930127	0.00405744289695949	0.0159468979020287	NA	"prevalence"	685	319
"Roseburia_intestinalis"	"dysbiosis_state"	"dysbiosis_CD"	"dysbiosis_statedysbiosis_CD"	-1.10691552093308	0	0.358939385734443	0.0020434002744734	0.0133682692655308	0.00408262506426507	0.0159468979020287	NA	"prevalence"	685	319
"Enterocloster_clostridioformis"	"dysbiosis_state"	"dysbiosis_CD"	"dysbiosis_statedysbiosis_CD"	1.20731473306064	-0.594461452578271	0.545526197321028	0.00226971141191534	0.0147599197205992	0.00453427123393731	0.0175929723876768	NA	"abundance"	685	183
"Akkermansia_muciniphila"	"dysbiosis_state"	"dysbiosis_CD"	"dysbiosis_statedysbiosis_CD"	-1.35549786440005	0	0.448536301923307	0.00251071416100173	0.0160390328167522	0.00501512463640521	0.0190771407737767	NA	"prevalence"	685	170
"Lacrimispora_celerecrescens"	"dysbiosis_state"	"dysbiosis_CD"	"dysbiosis_statedysbiosis_CD"	-1.43059790672792	0	0.473229181841357	0.00250236650065715	0.0160390328167522	0.00499847116321069	0.0190771407737767	NA	"prevalence"	685	286
"Ruminococcus_bicirculans"	"reads"	"reads"	"reads"	0.40992430458936	0	0.13562907912219	0.00250785182369673	0.0160390328167522	0.00500941432662384	0.0190771407737767	NA	"prevalence"	685	236
"Lachnospira_pectinoschiza"	"antibiotics"	"Yes"	"antibioticsYes"	-2.26105315330984	-0.163407017474692	0.669443767775788	0.00259148466726778	0.0164582008693147	0.00259148466726778	0.0108506768082723	NA	"abundance"	685	189
"Waltera_intestinalis"	"antibiotics"	"Yes"	"antibioticsYes"	-1.31353212458392	0	0.436865656277879	0.00264084041497765	0.0166741435503821	0.00527470679185792	0.019678713800393	NA	"prevalence"	685	176
"Faecalibacterium_SGB15315"	"reads"	"reads"	"reads"	0.51142173320735	0	0.171244529563278	0.0028219113109529	0.0176126188718095	0.00563585943845891	0.020892166835561	NA	"prevalence"	685	224
"Lachnospira_sp_NSJ_43"	"antibiotics"	"Yes"	"antibioticsYes"	-2.63370622396356	0	0.890789006567598	0.00311051975200589	0.0193029968610194	0.00621136417088416	0.022879835110472	NA	"prevalence"	685	59
"Bacteroides_eggerthii"	"dysbiosis_state"	"dysbiosis_CD"	"dysbiosis_statedysbiosis_CD"	-2.68989626198933	0	0.915281974894124	0.00329409440673835	0.0202112233091404	0.0065773377555162	0.023776463190748	NA	"prevalence"	685	119
"GGB3278_SGB4328"	"antibiotics"	"Yes"	"antibioticsYes"	-2.71588287252492	0	0.923860020578503	0.00328516890348423	0.0202112233091404	0.00655954547224405	0.023776463190748	NA	"prevalence"	685	53
"Phocaeicola_sartorii"	"reads"	"reads"	"reads"	0.169730537710055	-0.207987406172782	0.122080027609631	0.00337642822664662	0.0206000059221249	6.22231526161483e-17	3.62138748225983e-14	NA	"abundance"	685	205
"GGB16040_SGB9347"	"reads"	"reads"	"reads"	0.799092643201893	0	0.274577516728247	0.00361125341661206	0.021833672684247	0.00720946568198512	0.025780644518256	NA	"prevalence"	685	42
"Phascolarctobacterium_faecium"	"dysbiosis_state"	"dysbiosis_CD"	"dysbiosis_statedysbiosis_CD"	-1.78704229392315	0	0.614449844149521	0.00363328029052118	0.021833672684247	0.00725335985537287	0.025780644518256	NA	"prevalence"	685	209
"Veillonella_parvula"	"reads"	"reads"	"reads"	0.347913841737936	0	0.119645418882057	0.00363894544737451	0.021833672684247	0.00726464897078005	0.025780644518256	NA	"prevalence"	685	233
"Prevotella_marseillensis"	"antibiotics"	"Yes"	"antibioticsYes"	3.31566761897913	0	1.14216385833906	0.0036964183438499	0.0220566501176978	0.0036964183438499	0.0147350375076756	NA	"prevalence"	685	5
"Alistipes_shahii"	"dysbiosis_state"	"dysbiosis_CD"	"dysbiosis_statedysbiosis_CD"	-2.46185190018224	-0.594461452578271	0.604369999332437	0.00378268173282602	0.0224480456931643	8.50736190588429e-07	1.76831593900881e-05	NA	"abundance"	685	255
"Vescimonas_coprocola"	"antibiotics"	"Yes"	"antibioticsYes"	-1.43400530857613	0	0.495997289184666	0.00383828107436594	0.0226542024280511	0.00766182974712604	0.0270253631080446	NA	"prevalence"	685	206
"Firmicutes_bacterium_AF16_15"	"dysbiosis_state"	"dysbiosis_CD"	"dysbiosis_statedysbiosis_CD"	-2.54282246393064	-0.594461452578271	0.641611435340363	0.0039722124985344	0.0233179609373425	0.0039722124985344	0.0157267188717484	NA	"abundance"	685	331
"Lachnospira_eligens"	"reads"	"reads"	"reads"	-0.578696214694411	-0.207987406172782	0.122666626472533	0.00399993236377354	0.0233544438013874	5.63477412876235e-05	0.00048946843924473	NA	"abundance"	685	355
"Alistipes_communis"	"reads"	"reads"	"reads"	0.494840737896339	0	0.172144377894555	0.00404580506362362	0.0234959588186912	0.0080752415886344	0.0283119915938869	NA	"prevalence"	685	199
"Dialister_invisus"	"reads"	"reads"	"reads"	0.435376095724795	0	0.153096875350757	0.00445797501682871	0.0257519195121063	0.00889607649240676	0.0308185507058377	NA	"prevalence"	685	350
"Veillonella_parvula"	"age"	"age"	"age"	-0.913514296888834	0	0.322549383984372	0.00462334368473512	0.0265658795853034	0.00922531206264307	0.0317700095885105	NA	"prevalence"	685	233
"Bacteroides_finegoldii"	"antibiotics"	"Yes"	"antibioticsYes"	1.82669949388519	-0.163407017474692	0.67295725665845	0.00509610670078824	0.029128273037137	0.00509610670078824	0.0192593123367451	NA	"abundance"	685	97
"Bifidobacterium_adolescentis"	"antibiotics"	"Yes"	"antibioticsYes"	-2.85520510313936	-0.163407017474692	0.932681619924324	0.0052378256608697	0.0297562958731016	0.0052378256608697	0.0196671905459753	NA	"abundance"	685	117
"Bacteroides_intestinalis"	"reads"	"reads"	"reads"	0.800885388551415	0	0.286992311645142	0.00526078159082459	0.0297562958731016	0.0104938873587028	0.0359261320162649	NA	"prevalence"	685	82
"Bacteroides_cellulosilyticus"	"age"	"age"	"age"	2.37090373808185	0	0.850889462927446	0.00532998931097746	0.029991546071096	0.0106315698358998	0.0361846411958694	NA	"prevalence"	685	167
"Bacteroides_finegoldii"	"reads"	"reads"	"reads"	-0.823625942071102	-0.207987406172782	0.212624574930448	0.00549851036753824	0.0301579873377122	0.000427136128227367	0.00264460879391838	NA	"abundance"	685	97
"Eubacterium_siraeum"	"reads"	"reads"	"reads"	-0.734288916266696	-0.207987406172782	0.184615786605401	0.00552618736667102	0.0301579873377122	0.0110218359865305	0.0368661410583951	NA	"abundance"	685	229
"Odoribacter_splanchnicus"	"dysbiosis_state"	"dysbiosis_CD"	"dysbiosis_statedysbiosis_CD"	-1.85393938152305	-0.594461452578271	0.403033102681466	0.00551960992096485	0.0301579873377122	3.11900560638802e-06	5.08841322347512e-05	NA	"abundance"	685	359
"Faecalibacterium_SGB15315"	"age"	"age"	"age"	-1.50583182580453	0	0.542673192958257	0.00552287014743179	0.0301579873377122	0.0110152382001982	0.0368661410583951	NA	"prevalence"	685	224
"Hungatella_hathewayi"	"reads"	"reads"	"reads"	0.306230549923823	0	0.110253747481272	0.00547776685488967	0.0301579873377122	0.0109255277800628	0.0368661410583951	NA	"prevalence"	685	205
"Phocaeicola_dorei"	"dysbiosis_state"	"dysbiosis_CD"	"dysbiosis_statedysbiosis_CD"	-1.2119745187826	0	0.437742445509615	0.00562816109748396	0.030354132477679	0.0112246459976287	0.0370246822916414	NA	"prevalence"	685	310
"Roseburia_faecis"	"age"	"age"	"age"	0.92494031663474	0	0.334195426760306	0.00564598044244121	0.030354132477679	0.011260083789726	0.0370246822916414	NA	"prevalence"	685	420
"Ruminococcus_bicirculans"	"dysbiosis_state"	"dysbiosis_CD"	"dysbiosis_statedysbiosis_CD"	-1.38766878357243	0	0.501214783675325	0.00562957985855944	0.030354132477679	0.011227467547735	0.0370246822916414	NA	"prevalence"	685	236
"Faecalibacterium_SGB15346"	"reads"	"reads"	"reads"	0.409642948547153	0	0.149842788229321	0.00626045912680301	0.0334919143433895	0.0124817249051277	0.0403575771932461	NA	"prevalence"	685	318
"Enterocloster_bolteae"	"age"	"age"	"age"	0.807755390626487	-0.199122639925785	0.335348890294192	0.00645481040198698	0.0343623730223425	0.00645481040198698	0.0236270418487825	NA	"abundance"	685	423
"Bifidobacterium_longum"	"dysbiosis_state"	"dysbiosis_CD"	"dysbiosis_statedysbiosis_CD"	-1.16847617179713	0	0.432692854787628	0.00692405720219383	0.0366806152272317	0.000760782228659174	0.00398896627999675	NA	"prevalence"	685	348
"Proteus_mirabilis"	"antibiotics"	"Yes"	"antibioticsYes"	3.35763518733724	-0.163407017474692	1.21295208544985	0.00714984763052362	0.0376928860521779	0.0142485749399075	0.0458158597515259	NA	"abundance"	685	44
"Escherichia_coli"	"antibiotics"	"Yes"	"antibioticsYes"	1.27750201169075	-0.163407017474692	0.507859757133769	0.00725727086106289	0.0380743775609386	0.00222668966094402	0.00967114464678673	NA	"abundance"	685	327
"Bacteroides_xylanisolvens"	"reads"	"reads"	"reads"	0.45917981846167	0	0.171172756134953	0.00730627932755295	0.0381178871467149	0.0145591769374937	0.0464891175128792	NA	"prevalence"	685	456
"Clostridium_sp_AM49_4BH"	"dysbiosis_state"	"dysbiosis_CD"	"dysbiosis_statedysbiosis_CD"	-2.38256995631935	0	0.888619194033009	0.00733576281184476	0.0381178871467149	0.0146177122076579	0.0464891175128792	NA	"prevalence"	685	73
"Alistipes_communis"	"reads"	"reads"	"reads"	0.1658753686692	-0.207987406172782	0.133870089469592	0.00767224314842305	0.0395882657421292	0.0080752415886344	0.0283119915938869	NA	"abundance"	685	199
"GGB9713_SGB15249"	"dysbiosis_state"	"dysbiosis_CD"	"dysbiosis_statedysbiosis_CD"	-2.35488984622517	0	0.883740102352694	0.00770602466707556	0.0395882657421292	0.0153526665179815	0.0484364582283686	NA	"prevalence"	685	127
"Ruminococcus_gnavus"	"reads"	"reads"	"reads"	0.302351285462906	0	0.113506990758375	0.00772809607489078	0.0395882657421292	0.0153964686808388	0.0484364582283686	NA	"prevalence"	685	373
"GGB9342_SGB14306"	"antibiotics"	"Yes"	"antibioticsYes"	-2.59269260435726	0	0.981512390310043	0.00825329493390293	0.0420801798038431	0.00825329493390293	0.0287629799492905	NA	"prevalence"	685	35
"Lacrimispora_celerecrescens"	"reads"	"reads"	"reads"	0.370584349505806	0	0.141637690040898	0.00888559626974784	0.0448825932509124	0.0176922387184267	0.0553595856673352	NA	"prevalence"	685	286
"Bacteroides_ovatus"	"antibiotics"	"Yes"	"antibioticsYes"	0.590788743794756	-0.163407017474692	0.2404284183469	0.00912587385240056	0.0458828657579028	0.0181684661312312	0.0565457074244736	NA	"abundance"	685	499
"Clostridium_symbiosum"	"age"	"age"	"age"	-0.950307721989632	0	0.366292908395158	0.00947581301546516	0.0474227324184109	0.0188618349986263	0.0583914253680877	NA	"prevalence"	685	250
"Barnesiella_intestinihominis"	"dysbiosis_state"	"dysbiosis_CD"	"dysbiosis_statedysbiosis_CD"	-2.29501960776572	0	0.88612856735056	0.00959927286427625	0.0478202308743303	0.0191063996890297	0.0588355799947897	NA	"prevalence"	685	161
"Prevotella_sp_885"	"reads"	"reads"	"reads"	0.324382030357302	-0.207987406172782	0.188718584837036	0.0100819827234961	0.049902729567198	0.0200623190713552	0.0609772950214714	NA	"abundance"	685	35
"Bilophila_wadsworthia"	"antibiotics"	"Yes"	"antibioticsYes"	-1.03355804236146	0	0.401838807570731	0.0101092085679407	0.049902729567198	0.0201162210380112	0.0609772950214714	NA	"prevalence"	685	337
"GGB9453_SGB14844"	"dysbiosis_state"	"dysbiosis_CD"	"dysbiosis_statedysbiosis_CD"	1.98206440157939	-0.594461452578271	0.950089548569349	0.0103489478207709	0.0507336210826577	0.0205907949205447	0.0619030967851331	NA	"abundance"	685	76
"Faecalibacterium_prausnitzii"	"reads"	"reads"	"reads"	0.532430228674386	0	0.207720181450066	0.0103709612157919	0.0507336210826577	0.0206343655950444	0.0619030967851331	NA	"prevalence"	685	573
"GGB51647_SGB4348"	"dysbiosis_state"	"dysbiosis_CD"	"dysbiosis_statedysbiosis_CD"	-2.9042678089158	0	1.13924363030491	0.0107941027296343	0.0525667962528377	0.0214716928055306	0.0640847446811222	NA	"prevalence"	685	35
"Blautia_wexlerae"	"dysbiosis_state"	"dysbiosis_CD"	"dysbiosis_statedysbiosis_CD"	0.404409351578243	-0.594461452578271	0.336658483651802	0.0109344180170453	0.0530124016362106	2.79554904720093e-07	7.23376996465098e-06	NA	"abundance"	685	558
"GGB1266_SGB1699"	"age"	"age"	"age"	-5.41558250620332	-0.199122639925785	1.52548148855229	0.0114867352851544	0.0551973208835296	0.0114867352851544	0.0375577524492128	NA	"abundance"	685	29
"Collinsella_aerofaciens"	"dysbiosis_state"	"dysbiosis_CD"	"dysbiosis_statedysbiosis_CD"	-1.15827119016251	0	0.458015178781226	0.0114423039314182	0.0551973208835296	0.0227536815435775	0.0675645033589904	NA	"prevalence"	685	288
"Parasutterella_excrementihominis"	"antibiotics"	"Yes"	"antibioticsYes"	1.15858637820414	0	0.459202208446926	0.0116344562178448	0.0556608786457243	0.0231335518642046	0.0683437928170917	NA	"prevalence"	685	242
"Roseburia_sp_AF02_12"	"antibiotics"	"Yes"	"antibioticsYes"	-2.08706005278346	0	0.828172292548173	0.0117328317065817	0.0558853299708232	0.0233280040733084	0.0685701937912397	NA	"prevalence"	685	100
"Bacteroides_salyersiae"	"dysbiosis_state"	"dysbiosis_CD"	"dysbiosis_statedysbiosis_CD"	-3.4594499630442	-0.594461452578271	1.09257921750514	0.0121376021675777	0.0570624933073133	0.0121376021675777	0.0394641590029621	NA	"abundance"	685	68
"Clostridium_sp_AF20_17LB"	"age"	"age"	"age"	-1.10379933284776	0	0.43972007987989	0.0120651929699286	0.0570624933073133	0.0239848170584556	0.0700001076589512	NA	"prevalence"	685	260
"Lachnospira_pectinoschiza"	"reads"	"reads"	"reads"	0.38413626272522	0	0.153091536773448	0.012100723663628	0.0570624933073133	0.0240550198140726	0.0700001076589512	NA	"prevalence"	685	189
"Bacteroides_thetaiotaomicron"	"reads"	"reads"	"reads"	0.410267710301288	0	0.164016706209957	0.0123711207480268	0.0579096428118842	0.0245891968674914	0.0711985700342288	NA	"prevalence"	685	453
"Alistipes_shahii"	"reads"	"reads"	"reads"	0.0917565876893087	-0.207987406172782	0.114142288911117	0.0128523784792283	0.0584003473993388	0.0255395733258834	0.0714616907483852	NA	"abundance"	685	255
"Parasutterella_SGB9260"	"antibiotics"	"Yes"	"antibioticsYes"	1.36451935587539	-0.163407017474692	0.579526313730136	0.0128140037666351	0.0584003473993388	0.0254638088407388	0.0714616907483852	NA	"abundance"	685	92
"Bacteroides_salyersiae"	"reads"	"reads"	"reads"	0.816956047145852	0	0.327529523032808	0.0126206741378165	0.0584003473993388	0.0250820668599401	0.0714616907483852	NA	"prevalence"	685	68
"Dialister_invisus"	"antibiotics"	"Yes"	"antibioticsYes"	-1.13239075081817	0	0.455115664749928	0.0128413758099684	0.0584003473993388	0.025517850687244	0.0714616907483852	NA	"prevalence"	685	350
"Faecalibacterium_prausnitzii"	"age"	"age"	"age"	-1.03261154648072	0	0.414549697122009	0.0127411581002898	0.0584003473993388	0.025319979090843	0.0714616907483852	NA	"prevalence"	685	573
"Parabacteroides_merdae"	"reads"	"reads"	"reads"	0.45129691731846	0	0.180979397695425	0.0126441789165474	0.0584003473993388	0.0251284825726212	0.0714616907483852	NA	"prevalence"	685	343
"Clostridium_leptum"	"antibiotics"	"Yes"	"antibioticsYes"	-0.95862795365532	0	0.389401943176818	0.0138243462829796	0.0622956019224726	0.0274575800158076	0.0760967217580952	NA	"prevalence"	685	232
"Roseburia_faecis"	"reads"	"reads"	"reads"	0.305338951698931	0	0.123970495483034	0.0137781089661872	0.0622956019224726	0.0273663816456903	0.0760967217580952	NA	"prevalence"	685	420
"Ruminococcus_torques"	"age"	"age"	"age"	-1.04937931406604	0	0.427485958019191	0.014097511227063	0.063264037985911	0.0279962826313289	0.0772219738930495	NA	"prevalence"	685	463
"GGB3278_SGB4328"	"dysbiosis_state"	"dysbiosis_CD"	"dysbiosis_statedysbiosis_CD"	-2.72533140410051	0	1.11830473735522	0.0148088458839535	0.0661827433332244	0.0293983898514924	0.0807069004413612	NA	"prevalence"	685	53
"Enterocloster_clostridioformis"	"reads"	"reads"	"reads"	0.347077067822302	0	0.142753197806555	0.0150443974722992	0.0669599002250695	0.0298624610492939	0.0815960203318735	NA	"prevalence"	685	183
"Bacteroides_ovatus"	"reads"	"reads"	"reads"	0.433609715003568	0	0.179828651293079	0.0158984608923993	0.0704723613434517	1.54117859477265e-05	0.000174292145556732	NA	"prevalence"	685	499
"Phocaeicola_sartorii"	"antibiotics"	"Yes"	"antibioticsYes"	1.02102760787292	0	0.423910467404262	0.0160141638951641	0.0706966747567002	0.0317718743450671	0.0860057249712979	NA	"prevalence"	685	205
"Lacrimispora_amygdalina"	"dysbiosis_state"	"dysbiosis_CD"	"dysbiosis_statedysbiosis_CD"	0.600932377145914	-0.594461452578271	0.452608518013869	0.0161909403136005	0.0711876970873286	0.00257623431394795	0.0108506768082723	NA	"abundance"	685	338
"Parabacteroides_distasonis"	"reads"	"reads"	"reads"	-0.0159233556601118	-0.207987406172782	0.0725027053193459	0.0175571026883204	0.0768831190303064	0.0348059535218326	0.0937827081004935	NA	"abundance"	685	484
"Roseburia_hominis"	"dysbiosis_state"	"dysbiosis_CD"	"dysbiosis_statedysbiosis_CD"	0.807867297012575	-0.594461452578271	0.557318857718362	0.0184258170459232	0.0803632020557132	2.85870634341877e-07	7.23376996465098e-06	NA	"abundance"	685	351
"Ruminococcus_torques"	"dysbiosis_state"	"dysbiosis_CD"	"dysbiosis_statedysbiosis_CD"	-0.929099249443678	0	0.39444939769053	0.0185011177836012	0.0803688556519637	0.0366599442079597	0.0983229840047584	NA	"prevalence"	685	463
"Tyzzerella_nexilis"	"dysbiosis_state"	"dysbiosis_CD"	"dysbiosis_statedysbiosis_CD"	0.987519768679187	-0.594461452578271	0.6324198019249	0.0189480618625307	0.0817232573628429	0.0375370946767152	0.0998361331362957	NA	"abundance"	685	92
"GGB9453_SGB14844"	"reads"	"reads"	"reads"	0.644624069372293	0	0.27474659674568	0.018963407785853	0.0817232573628429	0.0375672047368535	0.0998361331362957	NA	"prevalence"	685	76
"Acidaminococcus_intestini"	"age"	"age"	"age"	1.1746721915224	-0.199122639925785	0.507280429628395	0.0194043753401925	0.083293089404937	0.038432220898042	0.101670693466638	NA	"abundance"	685	110
"Ruminococcus_sp_BSD2780120874_150323_B10"	"reads"	"reads"	"reads"	0.606106754004626	0	0.260203615827728	0.0198402342697759	0.0848287181770731	0.0198402342697759	0.0607737702368924	NA	"prevalence"	685	49
"Waltera_intestinalis"	"reads"	"reads"	"reads"	0.325457997399293	0	0.139868137367166	0.0199710340868191	0.0850531098756298	0.0395432259711414	0.103667376194614	NA	"prevalence"	685	176
"Coprococcus_eutactus"	"antibiotics"	"Yes"	"antibioticsYes"	-2.17558541975544	0	0.939610852652295	0.0205904433612783	0.087348521446673	0.0407569203647427	0.105895212733394	NA	"prevalence"	685	36
"Bacteroides_intestinalis"	"dysbiosis_state"	"dysbiosis_CD"	"dysbiosis_statedysbiosis_CD"	-2.48005923320249	0	1.07556986490179	0.0211212780878225	0.0892517821143007	0.041796447787582	0.108113478277212	NA	"prevalence"	685	82
"GGB9480_SGB14874"	"reads"	"reads"	"reads"	0.392331286309371	0	0.170422061941936	0.0213286542581303	0.0897787539702694	0.0422023970237977	0.10868050914978	NA	"prevalence"	685	162
"Dysosmobacter_welbionis"	"age"	"age"	"age"	0.375186884098534	-0.199122639925785	0.219800405015166	0.0229722287801607	0.0963237083214461	0.0454167342651934	0.116442904591817	NA	"abundance"	685	524
"Oscillibacter_sp_ER4"	"dysbiosis_state"	"dysbiosis_CD"	"dysbiosis_statedysbiosis_CD"	-2.49601782564655	-0.594461452578271	0.80492172165747	0.0231464574646013	0.0966809723329114	0.000636498784854276	0.00352802183604941	NA	"abundance"	685	190
"Alistipes_onderdonkii"	"antibiotics"	"Yes"	"antibioticsYes"	-1.09436480028134	-0.163407017474692	0.381251893977096	0.0247886410585304	0.102616570083641	0.0247886410585304	0.0714207380993302	NA	"abundance"	685	348
"Lacrimispora_celerecrescens"	"dysbiosis_state"	"dysbiosis_CD"	"dysbiosis_statedysbiosis_CD"	0.962402143843828	-0.594461452578271	0.686608392120296	0.0290998582652773	0.116614192162698	0.00499847116321069	0.0190771407737767	NA	"abundance"	685	286
"Lacrimispora_amygdalina"	"reads"	"reads"	"reads"	0.0539635828782831	-0.207987406172782	0.114591308157299	0.0299985390930988	0.118874270860806	0.000522459866268569	0.0031674129392532	NA	"abundance"	685	338
"Roseburia_sp_AF02_12"	"dysbiosis_state"	"dysbiosis_CD"	"dysbiosis_statedysbiosis_CD"	-2.95082545663954	-0.594461452578271	1.06178891775844	0.0316747948502991	0.122852954312231	0.0316747948502991	0.0860057249712979	NA	"abundance"	685	100
"Parabacteroides_distasonis"	"reads"	"reads"	"reads"	0.354214418098939	0	0.16563675277327	0.032476075324664	0.124625504602774	0.0348059535218326	0.0937827081004935	NA	"prevalence"	685	484
"Clostridium_symbiosum"	"dysbiosis_state"	"dysbiosis_CD"	"dysbiosis_statedysbiosis_CD"	-0.829459762734021	0	0.394146778155408	0.0353397478753772	0.13466303927249	1.10764176353768e-05	0.000131895162233029	NA	"prevalence"	685	250
"Faecalibacterium_SGB15315"	"age"	"age"	"age"	-1.36547379030742	-0.199122639925785	0.527345013597675	0.0368521475224052	0.138482464392152	0.0110152382001982	0.0368661410583951	NA	"abundance"	685	224
"Clostridium_leptum"	"reads"	"reads"	"reads"	-0.618130212531006	-0.207987406172782	0.192492040975358	0.0372257253985777	0.139403923389156	4.86290385086912e-05	0.000430570366365894	NA	"abundance"	685	232
"Ruthenibacterium_lactatiformans"	"reads"	"reads"	"reads"	-0.515251436250632	-0.207987406172782	0.143809609435857	0.0385744813080501	0.143036016107446	1.53129357488855e-07	4.45606430292567e-06	NA	"abundance"	685	336
"Clostridium_sp_AF34_10BH"	"antibiotics"	"Yes"	"antibioticsYes"	-1.17329647314195	-0.163407017474692	0.463269258332841	0.0401444233348147	0.146298133361103	0.00134203046386178	0.00650884774972965	NA	"abundance"	685	377
"Parabacteroides_merdae"	"reads"	"reads"	"reads"	-0.019020190379034	-0.207987406172782	0.0871043687936835	0.0453440652437351	0.16198570675887	0.0251284825726212	0.0714616907483852	NA	"abundance"	685	343
"Roseburia_intestinalis"	"dysbiosis_state"	"dysbiosis_CD"	"dysbiosis_statedysbiosis_CD"	0.465724955551278	-0.594461452578271	0.496348818677005	0.0479845826328927	0.168100828191359	0.00408262506426507	0.0159468979020287	NA	"abundance"	685	319
"Clostridium_sp_AF34_10BH"	"dysbiosis_state"	"dysbiosis_CD"	"dysbiosis_statedysbiosis_CD"	0.682944074598363	-0.594461452578271	0.623595617218637	0.051248381556029	0.175200693206021	2.37577764240717e-09	1.49630298384909e-07	NA	"abundance"	685	377
"Coprococcus_comes"	"dysbiosis_state"	"dysbiosis_CD"	"dysbiosis_statedysbiosis_CD"	-1.78556724972306	-0.594461452578271	0.577401175618455	0.0513018604415422	0.175200693206021	2.49682298114391e-05	0.000255758435679326	NA	"abundance"	685	320
"Hungatella_hathewayi"	"reads"	"reads"	"reads"	-0.654049598557846	-0.207987406172782	0.229239438456071	0.0557238181556738	0.187356243086879	0.0109255277800628	0.0368661410583951	NA	"abundance"	685	205
"Faecalibacterium_prausnitzii"	"age"	"age"	"age"	-0.70134678626129	-0.199122639925785	0.237289862889281	0.0579669035312742	0.193104470045901	0.025319979090843	0.0714616907483852	NA	"abundance"	685	573
"Bacteroides_xylanisolvens"	"reads"	"reads"	"reads"	-0.0201527607607634	-0.207987406172782	0.0938233847430392	0.0619161039709524	0.203243464184553	0.0145591769374937	0.0464891175128792	NA	"abundance"	685	456
"Clostridium_sp_AT4"	"reads"	"reads"	"reads"	-0.489256150176384	-0.207987406172782	0.145934397660148	0.0619462123803749	0.203243464184553	2.66151953664794e-05	0.000267069719022259	NA	"abundance"	685	229
"Dialister_invisus"	"antibiotics"	"Yes"	"antibioticsYes"	-1.09392906125539	-0.163407017474692	0.475837374821955	0.0638099731891956	0.208100993644043	0.025517850687244	0.0714616907483852	NA	"abundance"	685	350
"Ruminococcus_bicirculans"	"reads"	"reads"	"reads"	-0.532012900719203	-0.207987406172782	0.174058650657864	0.0688736253615525	0.219990462184253	0.00500941432662384	0.0190771407737767	NA	"abundance"	685	236
"Veillonella_parvula"	"reads"	"reads"	"reads"	-0.534946250188534	-0.207987406172782	0.175362959371958	0.0688142134858598	0.219990462184253	0.00726464897078005	0.025780644518256	NA	"abundance"	685	233
"Clostridiaceae_bacterium"	"dysbiosis_state"	"dysbiosis_CD"	"dysbiosis_statedysbiosis_CD"	0.225210021423914	-0.594461452578271	0.409481178770446	0.0727356478334438	0.226985383756092	1.08400704610446e-05	0.000131895162233029	NA	"abundance"	685	465
"Ruthenibacterium_lactatiformans"	"dysbiosis_state"	"dysbiosis_CD"	"dysbiosis_statedysbiosis_CD"	0.533286830053039	-0.594461452578271	0.596159366179774	0.072578357592945	0.226985383756092	1.54152721865812e-05	0.000174292145556732	NA	"abundance"	685	336
"Parabacteroides_merdae"	"dysbiosis_state"	"dysbiosis_CD"	"dysbiosis_statedysbiosis_CD"	-1.35140582658288	-0.594461452578271	0.372301438011165	0.0739910540643221	0.228279217937085	4.88275673198437e-05	0.000430570366365894	NA	"abundance"	685	343
"Blautia_obeum"	"dysbiosis_state"	"dysbiosis_CD"	"dysbiosis_statedysbiosis_CD"	0.389831825550788	-0.594461452578271	0.517280370015296	0.0747761814248151	0.228751924020702	7.01579749640501e-06	9.07376476201715e-05	NA	"abundance"	685	378
"Bilophila_wadsworthia"	"dysbiosis_state"	"dysbiosis_CD"	"dysbiosis_statedysbiosis_CD"	-1.73557122430706	-0.594461452578271	0.61173299895788	0.0767328718098582	0.23277066699862	5.33815827339844e-06	7.22513515143695e-05	NA	"abundance"	685	337
"Eubacterium_siraeum"	"reads"	"reads"	"reads"	0.267265784721628	0	0.153258422915749	0.0811783255151142	0.242864081293151	0.0110218359865305	0.0368661410583951	NA	"prevalence"	685	229
"Parabacteroides_distasonis"	"dysbiosis_state"	"dysbiosis_CD"	"dysbiosis_statedysbiosis_CD"	-1.22236805625833	-0.594461452578271	0.302208490985044	0.0840677916923689	0.249176233150661	1.6110454771437e-09	1.17203558462204e-07	NA	"abundance"	685	484
"Clostridium_fessum"	"dysbiosis_state"	"dysbiosis_CD"	"dysbiosis_statedysbiosis_CD"	-1.54553490619558	-0.594461452578271	0.525775204913062	0.0905924571961018	0.263762489316264	2.57096732620118e-09	1.49630298384909e-07	NA	"abundance"	685	391
"Flavonifractor_plautii"	"dysbiosis_state"	"dysbiosis_CD"	"dysbiosis_statedysbiosis_CD"	-0.00534662538460145	-0.594461452578271	0.283877808948465	0.0918353057975168	0.2652477183407	3.55148228206747e-06	5.16740672040818e-05	NA	"abundance"	685	559
"Ruminococcus_gnavus"	"reads"	"reads"	"reads"	-0.433417282823836	-0.207987406172782	0.131848232903381	0.09890968631597	0.279002387893879	0.0153964686808388	0.0484364582283686	NA	"abundance"	685	373
"Faecalibacterium_SGB15315"	"reads"	"reads"	"reads"	0.0551145086344876	-0.207987406172782	0.156726429169181	0.102942006499685	0.287390794495266	0.00563585943845891	0.020892166835561	NA	"abundance"	685	224
"Bacteroides_caccae"	"reads"	"reads"	"reads"	-0.0593383010630398	-0.207987406172782	0.0857188554713686	0.109537306868095	0.299783586953629	0.00186283280998586	0.00847006793290446	NA	"abundance"	685	408
"Ruminococcus_bicirculans"	"antibiotics"	"Yes"	"antibioticsYes"	-1.23581581868856	-0.163407017474692	0.654314028249187	0.111922160049541	0.303868664534505	0.000209341049561696	0.00140041943499893	NA	"abundance"	685	236
"Dysosmobacter_welbionis"	"dysbiosis_state"	"dysbiosis_CD"	"dysbiosis_statedysbiosis_CD"	-0.025948231376278	-0.594461452578271	0.301483146927311	0.114587534062775	0.309557368139736	7.48694263934264e-10	8.13262109127447e-08	NA	"abundance"	685	524
"Clostridium_leptum"	"antibiotics"	"Yes"	"antibioticsYes"	0.73323723790368	-0.163407017474692	0.556154942395677	0.120758493209463	0.316534837403918	0.0274575800158076	0.0760967217580952	NA	"abundance"	685	232
"Ruminococcus_torques"	"age"	"age"	"age"	-0.743457521670248	-0.199122639925785	0.338968572112649	0.130802783315949	0.332892896819826	0.0279962826313289	0.0772219738930495	NA	"abundance"	685	463
"Bacteroides_ovatus"	"dysbiosis_state"	"dysbiosis_CD"	"dysbiosis_statedysbiosis_CD"	-1.16432737741434	-0.594461452578271	0.331079556836354	0.140164338636091	0.345251546201326	7.85936303084896e-07	1.69412936442744e-05	NA	"abundance"	685	499
"Roseburia_inulinivorans"	"dysbiosis_state"	"dysbiosis_CD"	"dysbiosis_statedysbiosis_CD"	0.181495795242786	-0.594461452578271	0.488971597780206	0.139724146003086	0.345251546201326	9.70901876232058e-08	3.32391112921799e-06	NA	"abundance"	685	349
"Bifidobacterium_longum"	"reads"	"reads"	"reads"	-0.402864730595558	-0.207987406172782	0.131980990860706	0.152740060127989	0.368612678442213	0.000849566101910688	0.00437564133904443	NA	"abundance"	685	348
"GGB16040_SGB9347"	"reads"	"reads"	"reads"	-0.619757835431737	-0.207987406172782	0.280128528824278	0.152441135037539	0.368612678442213	0.00720946568198512	0.025780644518256	NA	"abundance"	685	42
"Bilophila_wadsworthia"	"antibiotics"	"Yes"	"antibioticsYes"	-0.764363834027206	-0.163407017474692	0.390991431844843	0.155062286352382	0.371450447256971	0.0201162210380112	0.0609772950214714	NA	"abundance"	685	337
"Lacrimispora_amygdalina"	"age"	"age"	"age"	-0.736215914213254	-0.199122639925785	0.35927568203361	0.155667301507918	0.371450447256971	0.00173048426492533	0.00805713473749235	NA	"abundance"	685	338
"Fusicatenibacter_saccharivorans"	"dysbiosis_state"	"dysbiosis_CD"	"dysbiosis_statedysbiosis_CD"	0.014137106608888	-0.594461452578271	0.38201042315861	0.158649636875452	0.376186693551835	1.02547422789531e-09	8.52608572335811e-08	NA	"abundance"	685	484
"GGB9713_SGB15249"	"dysbiosis_state"	"dysbiosis_CD"	"dysbiosis_statedysbiosis_CD"	-2.34195860521868	-0.594461452578271	1.25547947989301	0.170315458359607	0.395219204654986	0.0153526665179815	0.0484364582283686	NA	"abundance"	685	127
"GGB3746_SGB5089"	"dysbiosis_state"	"dysbiosis_CD"	"dysbiosis_statedysbiosis_CD"	0.237899451661077	-0.594461452578271	0.581282613796431	0.173766869583759	0.398124093603295	0.00010983119011852	0.000863807468229441	NA	"abundance"	685	242
"Prevotella_sp_885"	"reads"	"reads"	"reads"	0.503870690478925	0	0.370247055467686	0.173544036374513	0.398124093603295	0.0200623190713552	0.0609772950214714	NA	"prevalence"	685	35
"GGB9480_SGB14874"	"antibiotics"	"Yes"	"antibioticsYes"	-0.883429644246735	-0.163407017474692	0.513408806498044	0.180539564724654	0.411466524133628	0.00318022383875439	0.0130344385503877	NA	"abundance"	685	162
"Clostridiales_bacterium"	"reads"	"reads"	"reads"	-0.0773055687361066	-0.207987406172782	0.0943771511826227	0.193338837581657	0.429901471657761	1.86644975355448e-06	3.29173865626882e-05	NA	"abundance"	685	407
"Clostridium_sp_AF20_17LB"	"dysbiosis_state"	"dysbiosis_CD"	"dysbiosis_statedysbiosis_CD"	0.489560128570215	-0.594461452578271	0.831741918303219	0.202383505534041	0.438699574870198	0.000126158674341593	0.000949822721113447	NA	"abundance"	685	260
"Parasutterella_excrementihominis"	"dysbiosis_state"	"dysbiosis_CD"	"dysbiosis_statedysbiosis_CD"	-1.36484413177516	-0.594461452578271	0.575281084370133	0.204135172207231	0.440928865662472	0.000612269965468591	0.0034831880087388	NA	"abundance"	685	242
"Roseburia_intestinalis"	"antibiotics"	"Yes"	"antibioticsYes"	-0.868090845142118	-0.163407017474692	0.537318090169877	0.207524698218096	0.446180141953836	0.00405744289695949	0.0159468979020287	NA	"abundance"	685	319
"Collinsella_aerofaciens"	"dysbiosis_state"	"dysbiosis_CD"	"dysbiosis_statedysbiosis_CD"	0.0828892959835406	-0.594461452578271	0.517308102758071	0.217461136919023	0.459460690066262	0.0227536815435775	0.0675645033589904	NA	"abundance"	685	288
"Ruminococcus_torques"	"reads"	"reads"	"reads"	-0.337357714577296	-0.207987406172782	0.104816702063463	0.240370766043422	0.496278805937559	4.29472548990438e-05	0.000390551599238179	NA	"abundance"	685	463
"Enterocloster_clostridioformis"	"reads"	"reads"	"reads"	-0.441282340630992	-0.207987406172782	0.196942187839751	0.243603131188216	0.501047349375763	0.0298624610492939	0.0815960203318735	NA	"abundance"	685	183
"Ruminococcus_bicirculans"	"dysbiosis_state"	"dysbiosis_CD"	"dysbiosis_statedysbiosis_CD"	0.108665585509158	-0.594461452578271	0.581177920462594	0.24842179925189	0.507116680427729	0.011227467547735	0.0370246822916414	NA	"abundance"	685	236
"Clostridium_sp_AF36_4"	"antibiotics"	"Yes"	"antibioticsYes"	-0.802113058360938	-0.163407017474692	0.532046683074962	0.249887039289533	0.50915070294265	0.00329429479181582	0.0133144414502556	NA	"abundance"	685	198
"Bacteroides_ovatus"	"antibiotics"	"Yes"	"antibioticsYes"	0.629542008268384	0	0.554488923144889	0.256226427280396	0.518178584779349	0.0181684661312312	0.0565457074244736	NA	"prevalence"	685	499
"Eubacterium_rectale"	"antibiotics"	"Yes"	"antibioticsYes"	-0.59139860302154	-0.163407017474692	0.349576262386981	0.26164097338281	0.52040677123394	3.50597652584004e-05	0.000334504645580148	NA	"abundance"	685	514
"GGB51647_SGB4348"	"dysbiosis_state"	"dysbiosis_CD"	"dysbiosis_statedysbiosis_CD"	-2.00696702176332	-0.594461452578271	1.21888905631275	0.266001249551475	0.526353498970433	0.0214716928055306	0.0640847446811222	NA	"abundance"	685	35
"Lachnospira_eligens"	"dysbiosis_state"	"dysbiosis_CD"	"dysbiosis_statedysbiosis_CD"	0.0597745161978021	-0.594461452578271	0.563640759483467	0.26802346678697	0.526353498970433	1.96537733231302e-05	0.000211824001371515	NA	"abundance"	685	355
"Haemophilus_parainfluenzae"	"age"	"age"	"age"	-0.492196809897514	-0.199122639925785	0.250117064111788	0.285860584981626	0.552162849725486	0.000546122261073301	0.0032767335664398	NA	"abundance"	685	276
"Blautia_faecis"	"dysbiosis_state"	"dysbiosis_CD"	"dysbiosis_statedysbiosis_CD"	-0.00898408483038298	-0.594461452578271	0.515695576406652	0.29245324987607	0.559405560727783	2.9913674172725e-10	4.35243959213149e-08	NA	"abundance"	685	469
"Blautia_faecis"	"reads"	"reads"	"reads"	-0.0888291440514446	-0.207987406172782	0.108359947030558	0.291570380152475	0.559405560727783	4.96512472280328e-07	1.2040427452798e-05	NA	"abundance"	685	469
"Alistipes_putredinis"	"dysbiosis_state"	"dysbiosis_CD"	"dysbiosis_statedysbiosis_CD"	-1.08329693706095	-0.594461452578271	0.432758514433593	0.301706385828783	0.570094458968619	0.000917922891038253	0.00464548802247185	NA	"abundance"	685	376
"Clostridium_sp_AM22_11AC"	"reads"	"reads"	"reads"	-0.356549242429671	-0.207987406172782	0.141986200962208	0.30878451315089	0.581130220380409	3.30488093168084e-06	5.08841322347512e-05	NA	"abundance"	685	285
"Anaerostipes_hadrus"	"dysbiosis_state"	"dysbiosis_CD"	"dysbiosis_statedysbiosis_CD"	-0.15191919483354	-0.594461452578271	0.400069152739835	0.312896903132472	0.583859169762653	7.3947909984943e-08	2.6898552257023e-06	NA	"abundance"	685	468
"Bacteroides_thetaiotaomicron"	"reads"	"reads"	"reads"	-0.110321226852651	-0.207987406172782	0.0918365743333201	0.317624500694511	0.590651040675067	0.0245891968674914	0.0711985700342288	NA	"abundance"	685	453
"Clostridium_sp_AM22_11AC"	"dysbiosis_state"	"dysbiosis_CD"	"dysbiosis_statedysbiosis_CD"	-1.20218980675148	-0.594461452578271	0.594930643452307	0.328066632495977	0.600810055464807	8.17376712111971e-05	0.00066071284229051	NA	"abundance"	685	285
"Bacteroides_eggerthii"	"reads"	"reads"	"reads"	-0.0103067926568221	-0.207987406172782	0.204368493674557	0.343112392127396	0.608269347672191	1.10988044972681e-10	2.15316807247002e-08	NA	"abundance"	685	119
"Clostridium_symbiosum"	"age"	"age"	"age"	-0.545979250573439	-0.199122639925785	0.353650345908245	0.34768650686984	0.611973332999426	0.0188618349986263	0.0583914253680877	NA	"abundance"	685	250
"Faecalibacterium_prausnitzii"	"reads"	"reads"	"reads"	-0.139814571492776	-0.207987406172782	0.063892834272298	0.3471482201538	0.611973332999426	0.0206343655950444	0.0619030967851331	NA	"abundance"	685	573
"Akkermansia_muciniphila"	"dysbiosis_state"	"dysbiosis_CD"	"dysbiosis_statedysbiosis_CD"	-1.24830922832752	-0.594461452578271	0.677420094191236	0.351899854932572	0.616392326543183	0.00501512463640521	0.0190771407737767	NA	"abundance"	685	170
"Clostridium_sp_AM49_4BH"	"dysbiosis_state"	"dysbiosis_CD"	"dysbiosis_statedysbiosis_CD"	1.38617848874602	-0.594461452578271	2.13040561895541	0.355877333040275	0.618661137195308	0.0146177122076579	0.0464891175128792	NA	"abundance"	685	73
"Bilophila_wadsworthia"	"reads"	"reads"	"reads"	-0.111733493112393	-0.207987406172782	0.104509350611257	0.379091478909177	0.638284257512195	9.29921991885586e-05	0.000741389862023851	NA	"abundance"	685	337
"Phocaeicola_dorei"	"dysbiosis_state"	"dysbiosis_CD"	"dysbiosis_statedysbiosis_CD"	0.0356414632371936	-0.594461452578271	0.6874194831769	0.378980886349297	0.638284257512195	0.0112246459976287	0.0370246822916414	NA	"abundance"	685	310
"Candidatus_Cibionibacter_quicibialis"	"dysbiosis_state"	"dysbiosis_CD"	"dysbiosis_statedysbiosis_CD"	-0.0781957590788347	-0.594461452578271	0.566171831867644	0.383310020460568	0.642399200957063	5.17369586917624e-06	7.1692642758585e-05	NA	"abundance"	685	407
"Parasutterella_excrementihominis"	"reads"	"reads"	"reads"	-0.31245184219325	-0.207987406172782	0.116272714611355	0.38649631517687	0.643765334788468	0.0034183039749842	0.0137203649202814	NA	"abundance"	685	242
"Bacteroides_intestinalis"	"reads"	"reads"	"reads"	-0.472316243981039	-0.207987406172782	0.308463581136716	0.395656014759389	0.656003713020911	0.0104938873587028	0.0359261320162649	NA	"abundance"	685	82
"Proteus_mirabilis"	"antibiotics"	"Yes"	"antibioticsYes"	-0.609326550203762	0	0.727696597789938	0.402403735396917	0.665160512391252	0.0142485749399075	0.0458158597515259	NA	"prevalence"	685	44
"GGB3746_SGB5089"	"antibiotics"	"Yes"	"antibioticsYes"	-0.765145027484136	-0.163407017474692	0.711539724766802	0.407378087655049	0.67032212605058	0.00074995416637144	0.00398144136784643	NA	"abundance"	685	242
"GGB9453_SGB14844"	"reads"	"reads"	"reads"	-0.439506243158461	-0.207987406172782	0.286417810825951	0.422989798022854	0.684848871838906	0.0375672047368535	0.0998361331362957	NA	"abundance"	685	76
"Lachnospira_pectinoschiza"	"reads"	"reads"	"reads"	-0.355723073155573	-0.207987406172782	0.188700417191068	0.439581881275843	0.699045242492137	0.0240550198140726	0.0700001076589512	NA	"abundance"	685	189
"Enterocloster_bolteae"	"reads"	"reads"	"reads"	-0.114314319048018	-0.207987406172782	0.11817957629653	0.442913265929723	0.701171730028687	2.92026376333587e-05	0.000288066696654488	NA	"abundance"	685	423
"Faecalibacterium_SGB15315"	"dysbiosis_state"	"dysbiosis_CD"	"dysbiosis_statedysbiosis_CD"	-1.40917629689927	-0.594461452578271	1.04809019155705	0.442522183883681	0.701171730028687	0.000272540529875318	0.0017822313301959	NA	"abundance"	685	224
"Clostridiales_bacterium"	"dysbiosis_state"	"dysbiosis_CD"	"dysbiosis_statedysbiosis_CD"	-1.03524518570577	-0.594461452578271	0.572396271199823	0.462704432665368	0.714832948712396	1.26588606241296e-08	5.66727452557187e-07	NA	"abundance"	685	407
"Clostridium_sp_AF20_17LB"	"age"	"age"	"age"	0.225058124759829	-0.199122639925785	0.565368970689583	0.462732562564286	0.714832948712396	0.0239848170584556	0.0700001076589512	NA	"abundance"	685	260
"Roseburia_hominis"	"antibiotics"	"Yes"	"antibioticsYes"	-0.529628741021489	-0.163407017474692	0.47661405063317	0.462126078181552	0.714832948712396	0.000663460058923178	0.00357927942413459	NA	"abundance"	685	351
"Coprococcus_comes"	"reads"	"reads"	"reads"	-0.292722159882949	-0.207987406172782	0.111643545068472	0.465239404827242	0.717684650060206	0.000147802333205064	0.00106198713488083	NA	"abundance"	685	320
"Roseburia_sp_AF02_12"	"antibiotics"	"Yes"	"antibioticsYes"	1.05867012072085	-0.163407017474692	1.70282557853445	0.474651270425535	0.725074798341526	0.0233280040733084	0.0685701937912397	NA	"abundance"	685	100
"Phascolarctobacterium_faecium"	"dysbiosis_state"	"dysbiosis_CD"	"dysbiosis_statedysbiosis_CD"	-1.04715759646958	-0.594461452578271	0.617417911847511	0.480180414189747	0.726289595835745	0.00725335985537287	0.025780644518256	NA	"abundance"	685	209
"Prevotella_copri_clade_A"	"reads"	"reads"	"reads"	-0.0305932990662865	-0.207987406172782	0.248719434820778	0.479888386728522	0.726289595835745	0.000118469122652944	0.000907224070842279	NA	"abundance"	685	111
"Blautia_wexlerae"	"reads"	"reads"	"reads"	-0.141220002647274	-0.207987406172782	0.0892633664001967	0.481747282247578	0.72764610364516	6.42761765888114e-05	0.000542155576444757	NA	"abundance"	685	558
"Clostridium_sp_AF36_4"	"dysbiosis_state"	"dysbiosis_CD"	"dysbiosis_statedysbiosis_CD"	-0.148014123123996	-0.594461452578271	0.622713512501238	0.488851890291192	0.730058657858212	7.11281544042367e-05	0.000591379798046654	NA	"abundance"	685	198
"Eubacterium_siraeum"	"dysbiosis_state"	"dysbiosis_CD"	"dysbiosis_statedysbiosis_CD"	-1.34978881787966	-0.594461452578271	1.08439195998466	0.489394754070698	0.730058657858212	1.82539283545224e-06	3.29173865626882e-05	NA	"abundance"	685	229
"Roseburia_faecis"	"antibiotics"	"Yes"	"antibioticsYes"	-0.4570382279587	-0.163407017474692	0.432738626247907	0.520787267342059	0.762717939445691	0.00141387819032219	0.00674489431776653	NA	"abundance"	685	420
"Clostridium_fessum"	"reads"	"reads"	"reads"	-0.141487459172034	-0.207987406172782	0.0998536836257456	0.524565581426419	0.764668753596095	6.16623472720312e-05	0.00052775714871062	NA	"abundance"	685	391
"Bacteroides_finegoldii"	"dysbiosis_state"	"dysbiosis_CD"	"dysbiosis_statedysbiosis_CD"	-1.15063240032706	-0.594461452578271	0.864275561517035	0.527692429968129	0.765392421736374	0.00303690976704606	0.0125353296767433	NA	"abundance"	685	97
"Bacteroides_salyersiae"	"reads"	"reads"	"reads"	-0.0207146485677581	-0.207987406172782	0.306556446526424	0.543941720413797	0.77480347842337	0.0250820668599401	0.0714616907483852	NA	"abundance"	685	68
"Lachnospira_pectinoschiza"	"dysbiosis_state"	"dysbiosis_CD"	"dysbiosis_statedysbiosis_CD"	-0.167992217553325	-0.594461452578271	0.686150527798118	0.545073533623807	0.77480347842337	0.000217789512611623	0.00144038064022687	NA	"abundance"	685	189
"Enterocloster_bolteae"	"antibiotics"	"Yes"	"antibioticsYes"	-0.205790910390702	0	0.337564667623573	0.542104260594862	0.77480347842337	0.000560761374084011	0.00331574221409718	NA	"prevalence"	685	423
"Clostridium_sp_AF20_17LB"	"reads"	"reads"	"reads"	-0.122505688891633	-0.207987406172782	0.139347797248748	0.54875532671067	0.77698602973636	0.00238468723656284	0.010205058615291	NA	"abundance"	685	260
"Veillonella_parvula"	"age"	"age"	"age"	0.122018894005131	-0.199122639925785	0.544451385165425	0.562439631735587	0.787670729509121	0.00922531206264307	0.0317700095885105	NA	"abundance"	685	233
"Roseburia_sp_AF02_12"	"reads"	"reads"	"reads"	-0.431232422517491	-0.207987406172782	0.386762756429888	0.565213223969175	0.788019578984647	0.000130232082637966	0.000959431292345521	NA	"abundance"	685	100
"Dialister_invisus"	"dysbiosis_state"	"dysbiosis_CD"	"dysbiosis_statedysbiosis_CD"	-0.35758091777889	-0.594461452578271	0.375578159859369	0.567564988788687	0.789213287867495	0.000799692800317091	0.00415554651593346	NA	"abundance"	685	350
"Enterocloster_clostridioformis"	"dysbiosis_state"	"dysbiosis_CD"	"dysbiosis_statedysbiosis_CD"	-0.249279273965009	0	0.453745308403572	0.582743673587565	0.802103459462732	0.00453427123393731	0.0175929723876768	NA	"prevalence"	685	183
"Candidatus_Cibionibacter_quicibialis"	"reads"	"reads"	"reads"	-0.271677246285571	-0.207987406172782	0.111825490262655	0.583887178676068	0.802660096255961	2.2759851897527e-05	0.00024084061462474	NA	"abundance"	685	407
"Ruminococcus_lactaris"	"dysbiosis_state"	"dysbiosis_CD"	"dysbiosis_statedysbiosis_CD"	0.0804795201225486	-0.594461452578271	1.23245857934636	0.586289566228944	0.803927359753325	0.00197113291106755	0.00882373508046432	NA	"abundance"	685	96
"Roseburia_faecis"	"dysbiosis_state"	"dysbiosis_CD"	"dysbiosis_statedysbiosis_CD"	-0.830138587477953	-0.594461452578271	0.400389924851339	0.592328510388928	0.808126585781879	0.000155200396969671	0.00107531703614701	NA	"abundance"	685	420
"Anaerostipes_hadrus"	"reads"	"reads"	"reads"	-0.262938757448067	-0.207987406172782	0.0986163155228234	0.593961682122148	0.809338000984508	0.00259049962166786	0.0108506768082723	NA	"abundance"	685	468
"Ruminococcus_bromii"	"antibiotics"	"Yes"	"antibioticsYes"	0.162672964328076	-0.163407017474692	0.635274574647807	0.61595986699852	0.830971944795519	0.00215701278057663	0.00943895818267367	NA	"abundance"	685	164
"GGB9708_SGB15234"	"dysbiosis_state"	"dysbiosis_CD"	"dysbiosis_statedysbiosis_CD"	-1.39219116215527	-0.594461452578271	1.60065737767071	0.619344826087176	0.83243623902311	0.00184566815396452	0.00845810130399489	NA	"abundance"	685	119
"Eubacterium_ventriosum"	"dysbiosis_state"	"dysbiosis_CD"	"dysbiosis_statedysbiosis_CD"	-1.13338316675837	-0.594461452578271	1.09080383953914	0.624208171250874	0.83690132589932	0.000137410453438538	0.000999661048765361	NA	"abundance"	685	168
"Waltera_intestinalis"	"dysbiosis_state"	"dysbiosis_CD"	"dysbiosis_statedysbiosis_CD"	-1.05433134669184	-0.594461452578271	0.960081518717647	0.635349719223651	0.844766167193359	0.000370172848690211	0.00239378442153003	NA	"abundance"	685	176
"Roseburia_faecis"	"reads"	"reads"	"reads"	-0.261499950110176	-0.207987406172782	0.11171456461746	0.644068972939285	0.848857893946679	0.0273663816456903	0.0760967217580952	NA	"abundance"	685	420
"Bifidobacterium_longum"	"antibiotics"	"Yes"	"antibioticsYes"	-0.182201821403567	0	0.403835825725306	0.651861297848896	0.854977499352537	0.000127295828602833	0.000949822721113447	NA	"prevalence"	685	348
"Roseburia_hominis"	"reads"	"reads"	"reads"	-0.269677937787414	-0.207987406172782	0.138719995313397	0.66273713848292	0.860924081809151	0.00109231939730773	0.0054335887968641	NA	"abundance"	685	351
"GGB9453_SGB14844"	"dysbiosis_state"	"dysbiosis_CD"	"dysbiosis_statedysbiosis_CD"	-0.323275948078992	0	0.758776678996825	0.670072234746226	0.867340222806199	0.0205907949205447	0.0619030967851331	NA	"prevalence"	685	76
"Vescimonas_coprocola"	"dysbiosis_state"	"dysbiosis_CD"	"dysbiosis_statedysbiosis_CD"	-1.4041659225959	-0.594461452578271	1.90791353548946	0.674715321336249	0.870376477462325	0.00261211225555085	0.0108589238052186	NA	"abundance"	685	206
"Eubacterium_rectale"	"dysbiosis_state"	"dysbiosis_CD"	"dysbiosis_statedysbiosis_CD"	-0.765781011274138	-0.594461452578271	0.374056757286223	0.679078080580011	0.873790042073331	3.71549363370521e-09	1.96583390437858e-07	NA	"abundance"	685	514
"Dorea_longicatena"	"reads"	"reads"	"reads"	-0.163822923358267	-0.207987406172782	0.102463836008997	0.679898580761516	0.873810483676931	0.000151451931090051	0.00107129217506264	NA	"abundance"	685	429
"Bacteroides_cellulosilyticus"	"age"	"age"	"age"	0.0702991455646188	-0.199122639925785	0.66978419051141	0.692681841130449	0.874315753472669	0.0106315698358998	0.0361846411958694	NA	"abundance"	685	167
"Bacteroides_thetaiotaomicron"	"dysbiosis_state"	"dysbiosis_CD"	"dysbiosis_statedysbiosis_CD"	-0.76062290762655	-0.594461452578271	0.379542497611661	0.693027207470111	0.874315753472669	1.34532649628119e-07	4.12094747808237e-06	NA	"abundance"	685	453
"Dorea_longicatena"	"antibiotics"	"Yes"	"antibioticsYes"	-0.31631501771495	-0.163407017474692	0.35268345366032	0.689241272021578	0.874315753472669	0.00138225443425714	0.00664852959287318	NA	"abundance"	685	429
"Fusicatenibacter_saccharivorans"	"reads"	"reads"	"reads"	-0.247473500711612	-0.207987406172782	0.0929183527603438	0.686750153474766	0.874315753472669	0.0004011119598818	0.00251018452313127	NA	"abundance"	685	484
"Vescimonas_coprocola"	"antibiotics"	"Yes"	"antibioticsYes"	-0.404071394970978	-0.163407017474692	0.569265745405945	0.681865553559916	0.874315753472669	0.00766182974712604	0.0270253631080446	NA	"abundance"	685	206
"GGB9480_SGB14874"	"dysbiosis_state"	"dysbiosis_CD"	"dysbiosis_statedysbiosis_CD"	-0.226146467479212	-0.594461452578271	0.938388655922457	0.697276702291432	0.876438077185758	0.000387181598327805	0.00247626033216244	NA	"abundance"	685	162
"Ruminococcus_torques"	"dysbiosis_state"	"dysbiosis_CD"	"dysbiosis_statedysbiosis_CD"	-0.744072292938281	-0.594461452578271	0.344680633888803	0.69994514205657	0.878775056963509	0.0366599442079597	0.0983229840047584	NA	"abundance"	685	463
"Blautia_obeum"	"reads"	"reads"	"reads"	-0.161349908505969	-0.207987406172782	0.120882598157853	0.707276270251944	0.884910172227662	4.65717112780666e-06	6.61091121069141e-05	NA	"abundance"	685	378
"Bacteroides_faecis"	"reads"	"reads"	"reads"	-0.159244832142583	-0.207987406172782	0.13405202500488	0.722854743944999	0.888824084735988	1.14648616609725e-07	3.70697193704778e-06	NA	"abundance"	685	203
"Collinsella_aerofaciens"	"reads"	"reads"	"reads"	-0.168582788776616	-0.207987406172782	0.106684839022501	0.722674441480459	0.888824084735988	7.47374047229534e-07	1.67296805956765e-05	NA	"abundance"	685	288
"Collinsella_SGB14861"	"dysbiosis_state"	"dysbiosis_CD"	"dysbiosis_statedysbiosis_CD"	-0.886805605111386	-0.594461452578271	0.806468726022983	0.72145323582836	0.888824084735988	4.25720389301505e-05	0.000390551599238179	NA	"abundance"	685	273
"Gemmiger_formicilis"	"reads"	"reads"	"reads"	-0.146417788339365	-0.207987406172782	0.169406164501504	0.719632915535864	0.888824084735988	0.00206221264682274	0.00909248303371846	NA	"abundance"	685	191
"GGB3278_SGB4328"	"antibiotics"	"Yes"	"antibioticsYes"	0.407111022931489	-0.163407017474692	1.66277608332595	0.73354059317645	0.89258697304362	0.00655954547224405	0.023776463190748	NA	"abundance"	685	53
"Waltera_intestinalis"	"antibiotics"	"Yes"	"antibioticsYes"	0.0948793232479159	-0.163407017474692	0.742285732745818	0.731707922274038	0.89258697304362	0.00527470679185792	0.019678713800393	NA	"abundance"	685	176
"Parasutterella_SGB9260"	"antibiotics"	"Yes"	"antibioticsYes"	-0.255134679767402	0	0.793886592047184	0.747926821555977	0.903502256073182	0.0254638088407388	0.0714616907483852	NA	"prevalence"	685	92
"Alistipes_dispar"	"dysbiosis_state"	"dysbiosis_CD"	"dysbiosis_statedysbiosis_CD"	-0.310262081765795	0	1.06932999921124	0.77170435984162	0.919946141369922	0.00322286896337682	0.0131168513054917	NA	"prevalence"	685	40
"Alistipes_finegoldii"	"dysbiosis_state"	"dysbiosis_CD"	"dysbiosis_statedysbiosis_CD"	-0.793655643062933	-0.594461452578271	0.704141111212128	0.781940163796393	0.92701033207433	0.00177259725060429	0.00818771110993412	NA	"abundance"	685	280
"Flavonifractor_plautii"	"reads"	"reads"	"reads"	-0.184546968247391	-0.207987406172782	0.0785027772702536	0.781062319318994	0.92701033207433	1.64167899999073e-05	0.000180274939244265	NA	"abundance"	685	559
"Roseburia_inulinivorans"	"antibiotics"	"Yes"	"antibioticsYes"	-0.024530544626535	-0.163407017474692	0.485878185717633	0.786166220847567	0.92701033207433	0.000161433773118659	0.00110534654064776	NA	"abundance"	685	349
"GGB3278_SGB4328"	"dysbiosis_state"	"dysbiosis_CD"	"dysbiosis_statedysbiosis_CD"	-0.289634962373974	-0.594461452578271	1.12899491164264	0.790230664251072	0.930568402892113	0.0293983898514924	0.0807069004413612	NA	"abundance"	685	53
"Ruminococcus_gnavus"	"dysbiosis_state"	"dysbiosis_CD"	"dysbiosis_statedysbiosis_CD"	-0.0964974162400736	0	0.368302088890406	0.793316692613986	0.931499220681363	1.55724941047252e-05	0.000174292145556732	NA	"prevalence"	685	373
"Bacteroides_cellulosilyticus"	"dysbiosis_state"	"dysbiosis_CD"	"dysbiosis_statedysbiosis_CD"	-0.802166065776638	-0.594461452578271	0.785570629203423	0.794767700645521	0.932092573327252	0.000752506100452074	0.00398144136784643	NA	"abundance"	685	167
"Anaerostipes_hadrus"	"antibiotics"	"Yes"	"antibioticsYes"	-0.0777381561949543	-0.163407017474692	0.340071924330746	0.816548817579266	0.945385944446784	0.000616440489519066	0.0034831880087388	NA	"abundance"	685	468
"Bacteroides_eggerthii"	"dysbiosis_state"	"dysbiosis_CD"	"dysbiosis_statedysbiosis_CD"	-0.267819635966443	-0.594461452578271	1.49686337302233	0.827777137765488	0.952294461454788	0.0065773377555162	0.023776463190748	NA	"abundance"	685	119
"Bacteroides_caccae"	"dysbiosis_state"	"dysbiosis_CD"	"dysbiosis_statedysbiosis_CD"	-0.67992728156543	-0.594461452578271	0.372698708555499	0.835828157762708	0.953779136145464	0.000579852240457131	0.0033747400394605	NA	"abundance"	685	408
"Firmicutes_bacterium_AF16_15"	"reads"	"reads"	"reads"	-0.237924956108683	-0.207987406172782	0.138627111134923	0.832351964601767	0.953779136145464	0.000152778780979724	0.00107129217506264	NA	"abundance"	685	331
"GGB3746_SGB5089"	"reads"	"reads"	"reads"	-0.241363019810973	-0.207987406172782	0.159048966409089	0.836093681040959	0.953779136145464	0.000594461360936826	0.00342551002044785	NA	"abundance"	685	242
"Tyzzerella_nexilis"	"dysbiosis_state"	"dysbiosis_CD"	"dysbiosis_statedysbiosis_CD"	0.108896337227661	0	0.545060435478419	0.841646669497177	0.956096530412066	0.0375370946767152	0.0998361331362957	NA	"prevalence"	685	92
"Clostridium_leptum"	"dysbiosis_state"	"dysbiosis_CD"	"dysbiosis_statedysbiosis_CD"	-0.802863060418738	-0.594461452578271	1.11924390080488	0.852885985634753	0.958834555278822	2.63088381906224e-07	7.23376996465098e-06	NA	"abundance"	685	232
"Phocaeicola_dorei"	"reads"	"reads"	"reads"	-0.234132027647968	-0.207987406172782	0.167949108034388	0.877896624038136	0.967275657727701	5.87543953753958e-09	2.8495881757067e-07	NA	"abundance"	685	310
"Roseburia_faecis"	"age"	"age"	"age"	-0.157339056651207	-0.199122639925785	0.244114212232221	0.87374789736568	0.967275657727701	0.011260083789726	0.0370246822916414	NA	"abundance"	685	420
"Veillonella_parvula"	"dysbiosis_state"	"dysbiosis_CD"	"dysbiosis_statedysbiosis_CD"	-0.058628340144517	0	0.419731011182556	0.888912240879122	0.971185808445399	3.40976143841117e-06	5.08841322347512e-05	NA	"prevalence"	685	233
"Fusicatenibacter_saccharivorans"	"antibiotics"	"Yes"	"antibioticsYes"	-0.212061186287719	-0.163407017474692	0.324345030450658	0.891161664346286	0.971688320763119	3.20517942494279e-06	5.08841322347512e-05	NA	"abundance"	685	484
"Lachnospira_sp_NSJ_43"	"antibiotics"	"Yes"	"antibioticsYes"	-0.31483282687434	-0.163407017474692	1.12531083555744	0.89386128211057	0.971705057429508	0.00621136417088416	0.022879835110472	NA	"abundance"	685	59
"Lacrimispora_celerecrescens"	"reads"	"reads"	"reads"	-0.189101443263517	-0.207987406172782	0.137725626740756	0.893225611316478	0.971705057429508	0.0176922387184267	0.0553595856673352	NA	"abundance"	685	286
"Veillonella_dispar"	"dysbiosis_state"	"dysbiosis_CD"	"dysbiosis_statedysbiosis_CD"	-0.0406577774678091	0	0.399672921545406	0.91897287355057	0.980689985426442	1.09587975993913e-06	2.05742587188572e-05	NA	"prevalence"	685	204
"Barnesiella_intestinihominis"	"dysbiosis_state"	"dysbiosis_CD"	"dysbiosis_statedysbiosis_CD"	-0.544309634270679	-0.594461452578271	0.762796636653172	0.948537505987839	0.985027074931346	0.0191063996890297	0.0588355799947897	NA	"abundance"	685	161
"Parasutterella_excrementihominis"	"antibiotics"	"Yes"	"antibioticsYes"	-0.136680883673161	-0.163407017474692	0.377358879191329	0.94703485675552	0.985027074931346	0.0231335518642046	0.0683437928170917	NA	"abundance"	685	242
"Phocaeicola_sartorii"	"antibiotics"	"Yes"	"antibioticsYes"	-0.145918246626837	-0.163407017474692	0.405828369699133	0.967588522431639	0.988879312975907	0.0317718743450671	0.0860057249712979	NA	"abundance"	685	205
"Clostridium_sp_AF34_10BH"	"reads"	"reads"	"reads"	-0.211805985289037	-0.207987406172782	0.129340083002715	0.977002096059498	0.992392222774641	5.66408540359603e-06	7.49204023839293e-05	NA	"abundance"	685	377
"Dysosmobacter_welbionis"	"reads"	"reads"	"reads"	-0.205619912137933	-0.207987406172782	0.0740558254903495	0.976649338104747	0.992392222774641	3.10470089786231e-06	5.08841322347512e-05	NA	"abundance"	685	524
"Alistipes_shahii"	"reads"	"reads"	"reads"	-0.00445933515123748	0	0.159717462441939	0.977725839117892	0.992392222774641	0.0255395733258834	0.0714616907483852	NA	"prevalence"	685	255
"Veillonella_dispar"	"antibiotics"	"Yes"	"antibioticsYes"	-0.144120862254073	-0.163407017474692	0.716901838004583	0.978861977219695	0.992571528721371	0.00229727289838754	0.00990379871749297	NA	"abundance"	685	204
"Dialister_invisus"	"reads"	"reads"	"reads"	-0.208524956394207	-0.207987406172782	0.109667252433649	0.996234021401599	0.999085395090895	0.00889607649240676	0.0308185507058377	NA	"abundance"	685	350
"Clostridiaceae_bacterium"	"reads"	"reads"	"reads"	-0.207935095432061	-0.207987406172782	0.099501203771892	0.999598420199521	1	9.470301858531e-06	0.000119819906123153	NA	"abundance"	685	465
"Dorea_longicatena"	"dysbiosis_state"	"dysbiosis_CD"	"dysbiosis_statedysbiosis_CD"	-0.594461452578271	-0.594461452578271	0.380991939733535	1	1	9.17892554759509e-07	1.78249845229484e-05	NA	"abundance"	685	429
"Faecalibacterium_SGB15346"	"reads"	"reads"	"reads"	-0.208039716913503	-0.207987406172782	0.126874726124389	0.999678852313537	1	0.0124817249051277	0.0403575771932461	NA	"abundance"	685	318
"Firmicutes_bacterium_AF16_15"	"dysbiosis_state"	"dysbiosis_CD"	"dysbiosis_statedysbiosis_CD"	-2.31006306766981	0	0.484284791640249	1.8417944673454e-06	4.87850924765146e-05	0.0039722124985344	0.0157267188717484	"Prevalence association possibly induced 
by stronger abundance association"	"prevalence"	685	331
"Dysosmobacter_sp_BX15"	"dysbiosis_state"	"dysbiosis_CD"	"dysbiosis_statedysbiosis_CD"	-2.93602203958828	0	0.650647551505802	6.40795629312771e-06	0.000136451775183073	0.00102939735977933	0.00516473502923766	"Prevalence association possibly induced 
by stronger abundance association"	"prevalence"	685	241
"Faecalibacterium_SGB15346"	"dysbiosis_state"	"dysbiosis_CD"	"dysbiosis_statedysbiosis_CD"	-2.71811145680584	0	0.650107591426125	2.90207053683279e-05	0.000450235514714344	8.13628645452194e-05	0.00066071284229051	"Prevalence association possibly induced 
by stronger abundance association"	"prevalence"	685	318
"Klebsiella_pneumoniae"	"dysbiosis_state"	"dysbiosis_CD"	"dysbiosis_statedysbiosis_CD"	1.5140210321368	0	0.367157553971045	3.72951659906941e-05	0.000532928292972287	3.06817116251609e-05	0.000297612602764061	"Prevalence association possibly induced 
by stronger abundance association"	"prevalence"	685	76
"Bacteroides_stercoris"	"dysbiosis_state"	"dysbiosis_CD"	"dysbiosis_statedysbiosis_CD"	-2.05909497189561	0	0.540303993084755	0.000138409441986765	0.00153380259181251	0.00121604616688689	0.00594738545485857	"Prevalence association possibly induced 
by stronger abundance association"	"prevalence"	685	326
"Firmicutes_bacterium_AF16_15"	"age"	"age"	"age"	-1.18744013192385	0	0.35769620236965	0.000901177952753496	0.00709187867166882	0.000185881026678403	0.00125793904100966	"Prevalence association possibly induced 
by stronger abundance association"	"prevalence"	685	331
"Lachnospira_pectinoschiza"	"antibiotics"	"Yes"	"antibioticsYes"	-1.48124589731659	0	0.454287547654841	0.00111180277806742	0.00822970275325664	0.00259148466726778	0.0108506768082723	"Prevalence association possibly induced 
by stronger abundance association"	"prevalence"	685	189
"Escherichia_coli"	"dysbiosis_state"	"dysbiosis_CD"	"dysbiosis_statedysbiosis_CD"	1.0761879241214	0	0.359260649175755	0.002739386667571	0.0171963810461393	3.73349625530324e-08	1.46901824921457e-06	"Prevalence association possibly induced 
by stronger abundance association"	"prevalence"	685	327
"Lactobacillus_acidophilus"	"dysbiosis_state"	"dysbiosis_CD"	"dysbiosis_statedysbiosis_CD"	2.04401980798202	0	0.735599389204231	0.00545746692600626	0.0301579873377122	0.000505636688570848	0.00309769002892877	"Prevalence association possibly induced 
by stronger abundance association"	"prevalence"	685	23
"GGB33469_SGB15236"	"dysbiosis_state"	"dysbiosis_CD"	"dysbiosis_statedysbiosis_CD"	-2.30312503891377	0	0.925153416924716	0.0127940187573052	0.0584003473993388	9.18813635203524e-07	1.78249845229484e-05	"Prevalence association possibly induced 
by stronger abundance association"	"prevalence"	685	108
"Enterocloster_clostridioformis"	"age"	"age"	"age"	1.13744396823094	0	0.518542446916729	0.0282684446935576	0.11497951661874	0.000392398711504639	0.00248234837060543	"Prevalence association possibly induced 
by stronger abundance association"	"prevalence"	685	183
"Bacteroides_salyersiae"	"dysbiosis_state"	"dysbiosis_CD"	"dysbiosis_statedysbiosis_CD"	-2.57206332627836	0	1.24409087672113	0.0386942194969132	0.143036016107446	0.0121376021675777	0.0394641590029621	"Prevalence association possibly induced 
by stronger abundance association"	"prevalence"	685	68
"Clostridium_sp_AM22_11AC"	"antibiotics"	"Yes"	"antibioticsYes"	1.03058773310538	0	0.519930711327254	0.0474609326252493	0.166804442818837	0.00161658504502657	0.00761615455795816	"Prevalence association possibly induced 
by stronger abundance association"	"prevalence"	685	285
"Parasutterella_SGB9260"	"dysbiosis_state"	"dysbiosis_CD"	"dysbiosis_statedysbiosis_CD"	-2.49546822250557	0	1.26862299164293	0.0491753235249633	0.170077711299714	0.00198609844594644	0.00882373508046432	"Prevalence association possibly induced 
by stronger abundance association"	"prevalence"	685	92
"Bacteroides_finegoldii"	"antibiotics"	"Yes"	"antibioticsYes"	0.977444099716521	0	0.578294592823132	0.0909861998670602	0.264200569667453	0.00509610670078824	0.0192593123367451	"Prevalence association possibly induced 
by stronger abundance association"	"prevalence"	685	97
"GGB16040_SGB9347"	"antibiotics"	"Yes"	"antibioticsYes"	1.18591375314402	0	0.758213548769148	0.117796581583913	0.312390047424006	0.000664196181798171	0.00357927942413459	"Prevalence association possibly induced 
by stronger abundance association"	"prevalence"	685	42
"Roseburia_sp_AF02_12"	"dysbiosis_state"	"dysbiosis_CD"	"dysbiosis_statedysbiosis_CD"	-0.873995663030666	0	0.642281584304978	0.173587295049462	0.398124093603295	0.0316747948502991	0.0860057249712979	"Prevalence association possibly induced 
by stronger abundance association"	"prevalence"	685	100
"Enterocloster_bolteae"	"age"	"age"	"age"	0.505025784223844	0	0.379183163598004	0.182900220161283	0.414675655731008	0.00645481040198698	0.0236270418487825	"Prevalence association possibly induced 
by stronger abundance association"	"prevalence"	685	423
"Alistipes_onderdonkii"	"antibiotics"	"Yes"	"antibioticsYes"	-0.74677417281853	0	0.56508578119317	0.186326852407142	0.418080499409413	0.0247886410585304	0.0714207380993302	"Prevalence association possibly induced 
by stronger abundance association"	"prevalence"	685	348
"Faecalibacterium_SGB15315"	"antibiotics"	"Yes"	"antibioticsYes"	-0.593757412253648	0	0.477812085331668	0.213993576992016	0.455680440418293	0.000624041727305631	0.0034922335124219	"Prevalence association possibly induced 
by stronger abundance association"	"prevalence"	685	224
"GGB1266_SGB1699"	"age"	"age"	"age"	-0.644798227915546	0	0.846658114509603	0.446310474772595	0.704495894771857	0.0114867352851544	0.0375577524492128	"Prevalence association possibly induced 
by stronger abundance association"	"prevalence"	685	29
"Bifidobacterium_adolescentis"	"antibiotics"	"Yes"	"antibioticsYes"	-0.357328227565797	0	0.526593012172838	0.49741275508832	0.736958051877102	0.0052378256608697	0.0196671905459753	"Prevalence association possibly induced 
by stronger abundance association"	"prevalence"	685	117
"Haemophilus_parainfluenzae"	"dysbiosis_state"	"dysbiosis_CD"	"dysbiosis_statedysbiosis_CD"	0.157968955209922	0	0.369274758110788	0.668810117833245	0.866739603779122	0.000114233596147238	0.000886452706102569	"Prevalence association possibly induced 
by stronger abundance association"	"prevalence"	685	276
"Bacteroides_thetaiotaomicron"	"antibiotics"	"Yes"	"antibioticsYes"	0.155430618706898	0	0.519745905912745	0.764901006688363	0.916868094109891	0.00190471467734935	0.00859336389315754	"Prevalence association possibly induced 
by stronger abundance association"	"prevalence"	685	453
"Lactobacillus_acidophilus"	"age"	"age"	"age"	-0.0478875522441407	0	0.509072052306613	0.925054886480636	0.982983959606625	0.000646572460304	0.00355004879148046	"Prevalence association possibly induced 
by stronger abundance association"	"prevalence"	685	23
"GGB9342_SGB14306"	"antibiotics"	"Yes"	"antibioticsYes"	NA	NA	NA	NA	NA	0.00825329493390293	0.0287629799492905	"contrasts can be applied only to factors with 2 or more levels"	"abundance"	685	35
"Prevotella_marseillensis"	"antibiotics"	"Yes"	"antibioticsYes"	NA	NA	NA	NA	NA	0.0036964183438499	0.0147350375076756	"contrasts can be applied only to factors with 2 or more levels"	"abundance"	685	5
"Ruminococcus_sp_BSD2780120874_150323_B10"	"reads"	"reads"	"reads"	NA	NA	NA	NA	NA	0.0198402342697759	0.0607737702368924	"contrasts can be applied only to factors with 2 or more levels"	"abundance"	685	49
